datetime,time,module_current,q,module_temperature,module_temperature2,module_voltage,cell_voltage_1,cell_voltage_2,cell_voltage_3,cell_voltage_4,cell_voltage_5,cell_voltage_6,cell_voltage_7,cell_voltage_8,cell_voltage_9,cell_voltage_10,cell_voltage_11,cell_voltage_12
2025-07-21T15:30:00.0,0.0,40.349998474121094,0.0,20.059999465942383,19.989999771118164,47.025894555719965,3.9019999504089355,3.9059998989105225,3.9110000133514404,3.9260001182556152,3.9230000972747803,3.927000045776367,3.934000015258789,3.927999973297119,3.930000066757202,3.931999921798706,3.933000087738037,3.930999994277954
2025-07-21T15:30:10.0,10.0,38.82347620047775,0.11069047276073007,20.059999465942383,19.989999771118164,47.06999969482422,3.9040000438690186,3.9079999923706055,3.9119999408721924,3.927999973297119,3.9260001182556152,3.930000066757202,3.934999942779541,3.930000066757202,3.931999921798706,3.934000015258789,3.934999942779541,3.933000087738037
2025-07-21T15:30:20.0,20.0,39.33452782724418,0.2160124563100596,20.06424257422642,19.989999771118164,47.09092226215437,3.9059998989105225,3.9110000133514404,3.9149999618530273,3.930000066757202,3.927999973297119,3.931999921798706,3.937999963760376,3.931999921798706,3.934999942779541,3.936000108718872,3.937999963760376,3.934999942779541
2025-07-21T15:30:30.0,30.0,39.08000183105469,0.3241961604902479,20.071398861270705,19.99069935434141,47.18000030517578,3.9079999923706055,3.9119999408721924,3.9170000553131104,3.931999921798706,3.930000066757202,3.934000015258789,3.940000057220459,3.934999942779541,3.937000036239624,3.938999891281128,3.940000057220459,3.937999963760376
2025-07-21T15:30:40.0,40.0,37.04999923706055,0.431340305439631,20.084318219040664,19.997159033226385,47.099998474121094,3.9089999198913574,3.9130001068115234,3.9179999828338623,3.933000087738037,3.930999994277954,3.934999942779541,3.940000057220459,3.934999942779541,3.937999963760376,3.938999891281128,3.940000057220459,3.937999963760376
2025-07-21T15:30:50.0,50.0,-0.0,0.4529635411053996,20.09000015258789,20.003621285209828,46.47999954223633,3.871999979019165,3.878000020980835,3.88100004196167,3.8980000019073486,3.8959999084472656,3.8989999294281006,3.9010000228881836,3.8989999294281006,3.9000000953674316,3.9019999504089355,3.9019999504089355,3.9010000228881836
2025-07-21T15:31:00.0,60.0,-0.009999999776482582,0.45297639388289035,20.09000015258789,20.010000228881836,46.439998626708984,3.867000102996826,3.872999906539917,3.875999927520752,3.8929998874664307,3.8910000324249268,3.8940000534057617,3.8959999084472656,3.8940000534057617,3.8959999084472656,3.8970000743865967,3.8970000743865967,3.8970000743865967
2025-07-21T15:31:10.0,70.0,0.009999999776482582,0.4529661327720085,20.09000015258789,20.010000228881836,46.41999816894531,3.865000009536743,3.871000051498413,3.874000072479248,3.890000104904175,3.8889999389648438,3.8910000324249268,3.8940000534057617,3.8919999599456787,3.8940000534057617,3.8940000534057617,3.8949999809265137,3.8940000534057617
2025-07-21T15:31:20.0,80.0,-0.0,0.4529824022160893,20.09000015258789,20.010000228881836,46.38925618190392,3.86299991607666,3.86899995803833,3.871999979019165,3.8889999389648438,3.88700008392334,3.8889999389648438,3.8919999599456787,3.890000104904175,3.8919999599456787,3.8929998874664307,3.8929998874664307,3.8929998874664307
2025-07-21T15:31:30.0,90.0,-0.0,0.4529824022160893,20.09000015258789,20.010000228881836,46.369998931884766,3.8610000610351562,3.867000102996826,3.869999885559082,3.88700008392334,3.884999990463257,3.888000011444092,3.890000104904175,3.888000011444092,3.890000104904175,3.8910000324249268,3.8910000324249268,3.8910000324249268
2025-07-21T15:31:40.0,100.0,8.39858413299954,0.4529824022160893,20.09000015258789,20.010000228881836,46.54915440678984,3.859999895095825,3.865999937057495,3.86899995803833,3.885999917984009,3.884000062942505,3.88700008392334,3.8889999389648438,3.88700008392334,3.8889999389648438,3.890000104904175,3.890000104904175,3.8889999389648438
2025-07-21T15:31:50.0,110.0,39.36000061035156,0.5345353961123616,20.08753253848844,20.010000228881836,47.076799021203534,3.8589999675750732,3.865000009536743,3.868000030517578,3.924999952316284,3.9230000972747803,3.9260001182556152,3.933000087738037,3.927999973297119,3.930000066757202,3.931999921798706,3.933000087738037,3.930999994277954
2025-07-21T15:32:00.0,120.0,37.46284931182861,0.6431014192841045,20.08107619599904,20.010000228881836,47.08559908185686,3.9040000438690186,3.9089999198913574,3.9119999408721924,3.928999900817871,3.9260001182556152,3.930000066757202,3.934999942779541,3.930000066757202,3.933000087738037,3.934000015258789,3.934999942779541,3.933000087738037
2025-07-21T15:32:10.0,130.0,36.709999084472656,0.7453621045711558,20.079999923706055,20.010000228881836,47.13999938964844,3.9059998989105225,3.9110000133514404,3.9149999618530273,3.930999994277954,3.928999900817871,3.933000087738037,3.937999963760376,3.933000087738037,3.934999942779541,3.937000036239624,3.937999963760376,3.936000108718872
2025-07-21T15:32:20.0,140.0,37.099998474121094,0.8453618164958154,20.081891351552045,20.011891656727826,47.16999816894531,3.9089999198913574,3.9140000343322754,3.9179999828338623,3.934000015258789,3.931999921798706,3.934999942779541,3.940999984741211,3.936000108718872,3.937999963760376,3.938999891281128,3.940000057220459,3.938999891281128
2025-07-21T15:32:30.0,150.0,34.84000015258789,0.9435564880895875,20.088364410573234,20.018364715749016,47.11000061035156,3.9110000133514404,3.9159998893737793,3.9200000762939453,3.936000108718872,3.934000015258789,3.937000036239624,3.943000078201294,3.937999963760376,3.940000057220459,3.941999912261963,3.941999912261963,3.940999984741211
2025-07-21T15:32:40.0,160.0,25.741953337579695,1.0420365868626962,20.09482466585025,20.02482497102603,47.167356933534265,3.9110000133514404,3.9159998893737793,3.9200000762939453,3.936000108718872,3.934000015258789,3.937000036239624,3.943000078201294,3.937999963760376,3.940000057220459,3.941999912261963,3.941999912261963,3.940999984741211
2025-07-21T15:32:50.0,170.0,-0.0,1.0532494530052872,20.100000381469727,20.030000686645508,46.53799424523392,3.877000093460083,3.882999897003174,3.885999917984009,3.9030001163482666,3.9010000228881836,3.9040000438690186,3.9059998989105225,3.9040000438690186,3.9059998989105225,3.9059998989105225,3.9059998989105225,3.9059998989105225
2025-07-21T15:33:00.0,180.0,-0.0,1.0532494530052872,20.100000381469727,20.030000686645508,46.5099983215332,3.871999979019165,3.878000020980835,3.881999969482422,3.8980000019073486,3.8959999084472656,3.8989999294281006,3.9010000228881836,3.9000000953674316,3.9010000228881836,3.9019999504089355,3.9030001163482666,3.9019999504089355
2025-07-21T15:33:10.0,190.0,0.019999999552965164,1.0532645530049494,20.100000381469727,20.034122685750326,46.48613157085344,3.869999885559082,3.875999927520752,3.878999948501587,3.8959999084472656,3.8940000534057617,3.8970000743865967,3.8989999294281006,3.8970000743865967,3.8989999294281006,3.9000000953674316,3.9000000953674316,3.8989999294281006
2025-07-21T15:33:20.0,200.0,-0.0,1.0533024807818796,20.100000381469727,20.040000915527344,46.470001220703125,3.868000030517578,3.874000072479248,3.877000093460083,3.8940000534057617,3.8919999599456787,3.8949999809265137,3.8970000743865967,3.8949999809265137,3.8970000743865967,3.8980000019073486,3.8989999294281006,3.8980000019073486
2025-07-21T15:33:30.0,210.0,0.009999999776482582,1.053313683559407,20.100000381469727,20.040000915527344,46.43540462668425,3.868000030517578,3.874000072479248,3.877000093460083,3.8940000534057617,3.8919999599456787,3.8949999809265137,3.8970000743865967,3.8949999809265137,3.8970000743865967,3.8980000019073486,3.8980000019073486,3.8980000019073486
2025-07-21T15:33:40.0,220.0,0.016901960406525533,1.0533191196703964,20.100000381469727,20.040000915527344,46.419744548922274,3.865000009536743,3.871999979019165,3.875,3.8919999599456787,3.8889999389648438,3.8919999599456787,3.8949999809265137,3.8929998874664307,3.8940000534057617,3.8949999809265137,3.8959999084472656,3.8949999809265137
2025-07-21T15:33:50.0,230.0,35.81748357861248,1.137223975998535,20.100000381469727,20.040000915527344,47.01154276361529,3.9030001163482666,3.9079999923706055,3.9119999408721924,3.928999900817871,3.9260001182556152,3.930000066757202,3.934999942779541,3.930000066757202,3.931999921798706,3.934000015258789,3.934000015258789,3.933000087738037
2025-07-21T15:34:00.0,240.0,32.827462832958666,1.2326361205662364,20.09366409655062,20.040000915527344,47.02000045776367,3.9049999713897705,3.9100000858306885,3.9140000343322754,3.930000066757202,3.927999973297119,3.930999994277954,3.937000036239624,3.931999921798706,3.934000015258789,3.934999942779541,3.936000108718872,3.934000015258789
2025-07-21T15:34:10.0,250.0,31.75403270472108,1.3225164177518165,20.09280034562682,20.040000915527344,47.09000015258789,3.9070000648498535,3.9119999408721924,3.9159998893737793,3.931999921798706,3.928999900817871,3.933000087738037,3.937999963760376,3.933000087738037,3.936000108718872,3.937000036239624,3.937999963760376,3.936000108718872
2025-07-21T15:34:20.0,260.0,31.33383038215388,1.410896247496579,20.09924794645328,20.040000915527344,47.07646620468249,3.9070000648498535,3.9119999408721924,3.9159998893737793,3.933000087738037,3.930000066757202,3.934000015258789,3.938999891281128,3.934000015258789,3.936000108718872,3.937999963760376,3.938999891281128,3.937000036239624
2025-07-21T15:34:30.0,270.0,30.745577599166275,1.4969096450551094,20.100000381469727,20.045698668695266,47.113917308011715,3.9110000133514404,3.9159998893737793,3.9200000762939453,3.934999942779541,3.933000087738037,3.937000036239624,3.941999912261963,3.937000036239624,3.938999891281128,3.940999984741211,3.941999912261963,3.940000057220459
2025-07-21T15:34:40.0,280.0,31.850000381469727,1.5834208026096297,20.100000381469727,20.049999237060547,47.18000030517578,3.9110000133514404,3.9159998893737793,3.9210000038146973,3.936000108718872,3.934000015258789,3.937999963760376,3.943000078201294,3.937999963760376,3.940999984741211,3.941999912261963,3.941999912261963,3.940999984741211
2025-07-21T15:34:50.0,290.0,21.440000534057617,1.6554064625300047,20.100000381469727,20.049999237060547,47.06878019634046,3.9040000438690186,3.9089999198913574,3.9130001068115234,3.927999973297119,3.927000045776367,3.930000066757202,3.934000015258789,3.930000066757202,3.931999921798706,3.934000015258789,3.934000015258789,3.931999921798706
2025-07-21T15:35:00.0,300.0,19.93000030517578,1.7130472603967197,20.100000381469727,20.049999237060547,46.946351713292735,3.9019999504089355,3.9070000648498535,3.9119999408721924,3.9260001182556152,3.9240000247955322,3.927999973297119,3.931999921798706,3.927999973297119,3.930000066757202,3.931999921798706,3.931999921798706,3.930000066757202
2025-07-21T15:35:10.0,310.0,18.690000534057617,1.7659752280240335,20.100000381469727,20.049999237060547,46.880001068115234,3.9000000953674316,3.9059998989105225,3.9100000858306885,3.924999952316284,3.9230000972747803,3.9260001182556152,3.930000066757202,3.9260001182556152,3.928999900817871,3.930000066757202,3.930000066757202,3.928999900817871
2025-07-21T15:35:20.0,320.0,17.6299991607666,1.8163657886414795,20.100000381469727,20.049999237060547,46.9900016784668,3.8989999294281006,3.9049999713897705,3.9089999198913574,3.9240000247955322,3.921999931335449,3.924999952316284,3.928999900817871,3.9260001182556152,3.927999973297119,3.928999900817871,3.928999900817871,3.927999973297119
2025-07-21T15:35:30.0,330.0,16.649744726941478,1.8642023879988727,20.100000381469727,20.049999237060547,46.88999938964844,3.8989999294281006,3.9049999713897705,3.9089999198913574,3.9230000972747803,3.921999931335449,3.924999952316284,3.928999900817871,3.924999952316284,3.927000045776367,3.928999900817871,3.928999900817871,3.927000045776367
2025-07-21T15:35:40.0,340.0,16.50093333244324,1.9104216731632828,20.101615902316187,20.051614757907007,46.887710517694146,3.8989999294281006,3.9049999713897705,3.9089999198913574,3.9230000972747803,3.9210000038146973,3.9240000247955322,3.927999973297119,3.924999952316284,3.927000045776367,3.927999973297119,3.927999973297119,3.927000045776367
2025-07-21T15:35:50.0,350.0,0.005762589799253599,1.9230813426058893,20.114519423454038,20.064518279044858,46.60138718024336,3.880000114440918,3.88700008392334,3.890000104904175,3.9049999713897705,3.9040000438690186,3.9059998989105225,3.9089999198913574,3.9070000648498535,3.9079999923706055,3.9100000858306885,3.9089999198913574,3.9089999198913574
2025-07-21T15:36:00.0,360.0,-0.0,1.923079317605934,20.1200008392334,20.06999969482422,46.58000183105469,3.878000020980835,3.884999990463257,3.888000011444092,3.9030001163482666,3.9010000228881836,3.9040000438690186,3.9059998989105225,3.9040000438690186,3.9059998989105225,3.9079999923706055,3.9079999923706055,3.9070000648498535
2025-07-21T15:36:10.0,370.0,0.019999999552965164,1.9231123898274172,20.1200008392334,20.06999969482422,46.560001373291016,3.875999927520752,3.882999897003174,3.885999917984009,3.9010000228881836,3.8989999294281006,3.9019999504089355,3.9049999713897705,3.9030001163482666,3.9049999713897705,3.9059998989105225,3.9059998989105225,3.9049999713897705
2025-07-21T15:36:20.0,380.0,0.019999999552965164,1.9231594453819216,20.1200008392334,20.06999969482422,46.520758645051444,3.875999927520752,3.881999969482422,3.884999990463257,3.9010000228881836,3.8989999294281006,3.9019999504089355,3.9040000438690186,3.9019999504089355,3.9040000438690186,3.9049999713897705,3.9049999713897705,3.9040000438690186
2025-07-21T15:36:30.0,390.0,0.009999999776482582,1.92321168704742,20.116883147385085,20.06999969482422,46.52000045776367,3.872999906539917,3.880000114440918,3.882999897003174,3.8989999294281006,3.8970000743865967,3.8989999294281006,3.9019999504089355,3.9000000953674316,3.9010000228881836,3.9030001163482666,3.9019999504089355,3.9019999504089355
2025-07-21T15:36:40.0,400.0,-0.0,1.9232254842693344,20.110430970546684,20.06999969482422,46.5,3.871999979019165,3.878999948501587,3.881999969482422,3.8970000743865967,3.8949999809265137,3.8980000019073486,3.9000000953674316,3.8980000019073486,3.9000000953674316,3.9010000228881836,3.9010000228881836,3.9000000953674316
2025-07-21T15:36:50.0,410.0,-0.005335483751710333,1.9232438926022555,20.10404450721473,20.06999969482422,46.4900016784668,3.871000051498413,3.878000020980835,3.88100004196167,3.8959999084472656,3.8949999809265137,3.8970000743865967,3.8989999294281006,3.8970000743865967,3.8989999294281006,3.9000000953674316,3.9000000953674316,3.8989999294281006
2025-07-21T15:37:00.0,420.0,-0.0,1.9232415953800848,20.100000381469727,20.06999969482422,46.47999954223633,3.869999885559082,3.877000093460083,3.880000114440918,3.8949999809265137,3.8929998874664307,3.8959999084472656,3.8980000019073486,3.8959999084472656,3.8980000019073486,3.8989999294281006,3.8989999294281006,3.8980000019073486
2025-07-21T15:37:10.0,430.0,-0.0,1.9232415953800848,20.100000381469727,20.06999969482422,46.47999954223633,3.86899995803833,3.875999927520752,3.878999948501587,3.8949999809265137,3.8929998874664307,3.8949999809265137,3.8980000019073486,3.8959999084472656,3.8980000019073486,3.8980000019073486,3.8980000019073486,3.8980000019073486
2025-07-21T15:37:20.0,440.0,0.019999999552965164,1.9232980009343796,20.09468898966377,20.06999969482422,46.470001220703125,3.86899995803833,3.875999927520752,3.878999948501587,3.8940000534057617,3.8919999599456787,3.8949999809265137,3.8970000743865967,3.8949999809265137,3.8959999084472656,3.8970000743865967,3.8970000743865967,3.8959999084472656
2025-07-21T15:37:30.0,450.0,-0.006084415448418294,1.9233443370444547,20.09000015258789,20.06999969482422,46.45000076293945,3.867000102996826,3.875,3.877000093460083,3.8929998874664307,3.8910000324249268,3.8929998874664307,3.8959999084472656,3.8940000534057617,3.8959999084472656,3.8959999084472656,3.8959999084472656,3.8959999084472656
2025-07-21T15:37:40.0,460.0,0.019999999552965164,1.9233502787109886,20.09000015258789,20.06999969482422,46.439998626708984,3.867000102996826,3.874000072479248,3.875999927520752,3.8929998874664307,3.890000104904175,3.8929998874664307,3.8949999809265137,3.8929998874664307,3.8949999809265137,3.8959999084472656,3.8959999084472656,3.8949999809265137
2025-07-21T15:37:50.0,470.0,34.22999954223633,1.9886958432654458,20.08532821103276,20.06999969482422,47.06999969482422,3.9040000438690186,3.9089999198913574,3.9130001068115234,3.928999900817871,3.9260001182556152,3.928999900817871,3.934000015258789,3.928999900817871,3.931999921798706,3.933000087738037,3.934000015258789,3.931999921798706
2025-07-21T15:38:00.0,480.0,34.220001220703125,2.084192530059939,20.079999923706055,20.06999969482422,47.08000183105469,3.9070000648498535,3.9130001068115234,3.9159998893737793,3.931999921798706,3.930000066757202,3.933000087738037,3.937999963760376,3.933000087738037,3.934999942779541,3.937000036239624,3.937000036239624,3.936000108718872
2025-07-21T15:38:10.0,490.0,33.50345105937883,2.1786463097647744,20.079999923706055,20.06999969482422,47.11241735863639,3.9089999198913574,3.9149999618530273,3.9179999828338623,3.934000015258789,3.930999994277954,3.934999942779541,3.940000057220459,3.934999942779541,3.937000036239624,3.938999891281128,3.938999891281128,3.937000036239624
2025-07-21T15:38:20.0,500.0,33.991588816923255,2.2721844411353187,20.084089662223604,20.07408943334177,47.174431550269034,3.9130001068115234,3.9189999103546143,3.921999931335449,3.937999963760376,3.934999942779541,3.938999891281128,3.944000005722046,3.938999891281128,3.941999912261963,3.943000078201294,3.944000005722046,3.941999912261963
2025-07-21T15:38:30.0,510.0,34.13999938964844,2.3665811842538167,20.09055701287834,20.079999923706055,47.209999084472656,3.9179999828338623,3.9230000972747803,3.927000045776367,3.941999912261963,3.938999891281128,3.943000078201294,3.947999954223633,3.943000078201294,3.944999933242798,3.946000099182129,3.947000026702881,3.944999933242798
2025-07-21T15:38:40.0,520.0,34.15999984741211,2.461070098827274,20.097017109055237,20.079999923706055,47.2599983215332,3.9200000762939453,3.9260001182556152,3.928999900817871,3.944000005722046,3.941999912261963,3.944999933242798,3.950000047683716,3.944999933242798,3.947000026702881,3.9489998817443848,3.9489998817443848,3.947000026702881
2025-07-21T15:38:50.0,530.0,36.94656055176181,2.561079831775154,20.100000381469727,20.079999923706055,47.32253618427352,3.9260001182556152,3.930999994277954,3.934999942779541,3.9489998817443848,3.947000026702881,3.950000047683716,3.9549999237060547,3.950000047683716,3.953000068664551,3.9539999961853027,3.9549999237060547,3.9519999027252197
2025-07-21T15:39:00.0,540.0,35.34000015258789,2.6632810772716917,20.100000381469727,20.079999923706055,47.310001373291016,3.927000045776367,3.931999921798706,3.936000108718872,3.9489998817443848,3.947999954223633,3.9509999752044678,3.9560000896453857,3.9509999752044678,3.953000068664551,3.9549999237060547,3.9549999237060547,3.953000068664551
2025-07-21T15:39:10.0,550.0,34.68265702849941,2.7605067927669076,20.106446112747186,20.086445654983514,47.34000015258789,3.927999973297119,3.933000087738037,3.937000036239624,3.950000047683716,3.947999954223633,3.9509999752044678,3.9570000171661377,3.9509999752044678,3.9539999961853027,3.9560000896453857,3.9560000896453857,3.9539999961853027
2025-07-21T15:39:20.0,560.0,34.13999938964844,2.855597741364498,20.11293179013463,20.09000015258789,47.349998474121094,3.928999900817871,3.934999942779541,3.937999963760376,3.9509999752044678,3.9489998817443848,3.9519999027252197,3.9579999446868896,3.9519999027252197,3.9549999237060547,3.9570000171661377,3.9570000171661377,3.9549999237060547
2025-07-21T15:39:30.0,570.0,33.619998931884766,2.94995814237501,20.119412399869475,20.09000015258789,47.36000061035156,3.931999921798706,3.936000108718872,3.940000057220459,3.9519999027252197,3.9509999752044678,3.9539999961853027,3.9590001106262207,3.9539999961853027,3.9570000171661377,3.9579999446868896,3.9579999446868896,3.9560000896453857
2025-07-21T15:39:40.0,580.0,33.599998474121094,3.043482234520507,20.12588464113501,20.09588507692405,47.36000061035156,3.934000015258789,3.937999963760376,3.941999912261963,3.9539999961853027,3.9519999027252197,3.9549999237060547,3.9600000381469727,3.9549999237060547,3.9579999446868896,3.9590001106262207,3.9600000381469727,3.9579999446868896
2025-07-21T15:39:50.0,590.0,35.79999923706055,3.1400145109082516,20.1299991607666,20.100000381469727,47.40999984741211,3.937000036239624,3.940999984741211,3.944999933242798,3.9560000896453857,3.9549999237060547,3.9579999446868896,3.9630000591278076,3.9579999446868896,3.9609999656677246,3.9619998931884766,3.9619998931884766,3.9600000381469727
2025-07-21T15:40:00.0,600.0,33.451796784743784,3.2366798038759415,20.1299991607666,20.100000381469727,47.38999938964844,3.936000108718872,3.940999984741211,3.944999933242798,3.9560000896453857,3.9539999961853027,3.9579999446868896,3.9619998931884766,3.9570000171661377,3.9600000381469727,3.9619998931884766,3.9619998931884766,3.9600000381469727
2025-07-21T15:40:10.0,610.0,32.1684622446696,3.3274445791362313,20.13528249620696,20.100000381469727,47.38999938964844,3.936000108718872,3.940999984741211,3.944999933242798,3.9549999237060547,3.9539999961853027,3.9570000171661377,3.9619998931884766,3.9570000171661377,3.9600000381469727,3.9619998931884766,3.9619998931884766,3.9590001106262207
2025-07-21T15:40:20.0,620.0,31.209999084472656,3.4157088465882595,20.14175567218385,20.10175666400514,47.38999938964844,3.937000036239624,3.940999984741211,3.944999933242798,3.9549999237060547,3.9539999961853027,3.9570000171661377,3.9619998931884766,3.9570000171661377,3.9600000381469727,3.9619998931884766,3.9619998931884766,3.9590001106262207
2025-07-21T15:40:30.0,630.0,30.979999542236328,3.5020428476430228,20.14820784902225,20.108208840843538,47.400001525878906,3.937999963760376,3.940999984741211,3.944999933242798,3.9549999237060547,3.9539999961853027,3.9570000171661377,3.9619998931884766,3.9570000171661377,3.9600000381469727,3.9619998931884766,3.9619998931884766,3.9590001106262207
2025-07-21T15:40:40.0,640.0,30.415221510993117,3.5871104769586113,20.149999618530273,20.110000610351562,47.369998931884766,3.937999963760376,3.941999912261963,3.946000099182129,3.9549999237060547,3.9539999961853027,3.9579999446868896,3.9619998931884766,3.9570000171661377,3.9600000381469727,3.9619998931884766,3.9619998931884766,3.9600000381469727
2025-07-21T15:40:50.0,650.0,35.33000183105469,3.6797555569861915,20.151121478522718,20.110000610351562,47.47999954223633,3.944000005722046,3.947000026702881,3.9509999752044678,3.9609999656677246,3.9590001106262207,3.9630000591278076,3.9679999351501465,3.9619998931884766,3.9649999141693115,3.9670000076293945,3.9670000076293945,3.9649999141693115
2025-07-21T15:41:00.0,660.0,33.79999923706055,3.775609643996681,20.15759873021119,20.110000610351562,47.469955459295534,3.944000005722046,3.947000026702881,3.9509999752044678,3.9609999656677246,3.9600000381469727,3.9630000591278076,3.9679999351501465,3.9619998931884766,3.9649999141693115,3.9670000076293945,3.9679999351501465,3.9649999141693115
2025-07-21T15:41:10.0,670.0,33.29999923706055,3.868974170993294,20.164088694163677,20.11408945710313,47.459999084472656,3.944999933242798,3.947999954223633,3.9519999027252197,3.9609999656677246,3.9600000381469727,3.9630000591278076,3.9679999351501465,3.9630000591278076,3.9660000801086426,3.9679999351501465,3.9679999351501465,3.9649999141693115
2025-07-21T15:41:20.0,680.0,33.09554249763489,3.9611044174079026,20.170583530786274,20.120584182443164,47.47493783984212,3.946000099182129,3.9489998817443848,3.953000068664551,3.9619998931884766,3.9609999656677246,3.9639999866485596,3.9690001010894775,3.9630000591278076,3.9660000801086426,3.9679999351501465,3.9679999351501465,3.9660000801086426
2025-07-21T15:41:30.0,690.0,32.689998626708984,4.052644733591205,20.177051984138046,20.127051402063604,47.470001220703125,3.946000099182129,3.9489998817443848,3.953000068664551,3.9619998931884766,3.9609999656677246,3.9639999866485596,3.9690001010894775,3.9639999866485596,3.9670000076293945,3.9690001010894775,3.9690001010894775,3.9660000801086426
2025-07-21T15:41:40.0,700.0,32.58000183105469,4.143230782072404,20.18000030517578,20.1299991607666,47.47999954223633,3.947000026702881,3.9489998817443848,3.9539999961853027,3.9619998931884766,3.9609999656677246,3.9649999141693115,3.9690001010894775,3.9639999866485596,3.9670000076293945,3.9690001010894775,3.9690001010894775,3.9670000076293945
2025-07-21T15:41:50.0,710.0,19.639999389648438,4.223871224187341,20.18000030517578,20.1299991607666,47.290000915527344,3.947000026702881,3.950000047683716,3.9539999961853027,3.9619998931884766,3.9619998931884766,3.9649999141693115,3.9700000286102295,3.9639999866485596,3.9670000076293945,3.9690001010894775,3.9690001010894775,3.9670000076293945
2025-07-21T15:42:00.0,720.0,18.75,4.276578148271898,20.18000030517578,20.1299991607666,47.18000030517578,3.931999921798706,3.934999942779541,3.938999891281128,3.947000026702881,3.946000099182129,3.9489998817443848,3.9539999961853027,3.9489998817443848,3.9519999027252197,3.9539999961853027,3.9539999961853027,3.9519999027252197
2025-07-21T15:42:10.0,730.0,17.8799991607666,4.327496673144889,20.18000030517578,20.1299991607666,47.209999084472656,3.930999994277954,3.934000015258789,3.937999963760376,3.946000099182129,3.944999933242798,3.947999954223633,3.9519999027252197,3.947999954223633,3.950000047683716,3.9519999027252197,3.9519999027252197,3.950000047683716
2025-07-21T15:42:20.0,740.0,17.941093582330748,4.377314869888219,20.18000030517578,20.1299991607666,47.14095308170762,3.930000066757202,3.933000087738037,3.937000036239624,3.944999933242798,3.944000005722046,3.947000026702881,3.9509999752044678,3.947000026702881,3.9489998817443848,3.9509999752044678,3.9509999752044678,3.9489998817443848
2025-07-21T15:42:30.0,750.0,17.802786572362297,4.426968654455734,20.18000030517578,20.1299991607666,47.15761175910346,3.928999900817871,3.931999921798706,3.936000108718872,3.944000005722046,3.944000005722046,3.946000099182129,3.950000047683716,3.946000099182129,3.9489998817443848,3.9509999752044678,3.9509999752044678,3.9489998817443848
2025-07-21T15:42:40.0,760.0,17.770000457763672,4.476385194263583,20.184802484944136,20.134801340534956,47.20000076293945,3.928999900817871,3.931999921798706,3.936000108718872,3.944000005722046,3.943000078201294,3.946000099182129,3.950000047683716,3.946000099182129,3.947999954223633,3.950000047683716,3.950000047683716,3.947999954223633
2025-07-21T15:42:50.0,770.0,32.540000915527344,4.541964671235739,20.197739391647673,20.147738247238493,47.43000030517578,3.928999900817871,3.931999921798706,3.936000108718872,3.9579999446868896,3.9570000171661377,3.9600000381469727,3.9639999866485596,3.9590001106262207,3.9619998931884766,3.9649999141693115,3.9649999141693115,3.9630000591278076
2025-07-21T15:43:00.0,780.0,30.420000076293945,4.628744821366859,20.200000762939453,20.149999618530273,47.43000030517578,3.944000005722046,3.946000099182129,3.950000047683716,3.9590001106262207,3.9570000171661377,3.9609999656677246,3.9649999141693115,3.9600000381469727,3.9630000591278076,3.9649999141693115,3.9649999141693115,3.9619998931884766
2025-07-21T15:43:10.0,790.0,28.420000076293945,4.711093266555593,20.201821120115284,20.151820322969968,47.400001525878906,3.944000005722046,3.946000099182129,3.950000047683716,3.9579999446868896,3.9570000171661377,3.9600000381469727,3.9649999141693115,3.9600000381469727,3.9630000591278076,3.9649999141693115,3.9649999141693115,3.9619998931884766
2025-07-21T15:43:20.0,800.0,28.68000030517578,4.78994559324277,20.208317755289556,20.15831819748708,47.43495961606892,3.944000005722046,3.946000099182129,3.950000047683716,3.9579999446868896,3.9570000171661377,3.9609999656677246,3.9649999141693115,3.9600000381469727,3.9630000591278076,3.9649999141693115,3.9649999141693115,3.9630000591278076
2025-07-21T15:43:30.0,810.0,28.25,4.86882948461757,20.209999084472656,20.15999984741211,47.41999816894531,3.944999933242798,3.947000026702881,3.9509999752044678,3.9590001106262207,3.9579999446868896,3.9609999656677246,3.9660000801086426,3.9609999656677246,3.9630000591278076,3.9649999141693115,3.9660000801086426,3.9630000591278076
2025-07-21T15:43:40.0,820.0,28.059999465942383,4.94715060363729,20.209999084472656,20.15999984741211,47.45000076293945,3.944999933242798,3.947000026702881,3.9509999752044678,3.9590001106262207,3.9579999446868896,3.9609999656677246,3.9660000801086426,3.9609999656677246,3.9639999866485596,3.9660000801086426,3.9660000801086426,3.9639999866485596
2025-07-21T15:43:50.0,830.0,19.289372506484487,5.012434095151285,20.209999084472656,20.15999984741211,47.27657450258342,3.936000108718872,3.938999891281128,3.943000078201294,3.9590001106262207,3.9579999446868896,3.9619998931884766,3.9660000801086426,3.9609999656677246,3.9579999446868896,3.9579999446868896,3.9579999446868896,3.9560000896453857
2025-07-21T15:44:00.0,840.0,18.389999389648438,5.065195461915459,20.209999084472656,20.15999984741211,47.2599983215332,3.934999942779541,3.937000036239624,3.941999912261963,3.9489998817443848,3.947999954223633,3.9509999752044678,3.9549999237060547,3.9509999752044678,3.9539999961853027,3.9560000896453857,3.9549999237060547,3.9539999961853027
2025-07-21T15:44:10.0,850.0,18.0,5.115596454137291,20.209999084472656,20.15999984741211,47.279998779296875,3.934000015258789,3.936000108718872,3.940000057220459,3.947999954223633,3.947000026702881,3.950000047683716,3.9539999961853027,3.950000047683716,3.9519999027252197,3.9539999961853027,3.9539999961853027,3.9519999027252197
2025-07-21T15:44:20.0,860.0,17.677470465267408,5.165105218247433,20.209999084472656,20.15999984741211,47.23729382683249,3.934000015258789,3.936000108718872,3.940000057220459,3.947000026702881,3.947000026702881,3.950000047683716,3.953000068664551,3.9489998817443848,3.9519999027252197,3.9539999961853027,3.9539999961853027,3.9519999027252197
2025-07-21T15:44:30.0,870.0,17.670000076293945,5.214179762545287,20.209999084472656,20.15999984741211,47.25,3.933000087738037,3.934999942779541,3.938999891281128,3.947000026702881,3.946000099182129,3.9489998817443848,3.953000068664551,3.9489998817443848,3.9509999752044678,3.953000068664551,3.953000068664551,3.9509999752044678
2025-07-21T15:44:40.0,880.0,17.3799991607666,5.263191965310433,20.209999084472656,20.15999984741211,47.25,3.933000087738037,3.934999942779541,3.938999891281128,3.946000099182129,3.944999933242798,3.9489998817443848,3.9519999027252197,3.947999954223633,3.9509999752044678,3.953000068664551,3.9519999027252197,3.9509999752044678
2025-07-21T15:44:50.0,890.0,30.190000534057617,5.329569501400648,20.222908576756463,20.17936408583782,47.470001220703125,3.944999933242798,3.947000026702881,3.9509999752044678,3.9590001106262207,3.9579999446868896,3.9609999656677246,3.9660000801086426,3.9609999656677246,3.9639999866485596,3.9649999141693115,3.9660000801086426,3.9630000591278076
2025-07-21T15:45:00.0,900.0,29.92324750563678,5.412233211599052,20.23293998277236,20.190000534057617,47.463816165300756,3.947000026702881,3.9489998817443848,3.953000068664551,3.9609999656677246,3.9600000381469727,3.9630000591278076,3.9670000076293945,3.9619998931884766,3.9649999141693115,3.9670000076293945,3.9670000076293945,3.9639999866485596
2025-07-21T15:45:10.0,910.0,29.979646200815836,5.495709712721633,20.239442504966156,20.190000534057617,47.5,3.947999954223633,3.950000047683716,3.9539999961853027,3.9619998931884766,3.9609999656677246,3.9639999866485596,3.9690001010894775,3.9639999866485596,3.9670000076293945,3.9679999351501465,3.9690001010894775,3.9660000801086426
2025-07-21T15:45:20.0,920.0,30.059999465942383,5.579020500610795,20.239999771118164,20.195925755538184,47.4900016784668,3.9489998817443848,3.9509999752044678,3.9549999237060547,3.9630000591278076,3.9619998931884766,3.9649999141693115,3.9700000286102295,3.9639999866485596,3.9670000076293945,3.9690001010894775,3.9690001010894775,3.9670000076293945
2025-07-21T15:45:30.0,930.0,29.780000686645508,5.6618981240628745,20.239999771118164,20.200000762939453,47.459999084472656,3.950000047683716,3.9519999027252197,3.9560000896453857,3.9639999866485596,3.9619998931884766,3.9660000801086426,3.9709999561309814,3.9649999141693115,3.9679999351501465,3.9700000286102295,3.9700000286102295,3.9679999351501465
2025-07-21T15:45:40.0,940.0,29.290000915527344,5.743890495456185,20.239999771118164,20.200000762939453,47.47999954223633,3.9509999752044678,3.9519999027252197,3.9560000896453857,3.9639999866485596,3.9630000591278076,3.9660000801086426,3.9709999561309814,3.9660000801086426,3.9690001010894775,3.9709999561309814,3.9709999561309814,3.9679999351501465
2025-07-21T15:45:50.0,950.0,7.71999979019165,5.8027234931315235,20.239999771118164,20.200000762939453,47.13554859036714,3.928999900817871,3.930999994277954,3.934999942779541,3.943000078201294,3.941999912261963,3.944999933242798,3.9489998817443848,3.946000099182129,3.9489998817443848,3.9509999752044678,3.950000047683716,3.9489998817443848
2025-07-21T15:46:00.0,960.0,7.68488883161858,5.823965479037225,20.239999771118164,20.200000762939453,47.08678649314317,3.927000045776367,3.928999900817871,3.933000087738037,3.940000057220459,3.940000057220459,3.941999912261963,3.944999933242798,3.941999912261963,3.944000005722046,3.946000099182129,3.946000099182129,3.944000005722046
2025-07-21T15:46:10.0,970.0,7.249882353053385,5.844922412127779,20.239999771118164,20.200000762939453,47.02235201667337,3.9240000247955322,3.927000045776367,3.930999994277954,3.937999963760376,3.937000036239624,3.940000057220459,3.943000078201294,3.940000057220459,3.941999912261963,3.944000005722046,3.944000005722046,3.941999912261963
2025-07-21T15:46:20.0,980.0,7.269999980926514,5.865022395498215,20.239999771118164,20.200000762939453,47.029998779296875,3.9230000972747803,3.924999952316284,3.928999900817871,3.937000036239624,3.936000108718872,3.938999891281128,3.941999912261963,3.937999963760376,3.940999984741211,3.941999912261963,3.941999912261963,3.940999984741211
2025-07-21T15:46:30.0,990.0,7.213924884796141,5.885126756642254,20.239999771118164,20.200000762939453,47.019459562301634,3.921999931335449,3.924999952316284,3.927999973297119,3.937000036239624,3.936000108718872,3.938999891281128,3.941999912261963,3.937999963760376,3.940999984741211,3.941999912261963,3.941999912261963,3.940999984741211
2025-07-21T15:46:40.0,1000.0,7.070000171661377,5.905519561753,20.239999771118164,20.200000762939453,47.0099983215332,3.9210000038146973,3.9230000972747803,3.927000045776367,3.934999942779541,3.934000015258789,3.937000036239624,3.938999891281128,3.936000108718872,3.938999891281128,3.940000057220459,3.940000057220459,3.937999963760376
2025-07-21T15:46:50.0,1010.0,29.122627454644846,5.932492192516188,20.248499965667726,20.208500146865845,47.39539570431057,3.944999933242798,3.946000099182129,3.9489998817443848,3.9579999446868896,3.9570000171661377,3.9600000381469727,3.9649999141693115,3.9590001106262207,3.9619998931884766,3.9639999866485596,3.9639999866485596,3.9619998931884766
2025-07-21T15:47:00.0,1020.0,29.723284023602815,6.016629576080236,20.260000228881836,20.220721291142628,47.45000076293945,3.946000099182129,3.947999954223633,3.9509999752044678,3.9600000381469727,3.9579999446868896,3.9619998931884766,3.9660000801086426,3.9609999656677246,3.9639999866485596,3.9649999141693115,3.9649999141693115,3.9630000591278076
2025-07-21T15:47:10.0,1030.0,29.10168689278997,6.098479508543669,20.260000228881836,20.227156030787334,47.465279633712015,3.947000026702881,3.9489998817443848,3.9519999027252197,3.9609999656677246,3.9590001106262207,3.9630000591278076,3.9670000076293945,3.9619998931884766,3.9649999141693115,3.9670000076293945,3.9670000076293945,3.9649999141693115
2025-07-21T15:47:20.0,1040.0,28.947856020459938,6.1790598306063735,20.260000228881836,20.233614730563154,47.459999084472656,3.947999954223633,3.950000047683716,3.953000068664551,3.9619998931884766,3.9600000381469727,3.9639999866485596,3.9679999351501465,3.9630000591278076,3.9660000801086426,3.9679999351501465,3.9679999351501465,3.9649999141693115
2025-07-21T15:47:30.0,1050.0,28.719999313354492,6.259190410886465,20.260092847581973,20.239999771118164,47.48739696768827,3.9489998817443848,3.9509999752044678,3.9539999961853027,3.9630000591278076,3.9609999656677246,3.9649999141693115,3.9690001010894775,3.9639999866485596,3.9670000076293945,3.9690001010894775,3.9690001010894775,3.9670000076293945
2025-07-21T15:47:40.0,1060.0,28.520000457763672,6.338714243885271,20.26656967975933,20.239999771118164,47.47999954223633,3.9509999752044678,3.9519999027252197,3.9560000896453857,3.9639999866485596,3.9619998931884766,3.9660000801086426,3.9700000286102295,3.9649999141693115,3.9679999351501465,3.9690001010894775,3.9700000286102295,3.9670000076293945
2025-07-21T15:47:50.0,1070.0,29.229999542236328,6.41857347473316,20.270000457763672,20.239999771118164,47.5099983215332,3.9509999752044678,3.9519999027252197,3.9560000896453857,3.9639999866485596,3.9630000591278076,3.9660000801086426,3.9709999561309814,3.9660000801086426,3.9679999351501465,3.9709999561309814,3.9709999561309814,3.9679999351501465
2025-07-21T15:48:00.0,1080.0,27.76152649665065,6.497917542435454,20.270000457763672,20.239999771118164,47.50179814774861,3.9509999752044678,3.953000068664551,3.9560000896453857,3.9649999141693115,3.9630000591278076,3.9670000076293945,3.9709999561309814,3.9660000801086426,3.9690001010894775,3.9709999561309814,3.9709999561309814,3.9679999351501465
2025-07-21T15:48:10.0,1090.0,27.239999771118164,6.57393723059031,20.270000457763672,20.24600406142013,47.52000045776367,3.9509999752044678,3.9519999027252197,3.9560000896453857,3.9639999866485596,3.9630000591278076,3.9660000801086426,3.9709999561309814,3.9660000801086426,3.9690001010894775,3.9709999561309814,3.9709999561309814,3.9679999351501465
2025-07-21T15:48:20.0,1100.0,26.010000228881836,6.648495872033562,20.272482426714834,20.25,47.47999954223633,3.9509999752044678,3.9519999027252197,3.9560000896453857,3.9639999866485596,3.9630000591278076,3.9670000076293945,3.9709999561309814,3.9660000801086426,3.9690001010894775,3.9709999561309814,3.9709999561309814,3.9690001010894775
2025-07-21T15:48:30.0,1110.0,26.790000915527344,6.72139257796565,20.278942522891732,20.25,47.5,3.9519999027252197,3.953000068664551,3.9570000171661377,3.9649999141693115,3.9630000591278076,3.9670000076293945,3.9709999561309814,3.9660000801086426,3.9690001010894775,3.9709999561309814,3.9709999561309814,3.9690001010894775
2025-07-21T15:48:40.0,1120.0,26.38800068768585,6.795024262372248,20.285402968053216,20.255402281407708,47.517529094920434,3.9519999027252197,3.953000068664551,3.9570000171661377,3.9649999141693115,3.9639999866485596,3.9670000076293945,3.9719998836517334,3.9670000076293945,3.9690001010894775,3.9719998836517334,3.9719998836517334,3.9690001010894775
2025-07-21T15:48:50.0,1130.0,17.1299991607666,6.8659646674793215,20.290000915527344,20.260000228881836,47.369998931884766,3.944000005722046,3.944999933242798,3.950000047683716,3.9570000171661377,3.9560000896453857,3.9590001106262207,3.9630000591278076,3.9590001106262207,3.9619998931884766,3.9639999866485596,3.9630000591278076,3.9609999656677246
2025-07-21T15:49:00.0,1140.0,16.09000015258789,6.912035493677582,20.290000915527344,20.260000228881836,47.31999969482422,3.940999984741211,3.943000078201294,3.946000099182129,3.9539999961853027,3.9539999961853027,3.9570000171661377,3.9600000381469727,3.9560000896453857,3.9590001106262207,3.9609999656677246,3.9609999656677246,3.9579999446868896
2025-07-21T15:49:10.0,1150.0,15.670000076293945,6.955869755056293,20.290000915527344,20.26481700471161,47.310001373291016,3.940000057220459,3.941999912261963,3.944999933242798,3.9539999961853027,3.9519999027252197,3.9549999237060547,3.9590001106262207,3.9549999237060547,3.9579999446868896,3.9590001106262207,3.9590001106262207,3.9570000171661377
2025-07-21T15:49:20.0,1160.0,14.816764696906587,6.998289980826238,20.291301925304094,20.270000457763672,47.315217178943115,3.938999891281128,3.940999984741211,3.944000005722046,3.953000068664551,3.9519999027252197,3.9549999237060547,3.9579999446868896,3.9539999961853027,3.9570000171661377,3.9590001106262207,3.9590001106262207,3.9570000171661377
2025-07-21T15:49:30.0,1170.0,14.489999771118164,7.03924046706371,20.297764964433508,20.270000457763672,47.25,3.937999963760376,3.940000057220459,3.943000078201294,3.9519999027252197,3.950000047683716,3.9539999961853027,3.9570000171661377,3.953000068664551,3.9560000896453857,3.9579999446868896,3.9570000171661377,3.9549999237060547
2025-07-21T15:49:40.0,1180.0,14.680000305175781,7.079822167139708,20.299999237060547,20.27422593387435,47.27000045776367,3.937999963760376,3.938999891281128,3.943000078201294,3.9509999752044678,3.950000047683716,3.953000068664551,3.9560000896453857,3.9519999027252197,3.9549999237060547,3.9570000171661377,3.9570000171661377,3.9549999237060547
2025-07-21T15:49:50.0,1190.0,27.574025592556247,7.133592545745232,20.30068448590491,20.28068593548987,47.47135164335177,3.9509999752044678,3.9519999027252197,3.9560000896453857,3.9639999866485596,3.9630000591278076,3.9660000801086426,3.9709999561309814,3.9660000801086426,3.9679999351501465,3.9709999561309814,3.9709999561309814,3.9679999351501465
2025-07-21T15:50:00.0,1200.0,26.829999923706055,7.209330333814215,20.307161318082265,20.287162767667226,47.470001220703125,3.9509999752044678,3.9519999027252197,3.9560000896453857,3.9639999866485596,3.9630000591278076,3.9660000801086426,3.9709999561309814,3.9660000801086426,3.9690001010894775,3.9709999561309814,3.9709999561309814,3.9679999351501465
2025-07-21T15:50:10.0,1210.0,25.209999084472656,7.28242801063921,20.309999465942383,20.290000915527344,47.459999084472656,3.9509999752044678,3.9519999027252197,3.9560000896453857,3.9639999866485596,3.9630000591278076,3.9660000801086426,3.9709999561309814,3.9660000801086426,3.9679999351501465,3.9709999561309814,3.9709999561309814,3.9679999351501465
2025-07-21T15:50:20.0,1220.0,25.799999237060547,7.352889961057892,20.310160195479824,20.29016161440876,47.470001220703125,3.9519999027252197,3.953000068664551,3.9560000896453857,3.9649999141693115,3.9630000591278076,3.9670000076293945,3.9709999561309814,3.9660000801086426,3.9690001010894775,3.9709999561309814,3.9709999561309814,3.9690001010894775
2025-07-21T15:50:30.0,1230.0,25.58107968380577,7.423424982706301,20.316641225215296,20.296641408014203,47.5,3.9519999027252197,3.953000068664551,3.9570000171661377,3.9649999141693115,3.9639999866485596,3.9670000076293945,3.9719998836517334,3.9670000076293945,3.9690001010894775,3.9709999561309814,3.9709999561309814,3.9690001010894775
2025-07-21T15:50:40.0,1240.0,24.969999313354492,7.493937506023638,20.31999969482422,20.303117755038066,47.47622239854601,3.953000068664551,3.9539999961853027,3.9570000171661377,3.9660000801086426,3.9639999866485596,3.9679999351501465,3.9719998836517334,3.9670000076293945,3.9700000286102295,3.9719998836517334,3.9719998836517334,3.9700000286102295
2025-07-21T15:50:50.0,1250.0,16.65999984741211,7.558888232864398,20.31999969482422,20.309590395091035,47.29999923706055,3.944999933242798,3.946000099182129,3.950000047683716,3.9570000171661377,3.9570000171661377,3.9600000381469727,3.9639999866485596,3.9590001106262207,3.9619998931884766,3.9639999866485596,3.9639999866485596,3.9619998931884766
2025-07-21T15:51:00.0,1260.0,16.100000381469727,7.604012878188682,20.31999969482422,20.309999465942383,47.380001068115234,3.944000005722046,3.944999933242798,3.9489998817443848,3.9560000896453857,3.9549999237060547,3.9590001106262207,3.9619998931884766,3.9579999446868896,3.9609999656677246,3.9630000591278076,3.9630000591278076,3.9609999656677246
2025-07-21T15:51:10.0,1270.0,15.16074814958637,7.647466289893909,20.31999969482422,20.309999465942383,47.30040895111707,3.943000078201294,3.944000005722046,3.947999954223633,3.9560000896453857,3.9549999237060547,3.9579999446868896,3.9619998931884766,3.9579999446868896,3.9600000381469727,3.9619998931884766,3.9619998931884766,3.9600000381469727
2025-07-21T15:51:20.0,1280.0,15.119999885559082,7.689406089836881,20.31999969482422,20.309999465942383,47.33000183105469,3.941999912261963,3.943000078201294,3.946000099182129,3.9549999237060547,3.9539999961853027,3.9570000171661377,3.9600000381469727,3.9560000896453857,3.9590001106262207,3.9609999656677246,3.9609999656677246,3.9590001106262207
2025-07-21T15:51:30.0,1290.0,14.916129716008689,7.731173062387166,20.31999969482422,20.309999465942383,47.468389673027204,3.940999984741211,3.943000078201294,3.946000099182129,3.9539999961853027,3.953000068664551,3.9560000896453857,3.9600000381469727,3.9560000896453857,3.9579999446868896,3.9600000381469727,3.9600000381469727,3.9579999446868896
2025-07-21T15:51:40.0,1300.0,14.788496655732176,7.771996584509868,20.3239868327126,20.313986603830763,47.3428223105038,3.940999984741211,3.941999912261963,3.946000099182129,3.9539999961853027,3.953000068664551,3.9560000896453857,3.9590001106262207,3.9560000896453857,3.9579999446868896,3.9600000381469727,3.9600000381469727,3.9579999446868896
2025-07-21T15:51:50.0,1310.0,28.6200008392334,7.8197955620925885,20.336940497067307,20.32694026818547,47.53118857589423,3.9539999961853027,3.9549999237060547,3.9590001106262207,3.9670000076293945,3.9660000801086426,3.9690001010894775,3.9739999771118164,3.9690001010894775,3.9719998836517334,3.9739999771118164,3.9739999771118164,3.9709999561309814
2025-07-21T15:52:00.0,1320.0,27.790000915527344,7.898728858920329,20.34000015258789,20.33495013421801,47.540000915527344,3.9549999237060547,3.9560000896453857,3.9590001106262207,3.9670000076293945,3.9660000801086426,3.9690001010894775,3.9739999771118164,3.9690001010894775,3.9719998836517334,3.9739999771118164,3.9739999771118164,3.9709999561309814
2025-07-21T15:52:10.0,1330.0,27.350000381469727,7.9751552977944655,20.341433951637963,20.34000015258789,47.540000915527344,3.9560000896453857,3.9570000171661377,3.9600000381469727,3.9679999351501465,3.9670000076293945,3.9709999561309814,3.9749999046325684,3.9700000286102295,3.9730000495910645,3.9749999046325684,3.9749999046325684,3.9730000495910645
2025-07-21T15:52:20.0,1340.0,26.969999313354492,8.05047700938767,20.347927606756038,20.34000015258789,47.54999923706055,3.9560000896453857,3.9570000171661377,3.9609999656677246,3.9690001010894775,3.9679999351501465,3.9709999561309814,3.9760000705718994,3.9709999561309814,3.9739999771118164,3.9760000705718994,3.9760000705718994,3.9730000495910645
2025-07-21T15:52:30.0,1350.0,26.700000762939453,8.125022324724322,20.354404104511612,20.344403875629776,47.552365304286184,3.9570000171661377,3.9579999446868896,3.9619998931884766,3.9700000286102295,3.9690001010894775,3.9719998836517334,3.9769999980926514,3.9719998836517334,3.9739999771118164,3.9769999980926514,3.9769999980926514,3.9739999771118164
2025-07-21T15:52:40.0,1360.0,26.450000762939453,8.199124241156174,20.360000610351562,20.350000381469727,47.57730176925659,3.9579999446868896,3.9590001106262207,3.9619998931884766,3.9709999561309814,3.9690001010894775,3.9730000495910645,3.9769999980926514,3.9719998836517334,3.9749999046325684,3.9769999980926514,3.9769999980926514,3.9749999046325684
2025-07-21T15:52:50.0,1370.0,26.489999771118164,8.272678330134411,20.360000610351562,20.350000381469727,47.56999969482422,3.9579999446868896,3.9590001106262207,3.9630000591278076,3.9709999561309814,3.9700000286102295,3.9730000495910645,3.9779999256134033,3.9730000495910645,3.9760000705718994,3.9779999256134033,3.9779999256134033,3.9749999046325684
2025-07-21T15:53:00.0,1380.0,6.6766144490709465,8.30861667462931,20.360000610351562,20.350000381469727,47.15976396448472,3.936000108718872,3.937999963760376,3.941999912261963,3.9489998817443848,3.9489998817443848,3.9519999027252197,3.9539999961853027,3.9509999752044678,3.9539999961853027,3.9549999237060547,3.9549999237060547,3.953000068664551
2025-07-21T15:53:10.0,1390.0,6.369999885559082,8.32693205784956,20.360000610351562,20.350000381469727,47.130001068115234,3.934000015258789,3.936000108718872,3.940000057220459,3.947000026702881,3.947000026702881,3.9489998817443848,3.9539999961853027,3.9509999752044678,3.9539999961853027,3.9549999237060547,3.9549999237060547,3.953000068664551
2025-07-21T15:53:20.0,1400.0,6.461013044181623,8.344733402177486,20.360000610351562,20.350000381469727,47.181960502423735,3.933000087738037,3.934999942779541,3.937999963760376,3.946000099182129,3.944999933242798,3.947999954223633,3.9509999752044678,3.947999954223633,3.950000047683716,3.9519999027252197,3.9519999027252197,3.950000047683716
2025-07-21T15:53:30.0,1410.0,6.507072092193402,8.362641196503896,20.360000610351562,20.350000381469727,47.13970605464758,3.931999921798706,3.934000015258789,3.937000036239624,3.944999933242798,3.944000005722046,3.947000026702881,3.950000047683716,3.947000026702881,3.9489998817443848,3.9509999752044678,3.950000047683716,3.9489998817443848
2025-07-21T15:53:40.0,1420.0,6.330930315801335,8.380280663502473,20.360000610351562,20.350000381469727,47.11528654468152,3.930999994277954,3.933000087738037,3.936000108718872,3.944000005722046,3.943000078201294,3.946000099182129,3.9489998817443848,3.946000099182129,3.947999954223633,3.950000047683716,3.9489998817443848,3.947999954223633
2025-07-21T15:53:50.0,1430.0,6.380000114440918,8.397985302698075,20.372455076289206,20.368682674294455,47.11000061035156,3.950000047683716,3.9519999027252197,3.9549999237060547,3.9630000591278076,3.9619998931884766,3.9649999141693115,3.9700000286102295,3.9649999141693115,3.9670000076293945,3.9690001010894775,3.9690001010894775,3.9670000076293945
2025-07-21T15:54:00.0,1440.0,26.910509573244564,8.45401522475851,20.382674446644618,20.382674446644618,47.50155529446072,3.953000068664551,3.9539999961853027,3.9579999446868896,3.9630000591278076,3.9619998931884766,3.9649999141693115,3.9700000286102295,3.9649999141693115,3.9670000076293945,3.9690001010894775,3.9690001010894775,3.9670000076293945
2025-07-21T15:54:10.0,1450.0,26.06999969482422,8.527491391619304,20.38909307878957,20.38909307878957,47.52000045776367,3.9539999961853027,3.9549999237060547,3.9579999446868896,3.9670000076293945,3.9649999141693115,3.9690001010894775,3.9730000495910645,3.9679999351501465,3.9709999561309814,3.9730000495910645,3.9730000495910645,3.9709999561309814
2025-07-21T15:54:20.0,1460.0,25.92028395375898,8.599683991781598,20.389999389648438,20.389999389648438,47.5281744562834,3.9549999237060547,3.9560000896453857,3.9600000381469727,3.9679999351501465,3.9670000076293945,3.9700000286102295,3.9749999046325684,3.9700000286102295,3.9719998836517334,3.9739999771118164,3.9739999771118164,3.9719998836517334
2025-07-21T15:54:30.0,1470.0,25.799999237060547,8.671572347043082,20.389999389648438,20.391896140613888,47.52000045776367,3.9560000896453857,3.9570000171661377,3.9609999656677246,3.9690001010894775,3.9679999351501465,3.9709999561309814,3.9749999046325684,3.9709999561309814,3.9730000495910645,3.9749999046325684,3.9749999046325684,3.9730000495910645
2025-07-21T15:54:40.0,1480.0,25.510000228881836,8.74268903528716,20.389999389648438,20.39835206629616,47.529998779296875,3.9570000171661377,3.9579999446868896,3.9609999656677246,3.9700000286102295,3.9679999351501465,3.9719998836517334,3.9760000705718994,3.9709999561309814,3.9739999771118164,3.9760000705718994,3.9760000705718994,3.9739999771118164
2025-07-21T15:54:50.0,1490.0,25.625143661498974,8.81324410354481,20.389999389648438,20.399999618530273,47.55317093985421,3.9570000171661377,3.9579999446868896,3.9619998931884766,3.9700000286102295,3.9690001010894775,3.9719998836517334,3.9760000705718994,3.9719998836517334,3.9739999771118164,3.9760000705718994,3.9769999980926514,3.9739999771118164
2025-07-21T15:55:00.0,1500.0,25.670000076293945,8.885473449275485,20.391283834630794,20.40128406351263,47.560001373291016,3.9579999446868896,3.9590001106262207,3.9630000591278076,3.9709999561309814,3.9700000286102295,3.9739999771118164,3.9779999256134033,3.9730000495910645,3.9760000705718994,3.9779999256134033,3.9779999256134033,3.9749999046325684
2025-07-21T15:55:10.0,1510.0,24.649999618530273,8.955225071495631,20.39777748974887,20.407777718630705,47.54999923706055,3.9579999446868896,3.9590001106262207,3.9630000591278076,3.9709999561309814,3.9700000286102295,3.9730000495910645,3.9779999256134033,3.9730000495910645,3.9760000705718994,3.9779999256134033,3.9779999256134033,3.9749999046325684
2025-07-21T15:55:20.0,1520.0,24.280000686645508,9.023303526372636,20.404251541843873,20.40999984741211,47.54999923706055,3.9579999446868896,3.9600000381469727,3.9630000591278076,3.9709999561309814,3.9700000286102295,3.9739999771118164,3.9779999256134033,3.9730000495910645,3.9760000705718994,3.9779999256134033,3.9779999256134033,3.9749999046325684
2025-07-21T15:55:30.0,1530.0,24.020000457763672,9.090639532961042,20.40999984741211,20.41071595151795,47.54999923706055,3.9590001106262207,3.9600000381469727,3.9630000591278076,3.9719998836517334,3.9700000286102295,3.9739999771118164,3.9779999256134033,3.9730000495910645,3.9760000705718994,3.9779999256134033,3.9779999256134033,3.9760000705718994
2025-07-21T15:55:40.0,1540.0,23.736796953787227,9.15717530613872,20.40999984741211,20.417184823296097,47.540000915527344,3.9590001106262207,3.9600000381469727,3.9639999866485596,3.9719998836517334,3.9700000286102295,3.9739999771118164,3.9779999256134033,3.9730000495910645,3.9760000705718994,3.9779999256134033,3.9779999256134033,3.9760000705718994
2025-07-21T15:55:50.0,1550.0,6.449999809265137,9.21507557172589,20.40999984741211,20.420000076293945,47.369998931884766,3.9590001106262207,3.9600000381469727,3.9639999866485596,3.9719998836517334,3.9709999561309814,3.9739999771118164,3.9779999256134033,3.9739999771118164,3.9760000705718994,3.9779999256134033,3.9779999256134033,3.9760000705718994
2025-07-21T15:56:00.0,1560.0,6.308240182876592,9.23287057694037,20.40999984741211,20.420000076293945,47.25417064842107,3.940000057220459,3.941999912261963,3.944999933242798,3.953000068664551,3.9519999027252197,3.9549999237060547,3.9579999446868896,3.9549999237060547,3.9570000171661377,3.9590001106262207,3.9590001106262207,3.9570000171661377
2025-07-21T15:56:10.0,1570.0,6.116522941714018,9.250266366383228,20.40999984741211,20.420000076293945,47.18000030517578,3.937999963760376,3.940000057220459,3.943000078201294,3.9509999752044678,3.950000047683716,3.953000068664551,3.9560000896453857,3.953000068664551,3.9549999237060547,3.9570000171661377,3.9570000171661377,3.9549999237060547
2025-07-21T15:56:20.0,1580.0,6.050000190734863,9.267298988708648,20.40999984741211,20.420000076293945,47.27000045776367,3.936000108718872,3.937999963760376,3.941999912261963,3.950000047683716,3.9489998817443848,3.9519999027252197,3.9549999237060547,3.9519999027252197,3.9539999961853027,3.9560000896453857,3.9549999237060547,3.9539999961853027
2025-07-21T15:56:30.0,1590.0,6.059999942779541,9.2842528166551,20.40999984741211,20.420000076293945,47.27000045776367,3.934999942779541,3.937000036239624,3.940999984741211,3.947999954223633,3.947999954223633,3.9509999752044678,3.953000068664551,3.950000047683716,3.953000068664551,3.9539999961853027,3.9539999961853027,3.9519999027252197
2025-07-21T15:56:40.0,1600.0,6.050000190734863,9.301078794456316,20.40999984741211,20.420000076293945,47.16999816894531,3.934999942779541,3.937000036239624,3.940000057220459,3.947999954223633,3.947000026702881,3.950000047683716,3.953000068664551,3.9489998817443848,3.9519999027252197,3.9539999961853027,3.953000068664551,3.9519999027252197
2025-07-21T15:56:50.0,1610.0,26.350000381469727,9.326349461443415,20.417580216618955,20.42758044550079,47.5099983215332,3.9519999027252197,3.953000068664551,3.9570000171661377,3.947000026702881,3.946000099182129,3.9489998817443848,3.9519999027252197,3.9489998817443848,3.9509999752044678,3.953000068664551,3.953000068664551,3.9509999752044678
2025-07-21T15:57:00.0,1620.0,25.399999618530273,9.398366156698062,20.437022045823483,20.44702227470532,47.52000045776367,3.9549999237060547,3.9560000896453857,3.9590001106262207,3.9679999351501465,3.9660000801086426,3.9700000286102295,3.9739999771118164,3.9690001010894775,3.9719998836517334,3.9739999771118164,3.9739999771118164,3.9709999561309814
2025-07-21T15:57:10.0,1630.0,24.457464417600953,9.46765839049365,20.445499361211603,20.4554985412994,47.529998779296875,3.9560000896453857,3.9570000171661377,3.9609999656677246,3.9690001010894775,3.9670000076293945,3.9709999561309814,3.9749999046325684,3.9709999561309814,3.9730000495910645,3.9749999046325684,3.9749999046325684,3.9730000495910645
2025-07-21T15:57:20.0,1640.0,24.149999618530273,9.53480365654971,20.450000762939453,20.459999084472656,47.540000915527344,3.9560000896453857,3.9579999446868896,3.9609999656677246,3.9700000286102295,3.9679999351501465,3.9719998836517334,3.9760000705718994,3.9709999561309814,3.9739999771118164,3.9760000705718994,3.9760000705718994,3.9730000495910645
2025-07-21T15:57:30.0,1650.0,24.049999237060547,9.601719265961373,20.450000762939453,20.459999084472656,47.529998779296875,3.9579999446868896,3.9590001106262207,3.9619998931884766,3.9700000286102295,3.9690001010894775,3.9719998836517334,3.9769999980926514,3.9719998836517334,3.9739999771118164,3.9769999980926514,3.9769999980926514,3.9739999771118164
2025-07-21T15:57:40.0,1660.0,24.060402352861363,9.66857063711298,20.454930998776074,20.464930260834997,47.55466210344712,3.9579999446868896,3.9590001106262207,3.9630000591278076,3.9709999561309814,3.9700000286102295,3.9730000495910645,3.9779999256134033,3.9730000495910645,3.9749999046325684,3.9769999980926514,3.9769999980926514,3.9749999046325684
2025-07-21T15:57:50.0,1670.0,23.709999084472656,9.73484984218835,20.461404728724144,20.47140495760598,47.56999969482422,3.9579999446868896,3.9590001106262207,3.9630000591278076,3.9709999561309814,3.9700000286102295,3.9730000495910645,3.9779999256134033,3.9730000495910645,3.9749999046325684,3.9779999256134033,3.9779999256134033,3.9749999046325684
2025-07-21T15:58:00.0,1680.0,23.43000030517578,9.800405440611566,20.467885338458988,20.477885567340824,47.52000045776367,3.9600000381469727,3.9609999656677246,3.9639999866485596,3.9730000495910645,3.9719998836517334,3.9749999046325684,3.9790000915527344,3.9739999771118164,3.9769999980926514,3.9790000915527344,3.9790000915527344,3.9769999980926514
2025-07-21T15:58:10.0,1690.0,23.959999084472656,9.864749147005337,20.474377581204124,20.48437781008596,47.59389365346808,3.9600000381469727,3.9609999656677246,3.9639999866485596,3.9730000495910645,3.9709999561309814,3.9749999046325684,3.9790000915527344,3.9749999046325684,3.9769999980926514,3.9790000915527344,3.9790000915527344,3.9769999980926514
2025-07-21T15:58:20.0,1700.0,22.65999984741211,9.928821645882122,20.479999542236328,20.489999771118164,47.54999923706055,3.9600000381469727,3.9609999656677246,3.9649999141693115,3.9730000495910645,3.9719998836517334,3.9749999046325684,3.9800000190734863,3.9749999046325684,3.9769999980926514,3.9800000190734863,3.9800000190734863,3.9769999980926514
2025-07-21T15:58:30.0,1710.0,22.832776456130173,9.991912040150158,20.479999542236328,20.489999771118164,47.57503597051356,3.9600000381469727,3.9609999656677246,3.9649999141693115,3.9730000495910645,3.9719998836517334,3.9749999046325684,3.9800000190734863,3.9749999046325684,3.9779999256134033,3.9800000190734863,3.9800000190734863,3.9769999980926514
2025-07-21T15:58:40.0,1720.0,21.899999618530273,10.05412209569215,20.48382605468671,20.493826283568545,47.599998474121094,3.9600000381469727,3.9619998931884766,3.9649999141693115,3.9730000495910645,3.9719998836517334,3.9749999046325684,3.9800000190734863,3.9749999046325684,3.9779999256134033,3.9800000190734863,3.9800000190734863,3.9769999980926514
2025-07-21T15:58:50.0,1730.0,21.30747922047855,10.116547007295019,20.490303083309783,20.5,47.56736630121867,3.9609999656677246,3.9619998931884766,3.9649999141693115,3.9739999771118164,3.9719998836517334,3.9760000705718994,3.9800000190734863,3.9749999046325684,3.9779999256134033,3.9800000190734863,3.9800000190734863,3.9779999256134033
2025-07-21T15:59:00.0,1740.0,19.507647503123543,10.170353362692984,20.49678411304526,20.5,47.54175225550832,3.9579999446868896,3.9590001106262207,3.9619998931884766,3.9709999561309814,3.9690001010894775,3.9730000495910645,3.9769999980926514,3.9719998836517334,3.9749999046325684,3.9769999980926514,3.9769999980926514,3.9749999046325684
2025-07-21T15:59:10.0,1750.0,19.347280405081943,10.223075145062598,20.50327129102699,20.50327129102699,47.55538498124266,3.9570000171661377,3.9579999446868896,3.9619998931884766,3.9700000286102295,3.9690001010894775,3.9719998836517334,3.9760000705718994,3.9719998836517334,3.9749999046325684,3.9769999980926514,3.9769999980926514,3.9739999771118164
2025-07-21T15:59:20.0,1760.0,19.270000457763672,10.27629199999517,20.50976452450653,20.50976452450653,47.52000045776367,3.9570000171661377,3.9579999446868896,3.9619998931884766,3.9700000286102295,3.9690001010894775,3.9719998836517334,3.9760000705718994,3.9719998836517334,3.9739999771118164,3.9769999980926514,3.9769999980926514,3.9739999771118164
2025-07-21T15:59:30.0,1770.0,18.077175753724383,10.328936845186277,20.51623025058552,20.51623025058552,47.5099983215332,3.9570000171661377,3.9579999446868896,3.9619998931884766,3.9700000286102295,3.9690001010894775,3.9719998836517334,3.9760000705718994,3.9719998836517334,3.9739999771118164,3.9769999980926514,3.9769999980926514,3.9739999771118164
2025-07-21T15:59:40.0,1780.0,17.831254824470076,10.3800227321373,20.522700001415192,20.522700001415192,47.546626610849415,3.9570000171661377,3.9579999446868896,3.9609999656677246,3.9700000286102295,3.9690001010894775,3.9719998836517334,3.9760000705718994,3.9719998836517334,3.9739999771118164,3.9760000705718994,3.9760000705718994,3.9739999771118164
2025-07-21T15:59:50.0,1790.0,14.373052386233464,10.430896705073508,20.529176833592548,20.529176833592548,47.44536834516024,3.9570000171661377,3.9579999446868896,3.9609999656677246,3.9700000286102295,3.9679999351501465,3.9719998836517334,3.9760000705718994,3.9709999561309814,3.9739999771118164,3.9760000705718994,3.9760000705718994,3.9739999771118164
2025-07-21T16:00:00.0,1800.0,13.949999809265137,10.470141926890735,20.535646352730932,20.530000686645508,47.439998626708984,3.9519999027252197,3.9539999961853027,3.9570000171661377,3.9649999141693115,3.9639999866485596,3.9670000076293945,3.9709999561309814,3.9670000076293945,3.9690001010894775,3.9719998836517334,3.9719998836517334,3.9690001010894775
2025-07-21T16:00:10.0,1810.0,13.425124132243637,10.508234792921535,20.542118512077604,20.53211868716306,47.38999938964844,3.9509999752044678,3.9519999027252197,3.9560000896453857,3.9649999141693115,3.9630000591278076,3.9670000076293945,3.9700000286102295,3.9660000801086426,3.9690001010894775,3.9709999561309814,3.9709999561309814,3.9679999351501465
2025-07-21T16:00:20.0,1820.0,13.329999923706055,10.545416548688403,20.54859830568305,20.538599716898535,47.400001525878906,3.9509999752044678,3.9519999027252197,3.9549999237060547,3.9639999866485596,3.9630000591278076,3.9660000801086426,3.9700000286102295,3.9660000801086426,3.9679999351501465,3.9709999561309814,3.9700000286102295,3.9679999351501465
2025-07-21T16:00:30.0,1830.0,13.289999961853027,10.58248370916657,20.549999237060547,20.540000915527344,47.40999984741211,3.950000047683716,3.9519999027252197,3.9549999237060547,3.9639999866485596,3.9619998931884766,3.9649999141693115,3.9690001010894775,3.9649999141693115,3.9670000076293945,3.9690001010894775,3.9690001010894775,3.9670000076293945
2025-07-21T16:00:40.0,1840.0,13.119999885559082,10.619241108894075,20.55152800026211,20.5430581503487,47.35105006979775,3.950000047683716,3.9509999752044678,3.9549999237060547,3.9630000591278076,3.9619998931884766,3.9649999141693115,3.9690001010894775,3.9649999141693115,3.9670000076293945,3.9690001010894775,3.9690001010894775,3.9670000076293945
2025-07-21T16:00:50.0,1850.0,21.318571581158828,10.656696764249528,20.557983925944377,20.555968770371322,47.55399932861328,3.9489998817443848,3.9509999752044678,3.9539999961853027,3.9630000591278076,3.9619998931884766,3.9649999141693115,3.9679999351501465,3.9649999141693115,3.9670000076293945,3.9690001010894775,3.9690001010894775,3.9670000076293945
2025-07-21T16:01:00.0,1860.0,22.493254961998634,10.71928170942491,20.564442720092853,20.564442720092853,47.55870531867532,3.9600000381469727,3.9609999656677246,3.9639999866485596,3.9730000495910645,3.9719998836517334,3.9749999046325684,3.9790000915527344,3.9749999046325684,3.9769999980926514,3.9790000915527344,3.9790000915527344,3.9769999980926514
2025-07-21T16:01:10.0,1870.0,22.350000381469727,10.781491010182425,20.570905155962613,20.56999969482422,47.560001373291016,3.9600000381469727,3.9609999656677246,3.9649999141693115,3.9739999771118164,3.9719998836517334,3.9760000705718994,3.9800000190734863,3.9749999046325684,3.9779999256134033,3.9800000190734863,3.9800000190734863,3.9779999256134033
2025-07-21T16:01:20.0,1880.0,22.0,10.843261177656112,20.57738198813997,20.56999969482422,47.58000183105469,3.9609999656677246,3.9619998931884766,3.9660000801086426,3.9739999771118164,3.9719998836517334,3.9760000705718994,3.9800000190734863,3.9760000705718994,3.9779999256134033,3.9809999465942383,3.9809999465942383,3.9779999256134033
2025-07-21T16:01:30.0,1890.0,21.647176024493046,10.904184937669692,20.579999923706055,20.573848620126412,47.588836949167685,3.9609999656677246,3.9619998931884766,3.9660000801086426,3.9749999046325684,3.9730000495910645,3.9769999980926514,3.9809999465942383,3.9760000705718994,3.9790000915527344,3.9809999465942383,3.9809999465942383,3.9779999256134033
2025-07-21T16:01:40.0,1900.0,20.961653793334975,10.963848381955614,20.58030871630331,20.579999923706055,47.58252625816148,3.9609999656677246,3.9619998931884766,3.9660000801086426,3.9749999046325684,3.9730000495910645,3.9769999980926514,3.9809999465942383,3.9760000705718994,3.9790000915527344,3.9809999465942383,3.9809999465942383,3.9779999256134033
2025-07-21T16:01:50.0,1910.0,20.610000610351562,11.021735754770429,20.58676881248021,20.579999923706055,47.56999969482422,3.9609999656677246,3.9619998931884766,3.9660000801086426,3.9739999771118164,3.9730000495910645,3.9769999980926514,3.9809999465942383,3.9760000705718994,3.9790000915527344,3.9809999465942383,3.9809999465942383,3.9779999256134033
2025-07-21T16:02:00.0,1920.0,13.4399995803833,11.063592487979191,20.59322682424389,20.583226595362053,47.470001220703125,3.953000068664551,3.9549999237060547,3.9579999446868896,3.9670000076293945,3.9660000801086426,3.9690001010894775,3.9730000495910645,3.9690001010894775,3.9709999561309814,3.9730000495910645,3.9730000495910645,3.9709999561309814
2025-07-21T16:02:10.0,1930.0,13.65999984741211,11.10141092073572,20.59968274992616,20.589682521044324,47.459999084472656,3.953000068664551,3.9549999237060547,3.9579999446868896,3.9670000076293945,3.9649999141693115,3.9679999351501465,3.9719998836517334,3.9679999351501465,3.9709999561309814,3.9730000495910645,3.9730000495910645,3.9709999561309814
2025-07-21T16:02:20.0,1940.0,13.35589578790603,11.139197698240006,20.606166540756917,20.59616631187508,47.453293474982765,3.953000068664551,3.9539999961853027,3.9570000171661377,3.9660000801086426,3.9649999141693115,3.9679999351501465,3.9719998836517334,3.9679999351501465,3.9700000286102295,3.9719998836517334,3.9719998836517334,3.9700000286102295
2025-07-21T16:02:30.0,1950.0,13.266157293631363,11.176169387985592,20.612641497668676,20.60264126878684,47.423174914191755,3.9519999027252197,3.9539999961853027,3.9570000171661377,3.9660000801086426,3.9639999866485596,3.9679999351501465,3.9709999561309814,3.9670000076293945,3.9700000286102295,3.9719998836517334,3.9719998836517334,3.9690001010894775
2025-07-21T16:02:40.0,1960.0,13.109999656677246,11.212722282722517,20.619101593845574,20.60910136496374,47.43000030517578,3.9509999752044678,3.953000068664551,3.9560000896453857,3.9649999141693115,3.9639999866485596,3.9670000076293945,3.9709999561309814,3.9670000076293945,3.9690001010894775,3.9709999561309814,3.9709999561309814,3.9690001010894775
2025-07-21T16:02:50.0,1970.0,15.853607728746221,11.248971805087452,20.62555345547584,20.615554285849296,47.44279607635696,3.9509999752044678,3.953000068664551,3.9560000896453857,3.9649999141693115,3.9630000591278076,3.9670000076293945,3.9709999561309814,3.9670000076293945,3.9690001010894775,3.9709999561309814,3.9709999561309814,3.9690001010894775
2025-07-21T16:03:00.0,1980.0,21.799999237060547,11.307579509560522,20.6299991607666,20.6200008392334,47.59000015258789,3.9609999656677246,3.9619998931884766,3.9649999141693115,3.9739999771118164,3.9730000495910645,3.9760000705718994,3.9809999465942383,3.9760000705718994,3.9779999256134033,3.9809999465942383,3.9809999465942383,3.9779999256134033
2025-07-21T16:03:10.0,1990.0,21.600000381469727,11.36813128524064,20.6299991607666,20.6200008392334,47.59875193013773,3.9619998931884766,3.9630000591278076,3.9660000801086426,3.9749999046325684,3.9739999771118164,3.9769999980926514,3.9809999465942383,3.9769999980926514,3.9790000915527344,3.9809999465942383,3.9809999465942383,3.9790000915527344
2025-07-21T16:03:20.0,2000.0,21.68000030517578,11.42830579683965,20.634943217933312,20.624943953417624,47.56999969482422,3.9619998931884766,3.9630000591278076,3.9660000801086426,3.9749999046325684,3.9739999771118164,3.9769999980926514,3.9809999465942383,3.9769999980926514,3.9790000915527344,3.9820001125335693,3.9820001125335693,3.9790000915527344
2025-07-21T16:03:30.0,2010.0,21.360000610351562,11.48832739143503,20.64141748662149,20.631417257739653,47.61000061035156,3.9630000591278076,3.9639999866485596,3.9670000076293945,3.9760000705718994,3.9749999046325684,3.9779999256134033,3.9820001125335693,3.9779999256134033,3.9809999465942383,3.9830000400543213,3.9830000400543213,3.9800000190734863
2025-07-21T16:03:40.0,2020.0,21.103896118758588,11.54791760340716,20.647869247190414,20.637869018308578,47.607283980758105,3.9630000591278076,3.9649999141693115,3.9679999351501465,3.9769999980926514,3.9749999046325684,3.9790000915527344,3.9830000400543213,3.9779999256134033,3.9809999465942383,3.9830000400543213,3.9830000400543213,3.9809999465942383
2025-07-21T16:03:50.0,2030.0,21.170000076293945,11.606645192656243,20.649999618530273,20.639999389648438,47.61000061035156,3.9630000591278076,3.9649999141693115,3.9679999351501465,3.9769999980926514,3.9760000705718994,3.9790000915527344,3.9830000400543213,3.9790000915527344,3.9809999465942383,3.9839999675750732,3.9839999675750732,3.9809999465942383
2025-07-21T16:04:00.0,2040.0,17.260000228881836,11.657795837611348,20.65076467720597,20.640764448324134,47.560001373291016,3.9590001106262207,3.9609999656677246,3.9639999866485596,3.9730000495910645,3.9719998836517334,3.9749999046325684,3.9790000915527344,3.9749999046325684,3.9769999980926514,3.9800000190734863,3.9790000915527344,3.9769999980926514
2025-07-21T16:04:10.0,2050.0,16.400706130383057,11.704365200022847,20.657097944388894,20.64709771550706,47.529830748115494,3.9590001106262207,3.9609999656677246,3.9639999866485596,3.9730000495910645,3.9719998836517334,3.9749999046325684,3.9790000915527344,3.9749999046325684,3.9769999980926514,3.9800000190734863,3.9790000915527344,3.9769999980926514
2025-07-21T16:04:20.0,2060.0,16.786604388669232,11.75016718912256,20.663495411288356,20.65349518240652,47.51134900179777,3.9590001106262207,3.9600000381469727,3.9639999866485596,3.9730000495910645,3.9709999561309814,3.9749999046325684,3.9779999256134033,3.9739999771118164,3.9769999980926514,3.9790000915527344,3.9790000915527344,3.9769999980926514
2025-07-21T16:04:30.0,2070.0,16.790000915527344,11.796725739195336,20.66994717185728,20.659946942975445,47.47999954223633,3.9590001106262207,3.9600000381469727,3.9639999866485596,3.9719998836517334,3.9709999561309814,3.9739999771118164,3.9779999256134033,3.9739999771118164,3.9769999980926514,3.9790000915527344,3.9790000915527344,3.9760000705718994
2025-07-21T16:04:40.0,2080.0,16.61509013485601,11.842179622485098,20.676394806793628,20.66639457791179,47.51105907664579,3.9579999446868896,3.9600000381469727,3.9639999866485596,3.9719998836517334,3.9709999561309814,3.9739999771118164,3.9779999256134033,3.9739999771118164,3.9769999980926514,3.9790000915527344,3.9790000915527344,3.9760000705718994
2025-07-21T16:04:50.0,2090.0,11.173555755615602,11.887930477364053,20.68000030517578,20.672844012352726,47.42853682773566,3.9579999446868896,3.9600000381469727,3.9630000591278076,3.9719998836517334,3.9709999561309814,3.9739999771118164,3.9779999256134033,3.9739999771118164,3.9760000705718994,3.9779999256134033,3.9790000915527344,3.9760000705718994
2025-07-21T16:05:00.0,2100.0,5.420000076293945,11.90556336038615,20.68000030517578,20.679295772921655,47.34000015258789,3.9489998817443848,3.9509999752044678,3.9539999961853027,3.9630000591278076,3.9619998931884766,3.9649999141693115,3.9679999351501465,3.9649999141693115,3.9670000076293945,3.9690001010894775,3.9690001010894775,3.9670000076293945
2025-07-21T16:05:10.0,2110.0,5.292470713222732,11.920439527435825,20.68000030517578,20.68000030517578,47.28679657979728,3.944999933242798,3.947000026702881,3.950000047683716,3.9590001106262207,3.9579999446868896,3.9609999656677246,3.9639999866485596,3.9609999656677246,3.9630000591278076,3.9649999141693115,3.9649999141693115,3.9630000591278076
2025-07-21T16:05:20.0,2120.0,5.182378911037074,11.934896399558376,20.684488439384573,20.682244372280177,47.20333362155491,3.944000005722046,3.946000099182129,3.9489998817443848,3.9579999446868896,3.9570000171661377,3.9600000381469727,3.9630000591278076,3.9600000381469727,3.9619998931884766,3.9639999866485596,3.9639999866485596,3.9619998931884766
2025-07-21T16:05:30.0,2130.0,5.079999923706055,11.949133410439483,20.697392793061372,20.688696549118575,47.29999923706055,3.943000078201294,3.944999933242798,3.947999954223633,3.9570000171661377,3.9560000896453857,3.9590001106262207,3.9619998931884766,3.9590001106262207,3.9609999656677246,3.9630000591278076,3.9630000591278076,3.9609999656677246
2025-07-21T16:05:40.0,2140.0,5.269999980926514,11.963378554887763,20.70509147875296,20.69509222101111,47.27000045776367,3.941999912261963,3.944000005722046,3.947000026702881,3.9570000171661377,3.9549999237060547,3.9579999446868896,3.9609999656677246,3.9579999446868896,3.9600000381469727,3.9619998931884766,3.9619998931884766,3.9600000381469727
2025-07-21T16:05:50.0,2150.0,5.159999847412109,11.977561032224752,20.709999084472656,20.700000762939453,47.220001220703125,3.940999984741211,3.943000078201294,3.946000099182129,3.9560000896453857,3.9539999961853027,3.9570000171661377,3.9600000381469727,3.9570000171661377,3.9590001106262207,3.9609999656677246,3.9609999656677246,3.9590001106262207
2025-07-21T16:06:00.0,2160.0,23.010000228881836,12.005073615415881,20.709999084472656,20.700000762939453,47.59000015258789,3.9590001106262207,3.9609999656677246,3.9639999866485596,3.9730000495910645,3.9709999561309814,3.9749999046325684,3.9800000190734863,3.9749999046325684,3.9779999256134033,3.9800000190734863,3.9800000190734863,3.9769999980926514
2025-07-21T16:06:10.0,2170.0,21.940000534057617,12.067209126372328,20.71442720138609,20.70885615218938,47.56999969482422,3.9600000381469727,3.9619998931884766,3.9649999141693115,3.9739999771118164,3.9719998836517334,3.9760000705718994,3.9800000190734863,3.9760000705718994,3.9779999256134033,3.9809999465942383,3.9809999465942383,3.9779999256134033
2025-07-21T16:06:20.0,2180.0,21.65999984741211,12.127557589029196,20.719999313354492,20.719999313354492,47.59000015258789,3.9619998931884766,3.9630000591278076,3.9660000801086426,3.9760000705718994,3.9739999771118164,3.9779999256134033,3.9820001125335693,3.9769999980926514,3.9800000190734863,3.9820001125335693,3.9820001125335693,3.9790000915527344
2025-07-21T16:06:30.0,2190.0,21.317123812008525,12.187330255585238,20.719999313354492,20.719999313354492,47.599998474121094,3.9630000591278076,3.9639999866485596,3.9679999351501465,3.9769999980926514,3.9749999046325684,3.9790000915527344,3.9830000400543213,3.9779999256134033,3.9809999465942383,3.9830000400543213,3.9830000400543213,3.9809999465942383
2025-07-21T16:06:40.0,2200.0,21.1200008392334,12.246609028425738,20.72382239827198,20.72382239827198,47.599998474121094,3.9639999866485596,3.9649999141693115,3.9679999351501465,3.9769999980926514,3.9760000705718994,3.9790000915527344,3.9839999675750732,3.9790000915527344,3.9809999465942383,3.9839999675750732,3.9839999675750732,3.9809999465942383
2025-07-21T16:06:50.0,2210.0,21.1200008392334,12.305275697423607,20.729999542236328,20.729999542236328,47.599998474121094,3.9639999866485596,3.9649999141693115,3.9690001010894775,3.9779999256134033,3.9760000705718994,3.9800000190734863,3.9839999675750732,3.9800000190734863,3.9820001125335693,3.9839999675750732,3.9839999675750732,3.9820001125335693
2025-07-21T16:07:00.0,2220.0,21.84000015258789,12.366214964060774,20.729999542236328,20.729999542236328,47.63999938964844,3.9660000801086426,3.9670000076293945,3.9709999561309814,3.9800000190734863,3.9779999256134033,3.9809999465942383,3.9839999675750732,3.9800000190734863,3.9820001125335693,3.9839999675750732,3.9839999675750732,3.9820001125335693
2025-07-21T16:07:10.0,2230.0,21.255799429757257,12.425541285753772,20.73320635574944,20.73320635574944,47.63999938964844,3.9649999141693115,3.9670000076293945,3.9700000286102295,3.9790000915527344,3.9779999256134033,3.9809999465942383,3.9860000610351562,3.9809999465942383,3.9839999675750732,3.9860000610351562,3.9860000610351562,3.9830000400543213
2025-07-21T16:07:20.0,2240.0,20.799999237060547,12.483808428641945,20.739687385484913,20.739687385484913,47.63999938964844,3.9660000801086426,3.9670000076293945,3.9709999561309814,3.9800000190734863,3.9779999256134033,3.9820001125335693,3.9860000610351562,3.9809999465942383,3.9839999675750732,3.9860000610351562,3.9860000610351562,3.9839999675750732
2025-07-21T16:07:30.0,2250.0,20.760000228881836,12.541513366922263,20.746152465267958,20.746152465267958,47.63999938964844,3.9660000801086426,3.9679999351501465,3.9709999561309814,3.9800000190734863,3.9779999256134033,3.9820001125335693,3.9860000610351562,3.9820001125335693,3.9839999675750732,3.986999988555908,3.986999988555908,3.9839999675750732
2025-07-21T16:07:40.0,2260.0,20.61608717390103,12.59894847290303,20.752618429916797,20.75,47.650001525878906,3.9660000801086426,3.9679999351501465,3.9709999561309814,3.9800000190734863,3.9790000915527344,3.9820001125335693,3.986999988555908,3.9820001125335693,3.984999895095825,3.986999988555908,3.986999988555908,3.9839999675750732
2025-07-21T16:07:50.0,2270.0,18.0302358091268,12.656054724550769,20.759086883268566,20.75,47.519451440549375,3.9670000076293945,3.9679999351501465,3.9719998836517334,3.9809999465942383,3.9790000915527344,3.9830000400543213,3.986999988555908,3.9820001125335693,3.984999895095825,3.986999988555908,3.986999988555908,3.984999895095825
2025-07-21T16:08:00.0,2280.0,5.130000114440918,12.682670575136997,20.760000228881836,20.755540771976595,47.310001373291016,3.950000047683716,3.9519999027252197,3.9549999237060547,3.9649999141693115,3.9630000591278076,3.9660000801086426,3.9700000286102295,3.9670000076293945,3.9690001010894775,3.9709999561309814,3.9709999561309814,3.9690001010894775
2025-07-21T16:08:10.0,2290.0,5.070000171661377,12.696947275429425,20.760000228881836,20.760000228881836,47.35491086725603,3.9489998817443848,3.9519999027252197,3.9549999237060547,3.9630000591278076,3.9619998931884766,3.9660000801086426,3.9679999351501465,3.9649999141693115,3.9679999351501465,3.9690001010894775,3.9690001010894775,3.9670000076293945
2025-07-21T16:08:20.0,2300.0,4.914908950359797,12.710925031153485,20.760000228881836,20.760000228881836,47.3668606580272,3.947000026702881,3.9489998817443848,3.9519999027252197,3.9619998931884766,3.9609999656677246,3.9639999866485596,3.9670000076293945,3.9639999866485596,3.9660000801086426,3.9679999351501465,3.9679999351501465,3.9660000801086426
2025-07-21T16:08:30.0,2310.0,4.880000114440918,12.724434464753857,20.760000228881836,20.760000228881836,47.34000015258789,3.946000099182129,3.947999954223633,3.9509999752044678,3.9609999656677246,3.9590001106262207,3.9619998931884766,3.9649999141693115,3.9619998931884766,3.9639999866485596,3.9670000076293945,3.9660000801086426,3.9639999866485596
2025-07-21T16:08:40.0,2320.0,4.737399835586548,12.737699548152412,20.764115265594132,20.762743586690032,47.30859943389893,3.944999933242798,3.947999954223633,3.950000047683716,3.9600000381469727,3.9579999446868896,3.9619998931884766,3.9649999141693115,3.9619998931884766,3.9639999866485596,3.9660000801086426,3.9649999141693115,3.9639999866485596
2025-07-21T16:08:50.0,2330.0,4.659999847412109,12.75084661442663,20.783272792187688,20.775515271085737,47.310001373291016,3.944999933242798,3.947000026702881,3.950000047683716,3.9590001106262207,3.9579999446868896,3.9609999656677246,3.9630000591278076,3.9600000381469727,3.9630000591278076,3.9639999866485596,3.9639999866485596,3.9619998931884766
2025-07-21T16:09:00.0,2340.0,20.615634382160675,12.791090865406582,20.790000915527344,20.784197419180135,47.59309679417829,3.9609999656677246,3.9630000591278076,3.9660000801086426,3.9590001106262207,3.9570000171661377,3.9600000381469727,3.9800000190734863,3.9749999046325684,3.9779999256134033,3.9800000190734863,3.9800000190734863,3.9769999980926514
2025-07-21T16:09:10.0,2350.0,20.210689743426666,12.847973783269582,20.790667902843122,20.790667902843122,47.58000183105469,3.9619998931884766,3.9630000591278076,3.9670000076293945,3.9760000705718994,3.9749999046325684,3.9779999256134033,3.9820001125335693,3.9779999256134033,3.9800000190734863,3.9820001125335693,3.9820001125335693,3.9800000190734863
2025-07-21T16:09:20.0,2360.0,19.989999771118164,12.90394343323402,20.797156106303994,20.797156106303994,47.599998474121094,3.9630000591278076,3.9649999141693115,3.9679999351501465,3.9769999980926514,3.9749999046325684,3.9790000915527344,3.9830000400543213,3.9790000915527344,3.9809999465942383,3.9830000400543213,3.9830000400543213,3.9809999465942383
2025-07-21T16:09:30.0,2370.0,19.950000762939453,12.959385872192506,20.799999237060547,20.799999237060547,47.619998931884766,3.9639999866485596,3.9649999141693115,3.9679999351501465,3.9779999256134033,3.9760000705718994,3.9800000190734863,3.9839999675750732,3.9790000915527344,3.9820001125335693,3.9839999675750732,3.9839999675750732,3.9820001125335693
2025-07-21T16:09:40.0,2380.0,19.82753348032637,13.014666934670466,20.80008844401502,20.80008844401502,47.61000061035156,3.9639999866485596,3.9660000801086426,3.9690001010894775,3.9779999256134033,3.9769999980926514,3.9800000190734863,3.984999895095825,3.9800000190734863,3.9830000400543213,3.984999895095825,3.984999895095825,3.9820001125335693
2025-07-21T16:09:50.0,2390.0,19.61349066441355,13.069329868492675,20.80655271607826,20.80655271607826,47.630001068115234,3.9649999141693115,3.9660000801086426,3.9700000286102295,3.9790000915527344,3.9779999256134033,3.9809999465942383,3.984999895095825,3.9800000190734863,3.9830000400543213,3.984999895095825,3.984999895095825,3.9830000400543213
2025-07-21T16:10:00.0,2400.0,19.469999313354492,13.124569055993945,20.809999465942383,20.813011147775956,47.63999938964844,3.9649999141693115,3.9670000076293945,3.9700000286102295,3.9800000190734863,3.9779999256134033,3.9820001125335693,3.9860000610351562,3.9809999465942383,3.9839999675750732,3.9860000610351562,3.9860000610351562,3.9839999675750732
2025-07-21T16:10:10.0,2410.0,19.347969631815996,13.178718661159003,20.809999465942383,20.819462908344885,47.636790217909706,3.9649999141693115,3.9670000076293945,3.9709999561309814,3.9800000190734863,3.9779999256134033,3.9820001125335693,3.9860000610351562,3.9809999465942383,3.9839999675750732,3.9860000610351562,3.9860000610351562,3.9839999675750732
2025-07-21T16:10:20.0,2420.0,18.989999771118164,13.231886655521517,20.815873134876245,20.82587336375808,47.619998931884766,3.9660000801086426,3.9670000076293945,3.9709999561309814,3.9800000190734863,3.9790000915527344,3.9820001125335693,3.9860000610351562,3.9820001125335693,3.9839999675750732,3.9860000610351562,3.9860000610351562,3.9839999675750732
2025-07-21T16:10:30.0,2430.0,18.809999465942383,13.284413254506976,20.822300180545273,20.829999923706055,47.619998931884766,3.9660000801086426,3.9679999351501465,3.9709999561309814,3.9800000190734863,3.9790000915527344,3.9820001125335693,3.9860000610351562,3.9820001125335693,3.9839999675750732,3.986999988555908,3.986999988555908,3.9839999675750732
2025-07-21T16:10:40.0,2440.0,18.6200008392334,13.336618497791417,20.828764034776956,20.829999923706055,47.630001068115234,3.9660000801086426,3.9679999351501465,3.9709999561309814,3.9800000190734863,3.9790000915527344,3.9820001125335693,3.986999988555908,3.9820001125335693,3.984999895095825,3.986999988555908,3.986999988555908,3.9839999675750732
2025-07-21T16:10:50.0,2450.0,18.170000076293945,13.388050719532561,20.829999923706055,20.835224511988226,47.619998931884766,3.9660000801086426,3.9679999351501465,3.9709999561309814,3.9800000190734863,3.9790000915527344,3.9820001125335693,3.986999988555908,3.9820001125335693,3.984999895095825,3.986999988555908,3.986999988555908,3.9839999675750732
2025-07-21T16:11:00.0,2460.0,4.789999961853027,13.419844791917924,20.829999923706055,20.84000015258789,47.349998474121094,3.9519999027252197,3.9539999961853027,3.9570000171661377,3.9670000076293945,3.9649999141693115,3.9679999351501465,3.9730000495910645,3.9700000286102295,3.9719998836517334,3.9739999771118164,3.9739999771118164,3.9719998836517334
2025-07-21T16:11:10.0,2470.0,4.913333193461097,13.433332780926087,20.829999923706055,20.84000015258789,47.33180461606611,3.950000047683716,3.953000068664551,3.9549999237060547,3.9649999141693115,3.9639999866485596,3.9670000076293945,3.9700000286102295,3.9670000076293945,3.9690001010894775,3.9719998836517334,3.9709999561309814,3.9690001010894775
2025-07-21T16:11:20.0,2480.0,4.739999771118164,13.446745486421445,20.829999923706055,20.84000015258789,47.380001068115234,3.9489998817443848,3.9519999027252197,3.9539999961853027,3.9639999866485596,3.9630000591278076,3.9660000801086426,3.9690001010894775,3.9649999141693115,3.9679999351501465,3.9700000286102295,3.9690001010894775,3.9670000076293945
2025-07-21T16:11:30.0,2490.0,4.449999809265137,13.459699646924726,20.832238017775914,20.84111919962282,47.369998931884766,3.947999954223633,3.950000047683716,3.953000068664551,3.9630000591278076,3.9619998931884766,3.9649999141693115,3.9679999351501465,3.9649999141693115,3.9670000076293945,3.9690001010894775,3.9690001010894775,3.9670000076293945
2025-07-21T16:11:40.0,2500.0,4.880000114440918,13.472791824804272,20.84518246005387,20.8475914207618,47.310001373291016,3.947999954223633,3.950000047683716,3.953000068664551,3.9630000591278076,3.9609999656677246,3.9639999866485596,3.9670000076293945,3.9639999866485596,3.9660000801086426,3.9679999351501465,3.9679999351501465,3.9660000801086426
2025-07-21T16:11:50.0,2510.0,4.610000038146973,13.486218014012831,20.854061276483968,20.854061276483968,47.30139986923317,3.947000026702881,3.9489998817443848,3.9519999027252197,3.9619998931884766,3.9600000381469727,3.9630000591278076,3.9660000801086426,3.9630000591278076,3.9649999141693115,3.9670000076293945,3.9670000076293945,3.9649999141693115
2025-07-21T16:12:00.0,2520.0,20.324316639522863,13.533525542815386,20.860000610351562,20.86053041522367,47.59000015258789,3.9619998931884766,3.9639999866485596,3.9670000076293945,3.9769999980926514,3.9749999046325684,3.9779999256134033,3.9830000400543213,3.9779999256134033,3.9809999465942383,3.9830000400543213,3.9830000400543213,3.9800000190734863
2025-07-21T16:12:10.0,2530.0,20.1440268717314,13.589751631341372,20.860000610351562,20.867007247401023,47.61000061035156,3.9639999866485596,3.9649999141693115,3.9690001010894775,3.9779999256134033,3.9769999980926514,3.9800000190734863,3.9839999675750732,3.9800000190734863,3.9820001125335693,3.9839999675750732,3.984999895095825,3.9820001125335693
2025-07-21T16:12:20.0,2540.0,20.020000457763672,13.6454949988279,20.860000610351562,20.8700008392334,47.630001068115234,3.9649999141693115,3.9670000076293945,3.9700000286102295,3.9790000915527344,3.9779999256134033,3.9809999465942383,3.984999895095825,3.9809999465942383,3.9830000400543213,3.9860000610351562,3.9860000610351562,3.9830000400543213
2025-07-21T16:12:30.0,2550.0,19.690000534057617,13.700886710158315,20.860000610351562,20.8700008392334,47.619998931884766,3.9649999141693115,3.9670000076293945,3.9709999561309814,3.9800000190734863,3.9790000915527344,3.9820001125335693,3.984999895095825,3.9809999465942383,3.9830000400543213,3.9860000610351562,3.9860000610351562,3.9830000400543213
2025-07-21T16:12:40.0,2560.0,19.549999237060547,13.755573456014918,20.860000610351562,20.87636440825586,47.64039842843854,3.9660000801086426,3.9679999351501465,3.9709999561309814,3.9809999465942383,3.9790000915527344,3.9830000400543213,3.986999988555908,3.9830000400543213,3.984999895095825,3.986999988555908,3.986999988555908,3.984999895095825
2025-07-21T16:12:50.0,2570.0,19.399999618530273,13.809809678608438,20.862840341344157,20.8799991607666,47.650001525878906,3.9670000076293945,3.9690001010894775,3.9719998836517334,3.9809999465942383,3.9800000190734863,3.9830000400543213,3.98799991607666,3.9830000400543213,3.9860000610351562,3.98799991607666,3.98799991607666,3.984999895095825
2025-07-21T16:13:00.0,2580.0,19.5,13.863494316712345,20.86931340036535,20.8799991607666,47.66999816894531,3.9670000076293945,3.9690001010894775,3.9719998836517334,3.9820001125335693,3.9800000190734863,3.9839999675750732,3.98799991607666,3.9830000400543213,3.9860000610351562,3.98799991607666,3.98799991607666,3.9860000610351562
2025-07-21T16:13:10.0,2590.0,18.559006525176837,13.91679351023448,20.875784981489954,20.885784406445943,47.636222245958116,3.9670000076293945,3.9690001010894775,3.9719998836517334,3.9820001125335693,3.9800000190734863,3.9839999675750732,3.98799991607666,3.9830000400543213,3.9860000610351562,3.98799991607666,3.98799991607666,3.984999895095825
2025-07-21T16:13:20.0,2600.0,18.690000534057617,13.967976906087525,20.8799991607666,20.892238208540597,47.63999938964844,3.9670000076293945,3.9690001010894775,3.9719998836517334,3.9820001125335693,3.9800000190734863,3.9839999675750732,3.98799991607666,3.9839999675750732,3.9860000610351562,3.98799991607666,3.98799991607666,3.9860000610351562
2025-07-21T16:13:30.0,2610.0,18.440000534057617,14.019307713256271,20.8799991607666,20.89865684068555,47.65999984741211,3.9679999351501465,3.9690001010894775,3.9730000495910645,3.9820001125335693,3.9809999465942383,3.9839999675750732,3.98799991607666,3.9839999675750732,3.9860000610351562,3.989000082015991,3.989000082015991,3.9860000610351562
2025-07-21T16:13:40.0,2620.0,18.473921324989927,14.070105335635997,20.8799991607666,20.899999618530273,47.65301606232548,3.9679999351501465,3.9690001010894775,3.9730000495910645,3.9820001125335693,3.9809999465942383,3.9839999675750732,3.98799991607666,3.9839999675750732,3.986999988555908,3.989000082015991,3.989000082015991,3.9860000610351562
2025-07-21T16:13:50.0,2630.0,17.680300292968756,14.120918146369583,20.881589106600465,20.901589564364137,47.63999938964844,3.9679999351501465,3.9700000286102295,3.9730000495910645,3.9830000400543213,3.9809999465942383,3.984999895095825,3.989000082015991,3.9839999675750732,3.986999988555908,3.989000082015991,3.989000082015991,3.986999988555908
2025-07-21T16:14:00.0,2640.0,10.975831040469066,14.165691089522966,20.888057559952237,20.90805801771591,47.5407371047585,3.9609999656677246,3.9630000591278076,3.9660000801086426,3.9760000705718994,3.9739999771118164,3.9779999256134033,3.9809999465942383,3.9769999980926514,3.9800000190734863,3.9820001125335693,3.9820001125335693,3.9790000915527344
2025-07-21T16:14:10.0,2650.0,10.699999809265137,14.195675011241562,20.889999389648438,20.90999984741211,47.470001220703125,3.9600000381469727,3.9619998931884766,3.9649999141693115,3.9749999046325684,3.9730000495910645,3.9760000705718994,3.9800000190734863,3.9760000705718994,3.9790000915527344,3.9809999465942383,3.9809999465942383,3.9779999256134033
2025-07-21T16:14:20.0,2660.0,10.550000190734863,14.225023427265874,20.891013643133995,20.911014100897667,47.540000915527344,3.9590001106262207,3.9619998931884766,3.9649999141693115,3.9739999771118164,3.9730000495910645,3.9760000705718994,3.9790000915527344,3.9760000705718994,3.9779999256134033,3.9800000190734863,3.9800000190734863,3.9779999256134033
2025-07-21T16:14:30.0,2670.0,10.237646630231069,14.25377671597202,20.897482096485763,20.917482554249435,47.5099983215332,3.9579999446868896,3.9609999656677246,3.9639999866485596,3.9730000495910645,3.9719998836517334,3.9749999046325684,3.9790000915527344,3.9749999046325684,3.9769999980926514,3.9790000915527344,3.9790000915527344,3.9769999980926514
2025-07-21T16:14:40.0,2680.0,10.351385597777504,14.282438777377202,20.90394544527512,20.920000076293945,47.489636126431556,3.9579999446868896,3.9600000381469727,3.9630000591278076,3.9730000495910645,3.9719998836517334,3.9749999046325684,3.9779999256134033,3.9749999046325684,3.9769999980926514,3.9790000915527344,3.9790000915527344,3.9769999980926514
2025-07-21T16:14:50.0,2690.0,10.3100004196167,14.310932977650822,20.90999984741211,20.920401645686987,47.5099983215332,3.9579999446868896,3.9600000381469727,3.9630000591278076,3.9730000495910645,3.9709999561309814,3.9739999771118164,3.9779999256134033,3.9739999771118164,3.9769999980926514,3.9790000915527344,3.9790000915527344,3.9760000705718994
2025-07-21T16:15:00.0,2700.0,15.199999809265137,14.34626676130334,20.90999984741211,20.926796062773654,47.56999969482422,3.9619998931884766,3.9639999866485596,3.9670000076293945,3.9769999980926514,3.9760000705718994,3.9790000915527344,3.9830000400543213,3.9790000915527344,3.9809999465942383,3.9830000400543213,3.9830000400543213,3.9809999465942383
2025-07-21T16:15:10.0,2710.0,14.949999809265137,14.387973149662407,20.90999984741211,20.93000030517578,47.56999969482422,3.9619998931884766,3.9639999866485596,3.9670000076293945,3.9769999980926514,3.9749999046325684,3.9790000915527344,3.9820001125335693,3.9779999256134033,3.9809999465942383,3.9830000400543213,3.9830000400543213,3.9809999465942383
2025-07-21T16:15:20.0,2720.0,13.529999732971191,14.428248882544167,20.90999984741211,20.93000030517578,47.5,3.9619998931884766,3.9639999866485596,3.9670000076293945,3.9769999980926514,3.9749999046325684,3.9790000915527344,3.9830000400543213,3.9779999256134033,3.9809999465942383,3.9830000400543213,3.9830000400543213,3.9809999465942383
2025-07-21T16:15:30.0,2730.0,13.960000038146973,14.467123616138956,20.91612546776687,20.936125925530543,47.560001373291016,3.9619998931884766,3.9639999866485596,3.9670000076293945,3.9769999980926514,3.9749999046325684,3.9790000915527344,3.9830000400543213,3.9790000915527344,3.9809999465942383,3.9830000400543213,3.9830000400543213,3.9809999465942383
2025-07-21T16:15:40.0,2740.0,13.9399995803833,14.505443682459585,20.920000076293945,20.940000534057617,47.560001373291016,3.9619998931884766,3.9639999866485596,3.9670000076293945,3.9769999980926514,3.9760000705718994,3.9790000915527344,3.9830000400543213,3.9790000915527344,3.9809999465942383,3.9830000400543213,3.9830000400543213,3.9809999465942383
2025-07-21T16:15:50.0,2750.0,13.148210164120284,14.544095221327538,20.920000076293945,20.940000534057617,47.55300121307373,3.9619998931884766,3.9639999866485596,3.9670000076293945,3.9769999980926514,3.9760000705718994,3.9790000915527344,3.9830000400543213,3.9790000915527344,3.9809999465942383,3.9830000400543213,3.9830000400543213,3.9809999465942383
2025-07-21T16:16:00.0,2760.0,18.190000534057617,14.586716932443903,20.92542731048506,20.94542776824873,47.650001525878906,3.9670000076293945,3.9690001010894775,3.9719998836517334,3.9820001125335693,3.9800000190734863,3.9839999675750732,3.98799991607666,3.9830000400543213,3.9860000610351562,3.98799991607666,3.98799991607666,3.9860000610351562
2025-07-21T16:16:10.0,2770.0,17.649999618530273,14.636681010749466,20.93000030517578,20.950000762939453,47.650001525878906,3.9670000076293945,3.9690001010894775,3.9719998836517334,3.9820001125335693,3.9800000190734863,3.9839999675750732,3.98799991607666,3.9830000400543213,3.9860000610351562,3.98799991607666,3.98799991607666,3.9860000610351562
2025-07-21T16:16:20.0,2780.0,18.229999542236328,14.686538633588015,20.93000030517578,20.950000762939453,47.63999938964844,3.9679999351501465,3.9700000286102295,3.9730000495910645,3.9830000400543213,3.9809999465942383,3.984999895095825,3.989000082015991,3.9839999675750732,3.986999988555908,3.989000082015991,3.989000082015991,3.9860000610351562
2025-07-21T16:16:30.0,2790.0,16.81999969482422,14.735511082828172,20.93000030517578,20.950000762939453,47.63999938964844,3.9679999351501465,3.9700000286102295,3.9730000495910645,3.9830000400543213,3.9809999465942383,3.984999895095825,3.989000082015991,3.984999895095825,3.986999988555908,3.989000082015991,3.989000082015991,3.986999988555908
2025-07-21T16:16:40.0,2800.0,16.770000457763672,14.782061972515177,20.931271652103394,20.951271867382435,47.65999984741211,3.9679999351501465,3.9700000286102295,3.9730000495910645,3.9830000400543213,3.9809999465942383,3.984999895095825,3.989000082015991,3.984999895095825,3.986999988555908,3.989000082015991,3.989000082015991,3.986999988555908
2025-07-21T16:16:50.0,2810.0,16.06999969482422,14.828637860949694,20.937731748280292,20.95773073142197,47.650001525878906,3.9679999351501465,3.9700000286102295,3.9730000495910645,3.9830000400543213,3.9809999465942383,3.984999895095825,3.989000082015991,3.9839999675750732,3.986999988555908,3.989000082015991,3.989000082015991,3.986999988555908
2025-07-21T16:17:00.0,2820.0,10.878195867351447,14.866341500232878,20.940000534057617,20.96420397656503,47.55435543060303,3.9619998931884766,3.9639999866485596,3.9679999351501465,3.9769999980926514,3.9760000705718994,3.9790000915527344,3.9830000400543213,3.9790000915527344,3.9809999465942383,3.9839999675750732,3.9830000400543213,3.9809999465942383
2025-07-21T16:17:10.0,2830.0,9.989999771118164,14.89486212723612,20.940686671681288,20.969999313354492,47.529998779296875,3.9609999656677246,3.9630000591278076,3.9660000801086426,3.9760000705718994,3.9749999046325684,3.9779999256134033,3.9809999465942383,3.9779999256134033,3.9800000190734863,3.9839999675750732,3.9830000400543213,3.9809999465942383
2025-07-21T16:17:20.0,2840.0,9.930000305175781,14.922660771171646,20.947171904419182,20.969999313354492,47.51529962024549,3.9600000381469727,3.9630000591278076,3.9660000801086426,3.9760000705718994,3.9739999771118164,3.9769999980926514,3.9809999465942383,3.9769999980926514,3.9790000915527344,3.9809999465942383,3.9809999465942383,3.9790000915527344
2025-07-21T16:17:30.0,2850.0,9.982745222951868,14.950157476862131,20.950000762939453,20.973650951336086,47.490119305778954,3.9600000381469727,3.9619998931884766,3.9649999141693115,3.9749999046325684,3.9739999771118164,3.9769999980926514,3.9800000190734863,3.9769999980926514,3.9790000915527344,3.9809999465942383,3.9809999465942383,3.9790000915527344
2025-07-21T16:17:40.0,2860.0,9.826400165557855,14.977356132446257,20.950000762939453,20.979999542236328,47.51558912253078,3.9590001106262207,3.9619998931884766,3.9649999141693115,3.9749999046325684,3.9730000495910645,3.9760000705718994,3.9800000190734863,3.9760000705718994,3.9779999256134033,3.9809999465942383,3.9800000190734863,3.9779999256134033
2025-07-21T16:17:50.0,2870.0,9.569999694824219,15.004427777551935,20.950000762939453,20.979999542236328,47.5099983215332,3.9590001106262207,3.9609999656677246,3.9639999866485596,3.9739999771118164,3.9730000495910645,3.9760000705718994,3.9790000915527344,3.9760000705718994,3.9779999256134033,3.9800000190734863,3.9800000190734863,3.9779999256134033
2025-07-21T16:18:00.0,2880.0,10.800000190734863,15.032199427183329,20.953073386281826,20.979999542236328,47.540000915527344,3.9600000381469727,3.9619998931884766,3.9649999141693115,3.9749999046325684,3.9739999771118164,3.9769999980926514,3.9800000190734863,3.9769999980926514,3.9790000915527344,3.9809999465942383,3.9809999465942383,3.9790000915527344
2025-07-21T16:18:10.0,2890.0,10.460357793593246,15.061292110175419,20.959544791804934,20.979999542236328,47.5099983215332,3.9590001106262207,3.9619998931884766,3.9649999141693115,3.9749999046325684,3.9730000495910645,3.9760000705718994,3.9800000190734863,3.9760000705718994,3.9779999256134033,3.9809999465942383,3.9809999465942383,3.9779999256134033
2025-07-21T16:18:20.0,2900.0,10.318525958931357,15.090138816016907,20.959999084472656,20.986033424659645,47.51985523752922,3.9590001106262207,3.9619998931884766,3.9639999866485596,3.9749999046325684,3.9730000495910645,3.9760000705718994,3.9800000190734863,3.9760000705718994,3.9779999256134033,3.9800000190734863,3.9800000190734863,3.9779999256134033
2025-07-21T16:18:30.0,2910.0,10.239999771118164,15.118572433351272,20.959999084472656,20.989999771118164,47.4900016784668,3.9590001106262207,3.9609999656677246,3.9639999866485596,3.9739999771118164,3.9730000495910645,3.9760000705718994,3.9790000915527344,3.9760000705718994,3.9779999256134033,3.9800000190734863,3.9800000190734863,3.9779999256134033
2025-07-21T16:18:40.0,2920.0,9.967843371123262,15.146847988751063,20.959999084472656,20.989999771118164,47.52000045776367,3.9590001106262207,3.9609999656677246,3.9639999866485596,3.9739999771118164,3.9730000495910645,3.9760000705718994,3.9790000915527344,3.9749999046325684,3.9779999256134033,3.9800000190734863,3.9800000190734863,3.9779999256134033
2025-07-21T16:18:50.0,2930.0,9.6899995803833,15.173908654628722,20.959999084472656,20.989999771118164,47.5,3.9579999446868896,3.9609999656677246,3.9639999866485596,3.9739999771118164,3.9719998836517334,3.9749999046325684,3.9790000915527344,3.9749999046325684,3.9779999256134033,3.9800000190734863,3.9800000190734863,3.9769999980926514
2025-07-21T16:19:00.0,2940.0,18.270000457763672,15.202073665558888,20.961933109320483,20.99193379596599,47.650001525878906,3.9579999446868896,3.9609999656677246,3.9639999866485596,3.9800000190734863,3.9790000915527344,3.9830000400543213,3.9790000915527344,3.9749999046325684,3.9779999256134033,3.9860000610351562,3.986999988555908,3.984999895095825
2025-07-21T16:19:10.0,2950.0,18.12302043391208,15.25295910478313,20.968405749373453,20.99840643601896,47.64184292063994,3.9679999351501465,3.9700000286102295,3.9730000495910645,3.9839999675750732,3.9820001125335693,3.984999895095825,3.989000082015991,3.984999895095825,3.98799991607666,3.990000009536743,3.990000009536743,3.986999988555908
2025-07-21T16:19:20.0,2960.0,17.762292761698255,15.30314289009663,20.969999313354492,21.0,47.655562636103944,3.9690001010894775,3.9709999561309814,3.9739999771118164,3.9839999675750732,3.9820001125335693,3.984999895095825,3.990000009536743,3.984999895095825,3.98799991607666,3.990000009536743,3.990000009536743,3.986999988555908
2025-07-21T16:19:30.0,2970.0,17.65043381373087,15.352361413303342,20.969999313354492,21.001385644157445,47.66999816894531,3.9690001010894775,3.9709999561309814,3.9739999771118164,3.984999895095825,3.9830000400543213,3.9860000610351562,3.990000009536743,3.9860000610351562,3.98799991607666,3.990999937057495,3.990999937057495,3.98799991607666
2025-07-21T16:19:40.0,2980.0,17.510000228881836,15.40120231488267,20.969999313354492,21.007866673892917,47.66999816894531,3.9700000286102295,3.9719998836517334,3.9749999046325684,3.984999895095825,3.9830000400543213,3.986999988555908,3.990999937057495,3.9860000610351562,3.989000082015991,3.990999937057495,3.990999937057495,3.989000082015991
2025-07-21T16:19:50.0,2990.0,17.43000030517578,15.449804137776024,20.97434397237906,21.010000228881836,47.66999816894531,3.9700000286102295,3.9719998836517334,3.9749999046325684,3.984999895095825,3.9839999675750732,3.986999988555908,3.990999937057495,3.986999988555908,3.990000009536743,3.992000102996826,3.992000102996826,3.989000082015991
2025-07-21T16:20:00.0,3000.0,10.09000015258789,15.490047188601885,20.979999542236328,21.010000228881836,47.56999969482422,3.9630000591278076,3.9660000801086426,3.9690001010894775,3.9790000915527344,3.9769999980926514,3.9800000190734863,3.990999937057495,3.986999988555908,3.990000009536743,3.992000102996826,3.992000102996826,3.989000082015991
2025-07-21T16:20:10.0,3010.0,9.5114512424843,15.517297228660446,20.979999542236328,21.010000228881836,47.54054864122977,3.9619998931884766,3.9639999866485596,3.9670000076293945,3.9769999980926514,3.9760000705718994,3.9790000915527344,3.9820001125335693,3.9790000915527344,3.9809999465942383,3.9830000400543213,3.9830000400543213,3.9809999465942383
2025-07-21T16:20:20.0,3020.0,9.15999984741211,15.543438901058693,20.979999542236328,21.01378069227589,47.52000045776367,3.9609999656677246,3.9639999866485596,3.9670000076293945,3.9769999980926514,3.9749999046325684,3.9779999256134033,3.9820001125335693,3.9779999256134033,3.9809999465942383,3.9830000400543213,3.9820001125335693,3.9800000190734863
2025-07-21T16:20:30.0,3030.0,9.1899995803833,15.568871717404122,20.979999542236328,21.020000457763672,47.52000045776367,3.9609999656677246,3.9630000591278076,3.9660000801086426,3.9760000705718994,3.9749999046325684,3.9779999256134033,3.9809999465942383,3.9779999256134033,3.9800000190734863,3.9820001125335693,3.9820001125335693,3.9800000190734863
2025-07-21T16:20:40.0,3040.0,8.880000114440918,15.593800167044392,20.979999542236328,21.020000457763672,47.47999954223633,3.9600000381469727,3.9630000591278076,3.9649999141693115,3.9760000705718994,3.9739999771118164,3.9769999980926514,3.9809999465942383,3.9769999980926514,3.9790000915527344,3.9809999465942383,3.9809999465942383,3.9790000915527344
2025-07-21T16:20:50.0,3050.0,8.821255323621948,15.618637090002025,20.979999542236328,21.020000457763672,47.52776386036592,3.9600000381469727,3.9619998931884766,3.9649999141693115,3.9749999046325684,3.9739999771118164,3.9769999980926514,3.9809999465942383,3.9769999980926514,3.9790000915527344,3.9809999465942383,3.9809999465942383,3.9790000915527344
2025-07-21T16:21:00.0,3060.0,15.200744371635588,15.649829195763132,20.979999542236328,21.020000457763672,47.61852673671043,3.9679999351501465,3.9700000286102295,3.9730000495910645,3.9830000400543213,3.9809999465942383,3.9839999675750732,3.98799991607666,3.9839999675750732,3.9860000610351562,3.98799991607666,3.98799991607666,3.9860000610351562
2025-07-21T16:21:10.0,3070.0,16.649999618530273,15.69569924012594,20.98615522427908,21.026156139806425,47.63999938964844,3.9679999351501465,3.9700000286102295,3.9730000495910645,3.9839999675750732,3.9820001125335693,3.984999895095825,3.989000082015991,3.984999895095825,3.98799991607666,3.990000009536743,3.990000009536743,3.986999988555908
2025-07-21T16:21:20.0,3080.0,15.966831989705994,15.74165376150965,20.989999771118164,21.030000686645508,47.650001525878906,3.9690001010894775,3.9709999561309814,3.9739999771118164,3.9839999675750732,3.9820001125335693,3.9860000610351562,3.990000009536743,3.984999895095825,3.98799991607666,3.990000009536743,3.990000009536743,3.98799991607666
2025-07-21T16:21:30.0,3090.0,16.2769404691808,15.785939261899387,20.989999771118164,21.030000686645508,47.669150797526044,3.9690001010894775,3.9709999561309814,3.9739999771118164,3.9839999675750732,3.9830000400543213,3.9860000610351562,3.990000009536743,3.9860000610351562,3.98799991607666,3.990999937057495,3.990999937057495,3.98799991607666
2025-07-21T16:21:40.0,3100.0,15.609999656677246,15.829811956699547,20.989999771118164,21.030000686645508,47.650001525878906,3.9690001010894775,3.9719998836517334,3.9749999046325684,3.984999895095825,3.9830000400543213,3.986999988555908,3.990999937057495,3.9860000610351562,3.989000082015991,3.990999937057495,3.990999937057495,3.98799991607666
2025-07-21T16:21:50.0,3110.0,16.299999237060547,15.87365184989915,20.992006293726707,21.03200720925405,47.68000030517578,3.9700000286102295,3.9719998836517334,3.9749999046325684,3.984999895095825,3.9839999675750732,3.986999988555908,3.990999937057495,3.986999988555908,3.989000082015991,3.990999937057495,3.990999937057495,3.989000082015991
2025-07-21T16:22:00.0,3120.0,9.920000076293945,15.914003282569109,20.998483125904063,21.038484041431406,47.540000915527344,3.9639999866485596,3.9670000076293945,3.9690001010894775,3.9800000190734863,3.9779999256134033,3.9809999465942383,3.990999937057495,3.986999988555908,3.989000082015991,3.990999937057495,3.990999937057495,3.989000082015991
2025-07-21T16:22:10.0,3130.0,9.840315939250747,15.941539685729204,21.0,21.044963141470394,47.529973925211166,3.9630000591278076,3.9660000801086426,3.9690001010894775,3.9790000915527344,3.9779999256134033,3.9809999465942383,3.9839999675750732,3.9809999465942383,3.9830000400543213,3.984999895095825,3.984999895095825,3.9830000400543213
2025-07-21T16:22:20.0,3140.0,9.685793988844937,15.968883358096935,21.001448667746992,21.049999237060547,47.560001373291016,3.9630000591278076,3.9649999141693115,3.9679999351501465,3.9779999256134033,3.9769999980926514,3.9800000190734863,3.9839999675750732,3.9800000190734863,3.9820001125335693,3.9839999675750732,3.9839999675750732,3.9820001125335693
2025-07-21T16:22:30.0,3150.0,9.680000305175781,15.995706758340592,21.007950767150007,21.049999237060547,47.54999923706055,3.9619998931884766,3.9649999141693115,3.9679999351501465,3.9779999256134033,3.9769999980926514,3.9800000190734863,3.9830000400543213,3.9790000915527344,3.9820001125335693,3.9839999675750732,3.9839999675750732,3.9820001125335693
2025-07-21T16:22:40.0,3160.0,9.420000076293945,16.022278736687095,21.010000228881836,21.049999237060547,47.54619274052083,3.9619998931884766,3.9649999141693115,3.9679999351501465,3.9779999256134033,3.9760000705718994,3.9790000915527344,3.9830000400543213,3.9790000915527344,3.9820001125335693,3.9839999675750732,3.9839999675750732,3.9809999465942383
2025-07-21T16:22:50.0,3170.0,9.408374093419338,16.048828231632836,21.010922730615896,21.050921738794607,47.540000915527344,3.9619998931884766,3.9639999866485596,3.9670000076293945,3.9779999256134033,3.9760000705718994,3.9790000915527344,3.9830000400543213,3.9790000915527344,3.9809999465942383,3.9839999675750732,3.9839999675750732,3.9809999465942383
2025-07-21T16:23:00.0,3180.0,10.025922904476062,16.074907298531393,21.017382826792794,21.057381834971505,47.550345642892424,3.9619998931884766,3.9649999141693115,3.9670000076293945,3.9779999256134033,3.9760000705718994,3.9790000915527344,3.9830000400543213,3.9790000915527344,3.9809999465942383,3.9839999675750732,3.9839999675750732,3.9809999465942383
2025-07-21T16:23:10.0,3190.0,9.553555411295187,16.102005042744075,21.020000457763672,21.059999465942383,47.50784078899183,3.9619998931884766,3.9639999866485596,3.9670000076293945,3.9779999256134033,3.9760000705718994,3.9790000915527344,3.9820001125335693,3.9790000915527344,3.9809999465942383,3.9830000400543213,3.9830000400543213,3.9809999465942383
2025-07-21T16:23:20.0,3200.0,9.239999771118164,16.128151975713696,21.020337266512747,21.06033627469146,47.5099983215332,3.9609999656677246,3.9639999866485596,3.9670000076293945,3.9769999980926514,3.9760000705718994,3.9790000915527344,3.9820001125335693,3.9790000915527344,3.9809999465942383,3.9830000400543213,3.9830000400543213,3.9809999465942383
2025-07-21T16:23:30.0,3210.0,9.319999694824219,16.153937930519707,21.026839365915762,21.066838374094473,47.529998779296875,3.9609999656677246,3.9639999866485596,3.9670000076293945,3.9769999980926514,3.9749999046325684,3.9779999256134033,3.9820001125335693,3.9779999256134033,3.9809999465942383,3.9830000400543213,3.9830000400543213,3.9800000190734863
2025-07-21T16:23:40.0,3220.0,9.140000343322754,16.179672475715073,21.030000686645508,21.06999969482422,47.529998779296875,3.9609999656677246,3.9639999866485596,3.9660000801086426,3.9769999980926514,3.9749999046325684,3.9779999256134033,3.9820001125335693,3.9779999256134033,3.9809999465942383,3.9830000400543213,3.9830000400543213,3.9800000190734863
2025-07-21T16:23:50.0,3230.0,9.1899995803833,16.20493842080632,21.030000686645508,21.06999969482422,47.540000915527344,3.9609999656677246,3.9630000591278076,3.9660000801086426,3.9769999980926514,3.9749999046325684,3.9779999256134033,3.9820001125335693,3.9779999256134033,3.9800000190734863,3.9820001125335693,3.9820001125335693,3.9800000190734863
2025-07-21T16:24:00.0,3240.0,16.360000610351562,16.23666638177646,21.030000686645508,21.076280926669817,47.630001068115234,3.9609999656677246,3.9630000591278076,3.9660000801086426,3.9769999980926514,3.9749999046325684,3.9779999256134033,3.989000082015991,3.984999895095825,3.986999988555908,3.989000082015991,3.990000009536743,3.986999988555908
2025-07-21T16:24:10.0,3250.0,15.449999809265137,16.2815156927865,21.032737253135153,21.079999923706055,47.63309898127138,3.9679999351501465,3.9709999561309814,3.9739999771118164,3.9839999675750732,3.9820001125335693,3.984999895095825,3.990000009536743,3.984999895095825,3.98799991607666,3.990000009536743,3.990000009536743,3.98799991607666
2025-07-21T16:24:20.0,3260.0,15.5600004196167,16.32474643755952,21.039164135449955,21.079999923706055,47.66999816894531,3.9690001010894775,3.9709999561309814,3.9739999771118164,3.984999895095825,3.9830000400543213,3.9860000610351562,3.990000009536743,3.9860000610351562,3.98799991607666,3.990999937057495,3.990999937057495,3.98799991607666
2025-07-21T16:24:30.0,3270.0,15.470000267028809,16.367953710921995,21.040000915527344,21.085629826024128,47.66999816894531,3.9690001010894775,3.9719998836517334,3.9749999046325684,3.984999895095825,3.9830000400543213,3.986999988555908,3.990999937057495,3.986999988555908,3.989000082015991,3.990999937057495,3.990999937057495,3.98799991607666
2025-07-21T16:24:40.0,3280.0,15.380000114440918,16.410787705814965,21.040000915527344,21.09000015258789,47.68000030517578,3.9690001010894775,3.9719998836517334,3.9749999046325684,3.984999895095825,3.9830000400543213,3.986999988555908,3.990999937057495,3.986999988555908,3.989000082015991,3.990999937057495,3.990999937057495,3.989000082015991
2025-07-21T16:24:50.0,3290.0,15.22710484956441,16.453425595185355,21.040000915527344,21.09000015258789,47.67887588201785,3.9700000286102295,3.9719998836517334,3.9749999046325684,3.9860000610351562,3.9839999675750732,3.986999988555908,3.990999937057495,3.986999988555908,3.990000009536743,3.992000102996826,3.992000102996826,3.989000082015991
2025-07-21T16:25:00.0,3300.0,10.43377768198665,16.49259332919478,21.04495992759349,21.09496011066931,47.57458891027114,3.9649999141693115,3.9679999351501465,3.9709999561309814,3.9809999465942383,3.9800000190734863,3.9830000400543213,3.9860000610351562,3.9830000400543213,3.984999895095825,3.986999988555908,3.986999988555908,3.984999895095825
2025-07-21T16:25:10.0,3310.0,8.946587910371658,16.518726656460093,21.051441402708136,21.100000381469727,47.552907953342476,3.9639999866485596,3.9660000801086426,3.9690001010894775,3.9800000190734863,3.9779999256134033,3.9809999465942383,3.984999895095825,3.9809999465942383,3.9839999675750732,3.9860000610351562,3.984999895095825,3.9830000400543213
2025-07-21T16:25:20.0,3320.0,9.010000228881836,16.543635578333927,21.05794350211115,21.100000381469727,47.56999969482422,3.9630000591278076,3.9660000801086426,3.9690001010894775,3.9790000915527344,3.9779999256134033,3.9809999465942383,3.9839999675750732,3.9809999465942383,3.9830000400543213,3.984999895095825,3.984999895095825,3.9830000400543213
2025-07-21T16:25:30.0,3330.0,8.933503486284243,16.568606512357253,21.059999465942383,21.100000381469727,47.55989679573408,3.9630000591278076,3.9649999141693115,3.9679999351501465,3.9790000915527344,3.9779999256134033,3.9809999465942383,3.9839999675750732,3.9809999465942383,3.9830000400543213,3.984999895095825,3.984999895095825,3.9820001125335693
2025-07-21T16:25:40.0,3340.0,8.936066250801089,16.593453311834196,21.059999465942383,21.10090584260812,47.54999923706055,3.9630000591278076,3.9649999141693115,3.9679999351501465,3.9790000915527344,3.9769999980926514,3.9800000190734863,3.9839999675750732,3.9800000190734863,3.9820001125335693,3.984999895095825,3.9839999675750732,3.9820001125335693
2025-07-21T16:25:50.0,3350.0,8.859999656677246,16.618078049958406,21.059999465942383,21.107382674785477,47.56999969482422,3.9619998931884766,3.9649999141693115,3.9679999351501465,3.9779999256134033,3.9769999980926514,3.9800000190734863,3.9830000400543213,3.9800000190734863,3.9820001125335693,3.9839999675750732,3.9839999675750732,3.9820001125335693
2025-07-21T16:26:00.0,3360.0,16.049999237060547,16.647575610533153,21.059999465942383,21.110000610351562,47.68000030517578,3.9690001010894775,3.9709999561309814,3.9739999771118164,3.984999895095825,3.9830000400543213,3.9860000610351562,3.990000009536743,3.9860000610351562,3.98799991607666,3.990999937057495,3.990999937057495,3.98799991607666
2025-07-21T16:26:10.0,3370.0,15.420000076293945,16.691283431890138,21.06033605584237,21.110000610351562,47.65999984741211,3.9690001010894775,3.9719998836517334,3.9749999046325684,3.984999895095825,3.9839999675750732,3.986999988555908,3.990999937057495,3.986999988555908,3.989000082015991,3.990999937057495,3.990999937057495,3.989000082015991
2025-07-21T16:26:20.0,3380.0,15.470000267028809,16.734145904435444,21.066833930359483,21.110000610351562,47.689998626708984,3.9700000286102295,3.9719998836517334,3.9749999046325684,3.9860000610351562,3.9839999675750732,3.986999988555908,3.990999937057495,3.986999988555908,3.990000009536743,3.992000102996826,3.992000102996826,3.989000082015991
2025-07-21T16:26:30.0,3390.0,15.239999771118164,16.776749671871787,21.06999969482422,21.11332192989211,47.68000030517578,3.9709999561309814,3.9730000495910645,3.9760000705718994,3.986999988555908,3.984999895095825,3.98799991607666,3.992000102996826,3.98799991607666,3.990999937057495,3.993000030517578,3.993000030517578,3.990000009536743
2025-07-21T16:26:40.0,3400.0,15.192805846162546,16.81898783243854,21.06999969482422,21.119798762069465,47.68000030517578,3.9709999561309814,3.9739999771118164,3.9769999980926514,3.986999988555908,3.984999895095825,3.989000082015991,3.993000030517578,3.98799991607666,3.990999937057495,3.993000030517578,3.993000030517578,3.990999937057495
2025-07-21T16:26:50.0,3410.0,15.117307013468023,16.861065242721633,21.06999969482422,21.1200008392334,47.66999816894531,3.9719998836517334,3.9739999771118164,3.9769999980926514,3.986999988555908,3.9860000610351562,3.989000082015991,3.993000030517578,3.989000082015991,3.990999937057495,3.993000030517578,3.993000030517578,3.990999937057495
2025-07-21T16:27:00.0,3420.0,9.329999923706055,16.90172839803311,21.06999969482422,21.1200008392334,47.599998474121094,3.9709999561309814,3.9739999771118164,3.9769999980926514,3.986999988555908,3.9820001125335693,3.984999895095825,3.993000030517578,3.989000082015991,3.990999937057495,3.993000030517578,3.990000009536743,3.986999988555908
2025-07-21T16:27:10.0,3430.0,9.25,16.92761794198817,21.06999969482422,21.1200008392334,47.56999969482422,3.9660000801086426,3.9679999351501465,3.9709999561309814,3.9820001125335693,3.9800000190734863,3.9830000400543213,3.986999988555908,3.9830000400543213,3.9860000610351562,3.98799991607666,3.98799991607666,3.984999895095825
2025-07-21T16:27:20.0,3440.0,9.069999694824219,16.953224486283588,21.075619056706618,21.125619129332108,47.560001373291016,3.9649999141693115,3.9679999351501465,3.9700000286102295,3.9809999465942383,3.9800000190734863,3.9820001125335693,3.9860000610351562,3.9820001125335693,3.984999895095825,3.986999988555908,3.986999988555908,3.984999895095825
2025-07-21T16:27:30.0,3450.0,8.956588038276223,16.978351224991343,21.079999923706055,21.1299991607666,47.58000183105469,3.9649999141693115,3.9670000076293945,3.9700000286102295,3.9809999465942383,3.9790000915527344,3.9820001125335693,3.9860000610351562,3.9820001125335693,3.984999895095825,3.986999988555908,3.986999988555908,3.9839999675750732
2025-07-21T16:27:40.0,3460.0,8.899999618530273,17.00332185795611,21.079999923706055,21.1299991607666,47.58588050014404,3.9639999866485596,3.9670000076293945,3.9700000286102295,3.9800000190734863,3.9790000915527344,3.9820001125335693,3.984999895095825,3.9820001125335693,3.9839999675750732,3.9860000610351562,3.9860000610351562,3.9839999675750732
2025-07-21T16:27:50.0,3470.0,8.930000305175781,17.028053008186944,21.079999923706055,21.1299991607666,47.560001373291016,3.9639999866485596,3.9670000076293945,3.9690001010894775,3.9800000190734863,3.9790000915527344,3.9820001125335693,3.984999895095825,3.9809999465942383,3.9839999675750732,3.9860000610351562,3.9860000610351562,3.9839999675750732
2025-07-21T16:28:00.0,3480.0,12.53030021517866,17.05551706320007,21.08153911751065,21.131538354571198,47.65832660650116,3.9690001010894775,3.9719998836517334,3.9739999771118164,3.984999895095825,3.9830000400543213,3.986999988555908,3.990999937057495,3.9860000610351562,3.989000082015991,3.990999937057495,3.990999937057495,3.98799991607666
2025-07-21T16:28:10.0,3490.0,13.853032390120784,17.094134245449563,21.088011757563617,21.138010994624164,47.64630336761475,3.9690001010894775,3.9719998836517334,3.9749999046325684,3.984999895095825,3.9839999675750732,3.986999988555908,3.990999937057495,3.986999988555908,3.989000082015991,3.990999937057495,3.990999937057495,3.989000082015991
2025-07-21T16:28:20.0,3500.0,13.71263418895441,17.13246754528403,21.09000015258789,21.139999389648438,47.650001525878906,3.9690001010894775,3.9719998836517334,3.9749999046325684,3.984999895095825,3.9839999675750732,3.986999988555908,3.990999937057495,3.986999988555908,3.989000082015991,3.992000102996826,3.992000102996826,3.989000082015991
2025-07-21T16:28:30.0,3510.0,13.586828400748114,17.17062337884624,21.09000015258789,21.139999389648438,47.65999984741211,3.9700000286102295,3.9730000495910645,3.9749999046325684,3.9860000610351562,3.984999895095825,3.98799991607666,3.992000102996826,3.986999988555908,3.990000009536743,3.992000102996826,3.992000102996826,3.990000009536743
2025-07-21T16:28:40.0,3520.0,13.65999984741211,17.208378822874355,21.09000015258789,21.139999389648438,47.65999984741211,3.9700000286102295,3.9730000495910645,3.9760000705718994,3.9860000610351562,3.984999895095825,3.98799991607666,3.992000102996826,3.98799991607666,3.990999937057495,3.992000102996826,3.992000102996826,3.990000009536743
2025-07-21T16:28:50.0,3530.0,13.44933314853244,17.24591628950529,21.09000015258789,21.143957611035525,47.66999816894531,3.9700000286102295,3.9730000495910645,3.9760000705718994,3.986999988555908,3.984999895095825,3.98799991607666,3.992000102996826,3.98799991607666,3.990999937057495,3.993000030517578,3.993000030517578,3.990000009536743
2025-07-21T16:29:00.0,3540.0,3.7699999809265137,17.279104233278293,21.09000015258789,21.149999618530273,47.4900016784668,3.9619998931884766,3.9649999141693115,3.9679999351501465,3.9779999256134033,3.9769999980926514,3.9800000190734863,3.9820001125335693,3.9790000915527344,3.9820001125335693,3.9839999675750732,3.9839999675750732,3.9809999465942383
2025-07-21T16:29:10.0,3550.0,3.6801046418208827,17.289576455447538,21.09000015258789,21.149999618530273,47.48478487800149,3.9609999656677246,3.9639999866485596,3.9660000801086426,3.9769999980926514,3.9760000705718994,3.9790000915527344,3.9820001125335693,3.9779999256134033,3.9809999465942383,3.9830000400543213,3.9830000400543213,3.9800000190734863
2025-07-21T16:29:20.0,3560.0,3.6292027105692926,17.29966862199465,21.093403739259955,21.149999618530273,47.47249753366109,3.9590001106262207,3.9619998931884766,3.9649999141693115,3.9760000705718994,3.9739999771118164,3.9769999980926514,3.9800000190734863,3.9769999980926514,3.9790000915527344,3.9809999465942383,3.9809999465942383,3.9790000915527344
2025-07-21T16:29:30.0,3570.0,3.8549465665817273,17.31010982196317,21.099901613777067,21.149999618530273,47.45000076293945,3.9579999446868896,3.9609999656677246,3.9639999866485596,3.9749999046325684,3.9730000495910645,3.9760000705718994,3.9790000915527344,3.9760000705718994,3.9779999256134033,3.9800000190734863,3.9800000190734863,3.9779999256134033
2025-07-21T16:29:40.0,3580.0,3.7280000209808315,17.32064636073774,21.100000381469727,21.156378415993082,47.4900016784668,3.9570000171661377,3.9609999656677246,3.9630000591278076,3.9739999771118164,3.9719998836517334,3.9749999046325684,3.9779999256134033,3.9749999046325684,3.9779999256134033,3.9800000190734863,3.9790000915527344,3.9769999980926514
2025-07-21T16:29:50.0,3590.0,3.75,17.33089018868035,21.100000381469727,21.15999984741211,47.439998626708984,3.9570000171661377,3.9600000381469727,3.9619998931884766,3.9730000495910645,3.9719998836517334,3.9749999046325684,3.9779999256134033,3.9749999046325684,3.9769999980926514,3.9790000915527344,3.9790000915527344,3.9769999980926514
2025-07-21T16:30:00.0,3600.0,3.7200000286102295,17.34123137208567,21.100000381469727,21.15999984741211,47.43000030517578,3.9560000896453857,3.9600000381469727,3.9619998931884766,3.9730000495910645,3.9719998836517334,3.9739999771118164,3.9769999980926514,3.9739999771118164,3.9769999980926514,3.9779999256134033,3.9779999256134033,3.9760000705718994
2025-07-21T16:30:10.0,3610.0,15.648470785103635,17.374971972551737,21.100000381469727,21.15999984741211,47.66999816894531,3.9679999351501465,3.9700000286102295,3.9730000495910645,3.9839999675750732,3.9820001125335693,3.984999895095825,3.989000082015991,3.984999895095825,3.98799991607666,3.990000009536743,3.990000009536743,3.986999988555908
2025-07-21T16:30:20.0,3620.0,15.260000228881836,17.417810739738005,21.100000381469727,21.15999984741211,47.667913205780245,3.9700000286102295,3.9730000495910645,3.9749999046325684,3.9860000610351562,3.984999895095825,3.986999988555908,3.992000102996826,3.98799991607666,3.990000009536743,3.992000102996826,3.992000102996826,3.990000009536743
2025-07-21T16:30:30.0,3630.0,14.838526231364202,17.45989906719618,21.100000381469727,21.15999984741211,47.677860607678376,3.9709999561309814,3.9739999771118164,3.9760000705718994,3.986999988555908,3.984999895095825,3.98799991607666,3.992000102996826,3.98799991607666,3.990999937057495,3.993000030517578,3.993000030517578,3.990999937057495
2025-07-21T16:30:40.0,3640.0,14.489999771118164,17.501066306310623,21.105254870664726,21.16525433660711,47.68000030517578,3.9709999561309814,3.9739999771118164,3.9769999980926514,3.98799991607666,3.9860000610351562,3.989000082015991,3.993000030517578,3.989000082015991,3.990999937057495,3.99399995803833,3.99399995803833,3.990999937057495
2025-07-21T16:30:50.0,3650.0,-0.5299999713897705,17.51872937268323,21.110000610351562,21.170000076293945,47.41999816894531,3.9560000896453857,3.9600000381469727,3.9619998931884766,3.9730000495910645,3.9719998836517334,3.9739999771118164,3.9769999980926514,3.9739999771118164,3.9760000705718994,3.9779999256134033,3.9779999256134033,3.9760000705718994
2025-07-21T16:31:00.0,3660.0,-0.5,17.51727938385261,21.110000610351562,21.170000076293945,47.400001525878906,3.9549999237060547,3.9579999446868896,3.9600000381469727,3.9709999561309814,3.9700000286102295,3.9719998836517334,3.9749999046325684,3.9719998836517334,3.9749999046325684,3.9769999980926514,3.9769999980926514,3.9749999046325684
2025-07-21T16:31:10.0,3670.0,3.700000047683716,17.525552161499785,21.110000610351562,21.170000076293945,47.47999954223633,3.9579999446868896,3.9609999656677246,3.9630000591278076,3.9739999771118164,3.9730000495910645,3.9749999046325684,3.9790000915527344,3.9749999046325684,3.9779999256134033,3.9800000190734863,3.9800000190734863,3.9769999980926514
2025-07-21T16:31:20.0,3680.0,3.7100000381469727,17.53594023930483,21.110000610351562,21.170000076293945,47.47999954223633,3.9570000171661377,3.9600000381469727,3.9630000591278076,3.9739999771118164,3.9719998836517334,3.9749999046325684,3.9779999256134033,3.9749999046325684,3.9769999980926514,3.9790000915527344,3.9790000915527344,3.9769999980926514
2025-07-21T16:31:30.0,3690.0,3.680000066757202,17.54614106153024,21.110000610351562,21.170000076293945,47.43000030517578,3.9570000171661377,3.9600000381469727,3.9619998931884766,3.9730000495910645,3.9719998836517334,3.9739999771118164,3.9769999980926514,3.9739999771118164,3.9769999980926514,3.9790000915527344,3.9779999256134033,3.9760000705718994
2025-07-21T16:31:40.0,3700.0,3.7699999809265137,17.556214233686653,21.110000610351562,21.170000076293945,47.48321801903515,3.9560000896453857,3.9590001106262207,3.9619998931884766,3.9730000495910645,3.9709999561309814,3.9739999771118164,3.9769999980926514,3.9739999771118164,3.9760000705718994,3.9779999256134033,3.9779999256134033,3.9760000705718994
2025-07-21T16:31:50.0,3710.0,3.799999952316284,17.566755105790424,21.110000610351562,21.170000076293945,47.47999954223633,3.9560000896453857,3.9590001106262207,3.9609999656677246,3.9730000495910645,3.9709999561309814,3.9739999771118164,3.9769999980926514,3.9739999771118164,3.9760000705718994,3.9779999256134033,3.9779999256134033,3.9760000705718994
2025-07-21T16:32:00.0,3720.0,11.372907988022012,17.577053139236895,21.110000610351562,21.170000076293945,47.51184062455828,3.9549999237060547,3.9590001106262207,3.9609999656677246,3.9719998836517334,3.9709999561309814,3.9730000495910645,3.9760000705718994,3.9730000495910645,3.9749999046325684,3.9769999980926514,3.9769999980926514,3.9749999046325684
2025-07-21T16:32:10.0,3730.0,15.670000076293945,17.61860531732545,21.110000610351562,21.173543903353302,47.67652758840956,3.9679999351501465,3.9709999561309814,3.9730000495910645,3.984999895095825,3.9830000400543213,3.9860000610351562,3.990000009536743,3.9860000610351562,3.989000082015991,3.990999937057495,3.990999937057495,3.98799991607666
2025-07-21T16:32:20.0,3740.0,15.119999885559082,17.661504706164326,21.110000610351562,21.18000030517578,47.65999984741211,3.9690001010894775,3.9719998836517334,3.9749999046325684,3.9860000610351562,3.9839999675750732,3.986999988555908,3.990999937057495,3.986999988555908,3.989000082015991,3.990999937057495,3.990999937057495,3.989000082015991
2025-07-21T16:32:30.0,3750.0,15.124562112646199,17.70313270641366,21.110000610351562,21.18000030517578,47.68933207194011,3.9700000286102295,3.9730000495910645,3.9760000705718994,3.986999988555908,3.984999895095825,3.98799991607666,3.992000102996826,3.98799991607666,3.990999937057495,3.992000102996826,3.992000102996826,3.990000009536743
2025-07-21T16:32:40.0,3760.0,14.729999542236328,17.74429856147116,21.110000610351562,21.18000030517578,47.66999816894531,3.9709999561309814,3.9739999771118164,3.9769999980926514,3.986999988555908,3.9860000610351562,3.989000082015991,3.993000030517578,3.989000082015991,3.990999937057495,3.993000030517578,3.993000030517578,3.990999937057495
2025-07-21T16:32:50.0,3770.0,14.729999542236328,17.785215226866264,21.110000610351562,21.18000030517578,47.66999816894531,3.9709999561309814,3.9739999771118164,3.9769999980926514,3.98799991607666,3.9860000610351562,3.989000082015991,3.993000030517578,3.989000082015991,3.992000102996826,3.99399995803833,3.99399995803833,3.990999937057495
2025-07-21T16:33:00.0,3780.0,15.263144642428387,17.82577343845989,21.110000610351562,21.18000030517578,47.709999084472656,3.9719998836517334,3.9739999771118164,3.9769999980926514,3.98799991607666,3.986999988555908,3.990000009536743,3.99399995803833,3.990000009536743,3.992000102996826,3.99399995803833,3.99399995803833,3.992000102996826
2025-07-21T16:33:10.0,3790.0,14.810249970941014,17.868601877204437,21.110000610351562,21.182374142764992,47.71069159227259,3.9730000495910645,3.9760000705718994,3.9790000915527344,3.989000082015991,3.98799991607666,3.990999937057495,3.994999885559082,3.990999937057495,3.99399995803833,3.994999885559082,3.994999885559082,3.993000030517578
2025-07-21T16:33:20.0,3800.0,14.479999542236328,17.909188866234746,21.110000610351562,21.188863583960213,47.709999084472656,3.9730000495910645,3.9760000705718994,3.9790000915527344,3.990000009536743,3.98799991607666,3.990999937057495,3.994999885559082,3.990999937057495,3.99399995803833,3.996000051498413,3.996000051498413,3.993000030517578
2025-07-21T16:33:30.0,3810.0,14.546565974386116,17.949648104848194,21.110000610351562,21.190000534057617,47.709999084472656,3.9739999771118164,3.9760000705718994,3.9790000915527344,3.990000009536743,3.98799991607666,3.990999937057495,3.994999885559082,3.990999937057495,3.99399995803833,3.996000051498413,3.996000051498413,3.99399995803833
2025-07-21T16:33:40.0,3820.0,14.539999961853027,17.989939277154466,21.110000610351562,21.190000534057617,47.70000076293945,3.9739999771118164,3.9769999980926514,3.9790000915527344,3.990000009536743,3.989000082015991,3.992000102996826,3.996000051498413,3.992000102996826,3.99399995803833,3.996000051498413,3.996000051498413,3.99399995803833
2025-07-21T16:33:50.0,3830.0,14.326684216449136,18.030051655376614,21.110000610351562,21.190000534057617,47.706631228798315,3.9739999771118164,3.9769999980926514,3.9800000190734863,3.990000009536743,3.989000082015991,3.992000102996826,3.996000051498413,3.992000102996826,3.99399995803833,3.996000051498413,3.996000051498413,3.99399995803833
2025-07-21T16:34:00.0,3840.0,14.270000457763672,18.06990212252762,21.114736946882246,21.190000534057617,47.72999954223633,3.9739999771118164,3.9769999980926514,3.9800000190734863,3.990999937057495,3.989000082015991,3.992000102996826,3.997999906539917,3.993000030517578,3.996000051498413,3.996999979019165,3.996999979019165,3.99399995803833
2025-07-21T16:34:10.0,3850.0,15.25,18.111768773083018,21.118780538399086,21.19122083489193,47.72999954223633,3.9760000705718994,3.9779999256134033,3.9809999465942383,3.992000102996826,3.990999937057495,3.99399995803833,3.997999906539917,3.99399995803833,3.996000051498413,3.997999906539917,3.997999906539917,3.996000051498413
2025-07-21T16:34:20.0,3860.0,14.930000305175781,18.153684306841818,21.112282663881974,21.197718709409042,47.709999084472656,3.9760000705718994,3.9779999256134033,3.9809999465942383,3.992000102996826,3.990999937057495,3.99399995803833,3.997999906539917,3.99399995803833,3.996000051498413,3.997999906539917,3.997999906539917,3.996000051498413
2025-07-21T16:34:30.0,3870.0,14.539999961853027,18.19460382936305,21.114175738085496,21.200000762939453,47.72284284892835,3.9760000705718994,3.9790000915527344,3.9809999465942383,3.992000102996826,3.990999937057495,3.99399995803833,3.997999906539917,3.99399995803833,3.996000051498413,3.997999906539917,3.997999906539917,3.996000051498413
2025-07-21T16:34:40.0,3880.0,14.399999618530273,18.23499890789018,21.1200008392334,21.200000762939453,47.720001220703125,3.9760000705718994,3.9790000915527344,3.9820001125335693,3.992000102996826,3.990999937057495,3.99399995803833,3.997999906539917,3.99399995803833,3.996000051498413,3.997999906539917,3.997999906539917,3.996000051498413
2025-07-21T16:34:50.0,3890.0,14.640000343322754,18.275397524398027,21.1200008392334,21.200000762939453,47.75,3.9760000705718994,3.9790000915527344,3.9820001125335693,3.992000102996826,3.990999937057495,3.99399995803833,3.997999906539917,3.99399995803833,3.996000051498413,3.999000072479248,3.999000072479248,3.996000051498413
2025-07-21T16:35:00.0,3900.0,14.779999732971191,18.315702668893465,21.1200008392334,21.200000762939453,47.75,3.9760000705718994,3.9790000915527344,3.9820001125335693,3.993000030517578,3.990999937057495,3.99399995803833,3.997999906539917,3.99399995803833,3.996999979019165,3.999000072479248,3.999000072479248,3.996000051498413
2025-07-21T16:35:10.0,3910.0,15.003836472308105,18.357154091569445,21.1200008392334,21.20007673215651,47.72999954223633,3.9769999980926514,3.9800000190734863,3.9830000400543213,3.99399995803833,3.992000102996826,3.994999885559082,3.999000072479248,3.994999885559082,3.997999906539917,4.0,4.0,3.996999979019165
2025-07-21T16:35:20.0,3920.0,14.673697357428725,18.398162624757948,21.1200008392334,21.206514801398754,47.75,3.9769999980926514,3.9800000190734863,3.9830000400543213,3.99399995803833,3.992000102996826,3.994999885559082,3.999000072479248,3.994999885559082,3.997999906539917,4.0,4.0,3.996999979019165
2025-07-21T16:35:30.0,3930.0,14.4399995803833,18.43833163498971,21.1200008392334,21.209999084472656,47.75,3.9769999980926514,3.9800000190734863,3.9830000400543213,3.99399995803833,3.992000102996826,3.994999885559082,3.999000072479248,3.994999885559082,3.997999906539917,4.0,4.0,3.996999979019165
2025-07-21T16:35:40.0,3940.0,14.270000457763672,18.478528784667514,21.1200008392334,21.209999084472656,47.75250986136642,3.9769999980926514,3.9800000190734863,3.9830000400543213,3.99399995803833,3.992000102996826,3.994999885559082,4.0,3.994999885559082,3.997999906539917,4.0,4.0,3.996999979019165
2025-07-21T16:35:50.0,3950.0,14.097447414147227,18.518073496967283,21.1200008392334,21.209999084472656,47.75461764586599,3.9769999980926514,3.9800000190734863,3.9830000400543213,3.99399995803833,3.992000102996826,3.994999885559082,3.999000072479248,3.994999885559082,3.997999906539917,4.0,4.0,3.997999906539917
2025-07-21T16:36:00.0,3960.0,14.069999694824219,18.557115841124716,21.12242612968707,21.209999084472656,47.72999954223633,3.9769999980926514,3.9800000190734863,3.9830000400543213,3.99399995803833,3.992000102996826,3.994999885559082,4.0,3.994999885559082,3.997999906539917,4.0,4.0,3.997999906539917
2025-07-21T16:36:10.0,3970.0,10.781059033262938,18.58853606879803,21.128914333147943,21.209999084472656,47.709999084472656,3.9739999771118164,3.9769999980926514,3.9800000190734863,3.990999937057495,3.989000082015991,3.992000102996826,3.996000051498413,3.992000102996826,3.994999885559082,3.996999979019165,3.996999979019165,3.99399995803833
2025-07-21T16:36:20.0,3980.0,10.359999656677246,18.618077430345608,21.1299991607666,21.209999084472656,47.66999816894531,3.9730000495910645,3.9760000705718994,3.9790000915527344,3.990000009536743,3.989000082015991,3.992000102996826,3.994999885559082,3.992000102996826,3.99399995803833,3.996000051498413,3.996000051498413,3.99399995803833
2025-07-21T16:36:30.0,3990.0,10.170000076293945,18.64647531356427,21.1299991607666,21.21181247659264,47.66999816894531,3.9730000495910645,3.9760000705718994,3.9790000915527344,3.990000009536743,3.98799991607666,3.990999937057495,3.994999885559082,3.990999937057495,3.99399995803833,3.996000051498413,3.996000051498413,3.99399995803833
2025-07-21T16:36:40.0,4000.0,10.580038900936353,18.6757183794958,21.1299991607666,21.218293506328116,47.68301940618777,3.9730000495910645,3.9760000705718994,3.9790000915527344,3.990000009536743,3.98799991607666,3.990999937057495,3.994999885559082,3.990999937057495,3.993000030517578,3.994999885559082,3.994999885559082,3.993000030517578
2025-07-21T16:36:50.0,4010.0,10.134039186963877,18.704697051683926,21.13477098165912,21.219999313354492,47.66999816894531,3.9719998836517334,3.9749999046325684,3.9779999256134033,3.989000082015991,3.98799991607666,3.990999937057495,3.99399995803833,3.990999937057495,3.993000030517578,3.994999885559082,3.994999885559082,3.993000030517578
2025-07-21T16:37:00.0,4020.0,9.550000190734863,18.73217965761012,21.139999389648438,21.219999313354492,47.61000061035156,3.9719998836517334,3.9749999046325684,3.9779999256134033,3.989000082015991,3.986999988555908,3.990000009536743,3.99399995803833,3.990000009536743,3.993000030517578,3.994999885559082,3.994999885559082,3.992000102996826
2025-07-21T16:37:10.0,4030.0,8.29324637013738,18.75670836342639,21.139999389648438,21.219999313354492,47.647413231344785,3.9700000286102295,3.9730000495910645,3.9760000705718994,3.986999988555908,3.9860000610351562,3.989000082015991,3.992000102996826,3.989000082015991,3.990999937057495,3.993000030517578,3.993000030517578,3.990999937057495
2025-07-21T16:37:20.0,4040.0,8.149999618530273,18.77952679335819,21.139999389648438,21.224174709775454,47.61000061035156,3.9700000286102295,3.9730000495910645,3.9760000705718994,3.986999988555908,3.984999895095825,3.98799991607666,3.992000102996826,3.98799991607666,3.990999937057495,3.993000030517578,3.993000030517578,3.990000009536743
2025-07-21T16:37:30.0,4050.0,8.260000228881836,18.80228448184662,21.140615557497345,21.229999542236328,47.619998931884766,3.9700000286102295,3.9730000495910645,3.9749999046325684,3.986999988555908,3.984999895095825,3.98799991607666,3.990999937057495,3.98799991607666,3.990000009536743,3.992000102996826,3.992000102996826,3.990000009536743
2025-07-21T16:37:40.0,4060.0,7.840000152587891,18.824443826630773,21.147108369393095,21.229999542236328,47.599998474121094,3.9690001010894775,3.9719998836517334,3.9749999046325684,3.986999988555908,3.984999895095825,3.98799991607666,3.990999937057495,3.98799991607666,3.990000009536743,3.992000102996826,3.992000102996826,3.990000009536743
2025-07-21T16:37:50.0,4070.0,7.8869541978524556,18.846682427020465,21.149999618530273,21.229999542236328,47.668653949413425,3.9690001010894775,3.9719998836517334,3.9749999046325684,3.9860000610351562,3.984999895095825,3.986999988555908,3.990999937057495,3.986999988555908,3.990000009536743,3.992000102996826,3.992000102996826,3.989000082015991
2025-07-21T16:38:00.0,4080.0,11.619999885559082,18.86823505986465,21.149999618530273,21.2300695827499,47.676942753369666,3.9690001010894775,3.9719998836517334,3.9749999046325684,3.9860000610351562,3.9839999675750732,3.986999988555908,3.990999937057495,3.986999988555908,3.990000009536743,3.992000102996826,3.992000102996826,3.989000082015991
2025-07-21T16:38:10.0,4090.0,13.229999542236328,18.903877777015758,21.149999618530273,21.236554815487793,47.720001220703125,3.9739999771118164,3.9769999980926514,3.9800000190734863,3.990999937057495,3.989000082015991,3.992000102996826,3.996000051498413,3.992000102996826,3.994999885559082,3.996999979019165,3.996999979019165,3.99399995803833
2025-07-21T16:38:20.0,4100.0,12.460000038146973,18.939064926661246,21.15304978593418,21.239999771118164,47.689998626708984,3.9739999771118164,3.9769999980926514,3.9800000190734863,3.990999937057495,3.990000009536743,3.993000030517578,3.996999979019165,3.992000102996826,3.994999885559082,3.996999979019165,3.996999979019165,3.994999885559082
2025-07-21T16:38:30.0,4110.0,12.202750283479668,18.973744460633988,21.159556115720672,21.239999771118164,47.720001220703125,3.9749999046325684,3.9779999256134033,3.9800000190734863,3.990999937057495,3.990000009536743,3.993000030517578,3.996999979019165,3.992000102996826,3.994999885559082,3.996999979019165,3.996999979019165,3.994999885559082
2025-07-21T16:38:40.0,4120.0,12.205710664548379,19.007837994566884,21.15999984741211,21.239999771118164,47.705736642134816,3.9749999046325684,3.9779999256134033,3.9809999465942383,3.992000102996826,3.990000009536743,3.993000030517578,3.996999979019165,3.993000030517578,3.994999885559082,3.997999906539917,3.997999906539917,3.994999885559082
2025-07-21T16:38:50.0,4130.0,12.479999542236328,19.04181916674706,21.162527791133343,21.242527714839397,47.720001220703125,3.9749999046325684,3.9779999256134033,3.9809999465942383,3.992000102996826,3.990000009536743,3.993000030517578,3.996999979019165,3.993000030517578,3.996000051498413,3.997999906539917,3.997999906539917,3.994999885559082
2025-07-21T16:39:00.0,4140.0,12.09000015258789,19.075792883288987,21.169013023871237,21.24901294757729,47.720001220703125,3.9749999046325684,3.9779999256134033,3.9809999465942383,3.992000102996826,3.990999937057495,3.99399995803833,3.996999979019165,3.99399995803833,3.996000051498413,3.997999906539917,3.997999906539917,3.996000051498413
2025-07-21T16:39:10.0,4150.0,8.199999809265137,19.100315265906513,21.170000076293945,21.25,47.622498989105225,3.9709999561309814,3.9739999771118164,3.9769999980926514,3.98799991607666,3.9860000610351562,3.989000082015991,3.993000030517578,3.989000082015991,3.992000102996826,3.99399995803833,3.99399995803833,3.990999937057495
2025-07-21T16:39:20.0,4160.0,8.029999732971191,19.122976498657724,21.170000076293945,21.25,47.630001068115234,3.9709999561309814,3.9739999771118164,3.9769999980926514,3.98799991607666,3.9860000610351562,3.989000082015991,3.993000030517578,3.989000082015991,3.990999937057495,3.99399995803833,3.99399995803833,3.990999937057495
2025-07-21T16:39:30.0,4170.0,7.630000114440918,19.144853803975973,21.170000076293945,21.25,47.619998931884766,3.9700000286102295,3.9730000495910645,3.9760000705718994,3.986999988555908,3.9860000610351562,3.98799991607666,3.992000102996826,3.98799991607666,3.990999937057495,3.993000030517578,3.993000030517578,3.990999937057495
2025-07-21T16:39:40.0,4180.0,7.989999771118164,19.166404381541273,21.170000076293945,21.254894917228004,47.619998931884766,3.9700000286102295,3.9730000495910645,3.9760000705718994,3.986999988555908,3.9860000610351562,3.98799991607666,3.992000102996826,3.98799991607666,3.990999937057495,3.993000030517578,3.993000030517578,3.990000009536743
2025-07-21T16:39:50.0,4190.0,7.46999979019165,19.187805753661124,21.171386619053308,21.260000228881836,47.63293610716895,3.9690001010894775,3.9730000495910645,3.9749999046325684,3.986999988555908,3.984999895095825,3.98799991607666,3.990999937057495,3.98799991607666,3.990000009536743,3.992000102996826,3.992000102996826,3.990000009536743
2025-07-21T16:40:00.0,4200.0,10.183473576997764,19.209099742187256,21.177871851791203,21.260000228881836,47.659835509451334,3.9690001010894775,3.9730000495910645,3.9749999046325684,3.9860000610351562,3.984999895095825,3.98799991607666,3.990999937057495,3.98799991607666,3.990000009536743,3.992000102996826,3.992000102996826,3.990000009536743
2025-07-21T16:40:10.0,4210.0,10.789999961853027,19.239148075308663,21.18000030517578,21.26436833926078,47.650001525878906,3.9719998836517334,3.9760000705718994,3.9779999256134033,3.990000009536743,3.98799991607666,3.990999937057495,3.994999885559082,3.990999937057495,3.993000030517578,3.994999885559082,3.994999885559082,3.993000030517578
2025-07-21T16:40:20.0,4220.0,10.880000114440918,19.269594248228465,21.18086299416636,21.270000457763672,47.70000076293945,3.9719998836517334,3.9760000705718994,3.9779999256134033,3.990000009536743,3.98799991607666,3.990999937057495,3.994999885559082,3.990999937057495,3.993000030517578,3.994999885559082,3.994999885559082,3.993000030517578
2025-07-21T16:40:30.0,4230.0,10.328644792657197,19.29920343140906,21.18731059499282,21.270000457763672,47.670469075733735,3.9730000495910645,3.9760000705718994,3.9779999256134033,3.990000009536743,3.98799991607666,3.990999937057495,3.994999885559082,3.990999937057495,3.99399995803833,3.996000051498413,3.996000051498413,3.993000030517578
2025-07-21T16:40:40.0,4240.0,10.487736615381737,19.327885126319323,21.190000534057617,21.270000457763672,47.68000030517578,3.9730000495910645,3.9760000705718994,3.9790000915527344,3.990000009536743,3.98799991607666,3.990999937057495,3.994999885559082,3.990999937057495,3.99399995803833,3.996000051498413,3.996000051498413,3.993000030517578
2025-07-21T16:40:50.0,4250.0,10.680000305175781,19.35687930467115,21.190000534057617,21.270000457763672,47.68000030517578,3.9730000495910645,3.9760000705718994,3.9790000915527344,3.990000009536743,3.98799991607666,3.990999937057495,3.994999885559082,3.990999937057495,3.99399995803833,3.996000051498413,3.996000051498413,3.993000030517578
2025-07-21T16:41:00.0,4260.0,9.328640603707694,19.38573158250583,21.190000534057617,21.270000457763672,47.67541144875919,3.9730000495910645,3.9760000705718994,3.9790000915527344,3.990000009536743,3.98799991607666,3.990999937057495,3.994999885559082,3.990999937057495,3.99399995803833,3.996000051498413,3.996000051498413,3.993000030517578
2025-07-21T16:41:10.0,4270.0,8.369999885559082,19.409389004493153,21.193239752719407,21.270000457763672,47.650001525878906,3.9709999561309814,3.9739999771118164,3.9769999980926514,3.98799991607666,3.9860000610351562,3.989000082015991,3.993000030517578,3.989000082015991,3.992000102996826,3.99399995803833,3.99399995803833,3.990999937057495
2025-07-21T16:41:20.0,4280.0,7.46505955891891,19.43137878184464,21.199720782454882,21.270000457763672,47.62854742431641,3.9700000286102295,3.9739999771118164,3.9760000705718994,3.98799991607666,3.9860000610351562,3.989000082015991,3.993000030517578,3.989000082015991,3.990999937057495,3.993000030517578,3.993000030517578,3.990999937057495
2025-07-21T16:41:30.0,4290.0,7.582300807603913,19.4522271319388,21.200000762939453,21.276165547321753,47.630001068115234,3.9700000286102295,3.9730000495910645,3.9760000705718994,3.986999988555908,3.984999895095825,3.98799991607666,3.992000102996826,3.98799991607666,3.990999937057495,3.993000030517578,3.993000030517578,3.990000009536743
2025-07-21T16:41:40.0,4300.0,7.25,19.472445320891403,21.200000762939453,21.280000686645508,47.619998931884766,3.9690001010894775,3.9730000495910645,3.9749999046325684,3.986999988555908,3.984999895095825,3.98799991607666,3.990999937057495,3.98799991607666,3.990999937057495,3.992000102996826,3.992000102996826,3.990000009536743
2025-07-21T16:41:50.0,4310.0,7.130000114440918,19.492464859591454,21.200000762939453,21.280000686645508,47.630001068115234,3.9690001010894775,3.9730000495910645,3.9749999046325684,3.986999988555908,3.984999895095825,3.98799991607666,3.990999937057495,3.98799991607666,3.990000009536743,3.992000102996826,3.992000102996826,3.990000009536743
2025-07-21T16:42:00.0,4320.0,7.050000190734863,19.51235479316221,21.200000762939453,21.280000686645508,47.61000061035156,3.9690001010894775,3.9719998836517334,3.9749999046325684,3.9860000610351562,3.984999895095825,3.98799991607666,3.990999937057495,3.98799991607666,3.990000009536743,3.992000102996826,3.992000102996826,3.990000009536743
2025-07-21T16:42:10.0,4330.0,13.270000457763672,19.53298861595935,21.201992636346198,21.28199294003573,47.72999954223633,3.9749999046325684,3.9779999256134033,3.9809999465942383,3.992000102996826,3.990999937057495,3.993000030517578,3.996999979019165,3.993000030517578,3.996000051498413,3.997999906539917,3.997999906539917,3.994999885559082
2025-07-21T16:42:20.0,4340.0,12.65999984741211,19.56906714956217,21.2084850529262,21.28848659515381,47.709999084472656,3.9760000705718994,3.9790000915527344,3.9820001125335693,3.993000030517578,3.990999937057495,3.994999885559082,3.997999906539917,3.99399995803833,3.996999979019165,3.999000072479248,3.999000072479248,3.996999979019165
2025-07-21T16:42:30.0,4350.0,12.6899995803833,19.60427902125398,21.209999084472656,21.290000915527344,47.720001220703125,3.9760000705718994,3.9790000915527344,3.9820001125335693,3.99399995803833,3.992000102996826,3.994999885559082,3.999000072479248,3.994999885559082,3.996999979019165,3.999000072479248,3.999000072479248,3.996999979019165
2025-07-21T16:42:40.0,4360.0,12.367683399518306,19.63907598688907,21.209999084472656,21.290000915527344,47.720001220703125,3.9769999980926514,3.9800000190734863,3.9830000400543213,3.99399995803833,3.992000102996826,3.994999885559082,3.999000072479248,3.994999885559082,3.997999906539917,4.0,4.0,3.996999979019165
2025-07-21T16:42:50.0,4370.0,12.828954286513016,19.67428875917633,21.209999084472656,21.290000915527344,47.73301793837688,3.9769999980926514,3.9800000190734863,3.9830000400543213,3.99399995803833,3.993000030517578,3.996000051498413,4.0,3.996000051498413,3.997999906539917,4.0,4.0,3.997999906539917
2025-07-21T16:43:00.0,4380.0,12.229999542236328,19.708982330654855,21.214388005364444,21.294388999318066,47.720001220703125,3.9769999980926514,3.9809999465942383,3.9830000400543213,3.99399995803833,3.993000030517578,3.996000051498413,4.0,3.996000051498413,3.997999906539917,4.0,4.0,3.997999906539917
2025-07-21T16:43:10.0,4390.0,3.8399999141693115,19.72623638013601,21.219999313354492,21.299999237060547,47.560001373291016,3.9690001010894775,3.9719998836517334,3.9749999046325684,3.9860000610351562,3.984999895095825,3.98799991607666,3.990999937057495,3.986999988555908,3.990000009536743,3.992000102996826,3.992000102996826,3.989000082015991
2025-07-21T16:43:20.0,4400.0,3.7300000190734863,19.73682919107914,21.219999313354492,21.299999237060547,47.560001373291016,3.9670000076293945,3.9709999561309814,3.9739999771118164,3.984999895095825,3.9830000400543213,3.9860000610351562,3.990000009536743,3.986999988555908,3.989000082015991,3.990999937057495,3.990999937057495,3.98799991607666
2025-07-21T16:43:30.0,4410.0,3.7958946930734916,19.747040346830683,21.219999313354492,21.299999237060547,47.60984080465216,3.9670000076293945,3.9700000286102295,3.9730000495910645,3.9839999675750732,3.9830000400543213,3.984999895095825,3.98799991607666,3.984999895095825,3.98799991607666,3.990000009536743,3.990000009536743,3.986999988555908
2025-07-21T16:43:40.0,4420.0,3.7200000286102295,19.75774939129432,21.219999313354492,21.300302942908484,47.52000045776367,3.9660000801086426,3.9690001010894775,3.9719998836517334,3.9830000400543213,3.9820001125335693,3.984999895095825,3.98799991607666,3.984999895095825,3.986999988555908,3.989000082015991,3.989000082015991,3.986999988555908
2025-07-21T16:43:50.0,4430.0,3.630000114440918,19.767895246905482,21.219999313354492,21.306792384103705,47.560001373291016,3.9649999141693115,3.9690001010894775,3.9709999561309814,3.9830000400543213,3.9809999465942383,3.9839999675750732,3.986999988555908,3.9839999675750732,3.9860000610351562,3.98799991607666,3.98799991607666,3.9860000610351562
2025-07-21T16:44:00.0,4440.0,3.571607798532474,19.777879291466604,21.22327954407332,21.309999465942383,47.540000915527344,3.9649999141693115,3.9679999351501465,3.9709999561309814,3.9820001125335693,3.9809999465942383,3.9839999675750732,3.986999988555908,3.9839999675750732,3.9860000610351562,3.98799991607666,3.98799991607666,3.984999895095825
2025-07-21T16:44:10.0,4450.0,13.233457370137108,19.795771519582797,21.229764776811216,21.309999465942383,47.71479080555051,3.9739999771118164,3.9769999980926514,3.9800000190734863,3.990999937057495,3.990000009536743,3.992000102996826,3.996999979019165,3.992000102996826,3.994999885559082,3.996999979019165,3.996999979019165,3.994999885559082
2025-07-21T16:44:20.0,4460.0,13.010000228881836,19.8321346190381,21.229999542236328,21.31626659683276,47.720001220703125,3.9749999046325684,3.9790000915527344,3.9809999465942383,3.993000030517578,3.990999937057495,3.99399995803833,3.997999906539917,3.99399995803833,3.996999979019165,3.997999906539917,3.997999906539917,3.996000051498413
2025-07-21T16:44:30.0,4470.0,13.050000190734863,19.86816604199859,21.229999542236328,21.31999969482422,47.75,3.9760000705718994,3.9790000915527344,3.9820001125335693,3.99399995803833,3.992000102996826,3.994999885559082,3.999000072479248,3.994999885559082,3.996999979019165,3.999000072479248,3.999000072479248,3.996999979019165
2025-07-21T16:44:40.0,4480.0,12.680000305175781,19.90382855389727,21.229999542236328,21.31999969482422,47.75,3.9769999980926514,3.9800000190734863,3.9830000400543213,3.99399995803833,3.992000102996826,3.994999885559082,3.999000072479248,3.994999885559082,3.997999906539917,4.0,4.0,3.996999979019165
2025-07-21T16:44:50.0,4490.0,12.8046315845691,19.93950930928786,21.235681076694682,21.31999969482422,47.7400016784668,3.9769999980926514,3.9800000190734863,3.9830000400543213,3.99399995803833,3.993000030517578,3.996000051498413,4.0,3.996000051498413,3.997999906539917,4.0,4.0,3.997999906539917
2025-07-21T16:45:00.0,4500.0,12.680000305175781,19.974626554603837,21.239999771118164,21.31999969482422,47.77000045776367,3.9779999256134033,3.9809999465942383,3.9830000400543213,3.994999885559082,3.993000030517578,3.996000051498413,4.0,3.996000051498413,3.997999906539917,4.000999927520752,4.000999927520752,3.997999906539917
2025-07-21T16:45:10.0,4510.0,13.210000038146973,20.01108098270707,21.239999771118164,21.31999969482422,47.7400016784668,3.9779999256134033,3.9809999465942383,3.9839999675750732,3.994999885559082,3.99399995803833,3.996999979019165,4.000999927520752,3.996999979019165,3.999000072479248,4.000999927520752,4.000999927520752,3.999000072479248
2025-07-21T16:45:20.0,4520.0,12.40258832819321,20.0464440098834,21.239999771118164,21.31999969482422,47.73547783645929,3.9779999256134033,3.9809999465942383,3.9839999675750732,3.994999885559082,3.99399995803833,3.996999979019165,4.000999927520752,3.996999979019165,3.999000072479248,4.000999927520752,4.000999927520752,3.999000072479248
2025-07-21T16:45:30.0,4530.0,12.222013171095593,20.080630264988734,21.239999771118164,21.31999969482422,47.74713339921599,3.9779999256134033,3.9820001125335693,3.9839999675750732,3.996000051498413,3.99399995803833,3.996999979019165,4.000999927520752,3.996999979019165,3.999000072479248,4.000999927520752,4.000999927520752,3.999000072479248
2025-07-21T16:45:40.0,4540.0,12.170000076293945,20.11443642129394,21.239999771118164,21.31999969482422,47.7599983215332,3.9779999256134033,3.9820001125335693,3.9839999675750732,3.996000051498413,3.99399995803833,3.996999979019165,4.000999927520752,3.996999979019165,4.0,4.001999855041504,4.001999855041504,3.999000072479248
2025-07-21T16:45:50.0,4550.0,12.170000076293945,20.148241977061424,21.239999771118164,21.324570226084063,47.7599983215332,3.9790000915527344,3.9820001125335693,3.984999895095825,3.996000051498413,3.99399995803833,3.996999979019165,4.000999927520752,3.996999979019165,4.0,4.001999855041504,4.001999855041504,3.999000072479248
2025-07-21T16:46:00.0,4560.0,11.75,20.181538210549615,21.24106401208546,21.329999923706055,47.75428913503453,3.9790000915527344,3.9820001125335693,3.984999895095825,3.996000051498413,3.994999885559082,3.997999906539917,4.000999927520752,3.997999906539917,4.0,4.001999855041504,4.001999855041504,3.999000072479248
2025-07-21T16:46:10.0,4570.0,3.2358431507559375,20.20579617677079,21.247557245564998,21.329999923706055,47.62602982106281,3.9700000286102295,3.9730000495910645,3.9760000705718994,3.98799991607666,3.9860000610351562,3.989000082015991,3.993000030517578,3.990000009536743,3.992000102996826,3.99399995803833,3.99399995803833,3.992000102996826
2025-07-21T16:46:20.0,4580.0,3.352736841691174,20.21493026571843,21.25,21.334024272313556,47.61259166817916,3.9690001010894775,3.9719998836517334,3.9749999046325684,3.9860000610351562,3.984999895095825,3.98799991607666,3.990999937057495,3.98799991607666,3.990000009536743,3.992000102996826,3.992000102996826,3.990000009536743
2025-07-21T16:46:30.0,4590.0,3.425884368202899,20.22439545465045,21.250476139846626,21.34000015258789,47.56999969482422,3.9679999351501465,3.9719998836517334,3.9739999771118164,3.9860000610351562,3.9839999675750732,3.986999988555908,3.990000009536743,3.986999988555908,3.989000082015991,3.990999937057495,3.990999937057495,3.989000082015991
2025-07-21T16:46:40.0,4600.0,3.359999895095825,20.233802732455192,21.25693665336936,21.34000015258789,47.560001373291016,3.9670000076293945,3.9709999561309814,3.9739999771118164,3.984999895095825,3.9839999675750732,3.9860000610351562,3.989000082015991,3.9860000610351562,3.989000082015991,3.990999937057495,3.990999937057495,3.98799991607666
2025-07-21T16:46:50.0,4610.0,3.319999933242798,20.243063865565983,21.260000228881836,21.34000015258789,47.56999969482422,3.9670000076293945,3.9709999561309814,3.9730000495910645,3.984999895095825,3.9839999675750732,3.9860000610351562,3.989000082015991,3.9860000610351562,3.98799991607666,3.990000009536743,3.990000009536743,3.98799991607666
2025-07-21T16:47:00.0,4620.0,3.3459466883341946,20.25261036007192,21.260000228881836,21.34000015258789,47.5529612121582,3.9660000801086426,3.9700000286102295,3.9719998836517334,3.9839999675750732,3.9830000400543213,3.984999895095825,3.98799991607666,3.984999895095825,3.98799991607666,3.990000009536743,3.989000082015991,3.986999988555908
2025-07-21T16:47:10.0,4630.0,12.85781583786007,20.278923921218706,21.260000228881836,21.34000015258789,47.720001220703125,3.9760000705718994,3.9790000915527344,3.9820001125335693,3.993000030517578,3.990999937057495,3.99399995803833,3.997999906539917,3.99399995803833,3.996999979019165,3.999000072479248,3.999000072479248,3.996000051498413
2025-07-21T16:47:20.0,4640.0,12.390000343322754,20.31394449326912,21.260000228881836,21.342889437376126,47.720001220703125,3.9769999980926514,3.9800000190734863,3.9820001125335693,3.99399995803833,3.992000102996826,3.994999885559082,3.999000072479248,3.994999885559082,3.997999906539917,4.0,4.0,3.996999979019165
2025-07-21T16:47:30.0,4650.0,12.28259050963355,20.34825142190323,21.260000228881836,21.349341614214527,47.72999954223633,3.9769999980926514,3.9800000190734863,3.9830000400543213,3.994999885559082,3.993000030517578,3.996000051498413,4.0,3.996000051498413,3.997999906539917,4.0,4.0,3.997999906539917
2025-07-21T16:47:40.0,4660.0,12.149999618530273,20.382507682904926,21.260000228881836,21.350000381469727,47.75,3.9769999980926514,3.9809999465942383,3.9830000400543213,3.994999885559082,3.993000030517578,3.996000051498413,4.0,3.996000051498413,3.999000072479248,4.000999927520752,4.000999927520752,3.997999906539917
2025-07-21T16:47:50.0,4670.0,11.979999542236328,20.416117887865433,21.26225477919787,21.35225493178576,47.7400016784668,3.9779999256134033,3.9809999465942383,3.9839999675750732,3.996000051498413,3.99399995803833,3.996999979019165,4.000999927520752,3.996999979019165,3.999000072479248,4.000999927520752,4.000999927520752,3.999000072479248
2025-07-21T16:48:00.0,4680.0,11.880000114440918,20.449338387204534,21.268681661512673,21.358681814100564,47.72999954223633,3.9779999256134033,3.9820001125335693,3.984999895095825,3.996000051498413,3.99399995803833,3.996999979019165,4.000999927520752,3.996999979019165,4.0,4.000999927520752,4.000999927520752,3.999000072479248
2025-07-21T16:48:10.0,4690.0,12.38786850728475,20.4832071821422,21.270000457763672,21.360000610351562,47.754841292531864,3.9790000915527344,3.9820001125335693,3.984999895095825,3.996999979019165,3.994999885559082,3.997999906539917,4.001999855041504,3.997999906539917,4.0,4.001999855041504,4.001999855041504,4.0
2025-07-21T16:48:20.0,4700.0,11.829000121668795,20.516969076805903,21.270000457763672,21.360000610351562,47.7599983215332,3.9790000915527344,3.9830000400543213,3.984999895095825,3.996999979019165,3.994999885559082,3.997999906539917,4.001999855041504,3.997999906539917,4.0,4.001999855041504,4.001999855041504,4.0
2025-07-21T16:48:30.0,4710.0,11.829999923706055,20.549795665508633,21.270000457763672,21.360000610351562,47.7400016784668,3.9790000915527344,3.9830000400543213,3.984999895095825,3.996999979019165,3.994999885559082,3.997999906539917,4.001999855041504,3.997999906539917,4.000999927520752,4.001999855041504,4.002999782562256,4.0
2025-07-21T16:48:40.0,4720.0,11.600000381469727,20.582527209999025,21.270000457763672,21.360000610351562,47.77000045776367,3.9790000915527344,3.9830000400543213,3.984999895095825,3.996999979019165,3.994999885559082,3.997999906539917,4.001999855041504,3.997999906539917,4.000999927520752,4.002999782562256,4.002999782562256,4.0
2025-07-21T16:48:50.0,4730.0,11.930000305175781,20.614703054933276,21.27106922411888,21.36106937670677,47.77000045776367,3.9790000915527344,3.9830000400543213,3.984999895095825,3.996999979019165,3.994999885559082,3.997999906539917,4.001999855041504,3.997999906539917,4.000999927520752,4.002999782562256,4.002999782562256,4.0
2025-07-21T16:49:00.0,4740.0,11.109999656677246,20.646726538383422,21.277554456856773,21.367554609444664,47.74162247601677,3.9800000190734863,3.9830000400543213,3.9860000610351562,3.996999979019165,3.996000051498413,3.997999906539917,4.001999855041504,3.997999906539917,4.000999927520752,4.002999782562256,4.002999782562256,4.000999927520752
2025-07-21T16:49:10.0,4750.0,11.485803646511478,20.677972504202785,21.280000686645508,21.3700008392334,47.77382624549038,3.9800000190734863,3.9830000400543213,3.9860000610351562,3.996999979019165,3.996000051498413,3.997999906539917,4.001999855041504,3.997999906539917,4.000999927520752,4.002999782562256,4.002999782562256,4.000999927520752
2025-07-21T16:49:20.0,4760.0,11.079999923706055,20.709509192661965,21.280000686645508,21.3700008392334,47.7599983215332,3.9800000190734863,3.9830000400543213,3.9860000610351562,3.996999979019165,3.996000051498413,3.997999906539917,4.001999855041504,3.997999906539917,4.000999927520752,4.002999782562256,4.002999782562256,4.000999927520752
2025-07-21T16:49:30.0,4770.0,10.872631700415413,20.740286970227817,21.280000686645508,21.3700008392334,47.75309751922009,3.9790000915527344,3.9830000400543213,3.984999895095825,3.996999979019165,3.996000051498413,3.997999906539917,4.001999855041504,3.997999906539917,4.000999927520752,4.002999782562256,4.002999782562256,4.0
2025-07-21T16:49:40.0,4780.0,10.813026174746069,20.770109054142893,21.283427388451315,21.3700008392334,47.77000045776367,3.9790000915527344,3.9830000400543213,3.9860000610351562,3.996999979019165,3.996000051498413,3.997999906539917,4.001999855041504,3.997999906539917,4.000999927520752,4.002999782562256,4.002999782562256,4.0
2025-07-21T16:49:50.0,4790.0,10.609999656677246,20.799526842397842,21.28992104356939,21.3700008392334,47.7400016784668,3.9790000915527344,3.9830000400543213,3.984999895095825,3.996999979019165,3.994999885559082,3.997999906539917,4.001999855041504,3.997999906539917,4.000999927520752,4.002999782562256,4.002999782562256,4.0
2025-07-21T16:50:00.0,4800.0,10.1899995803833,20.828416631479524,21.290000915527344,21.376409653678426,47.7599983215332,3.9790000915527344,3.9830000400543213,3.984999895095825,3.996999979019165,3.994999885559082,3.997999906539917,4.001999855041504,3.997999906539917,4.000999927520752,4.002999782562256,4.002999782562256,4.0
2025-07-21T16:50:10.0,4810.0,7.36930267120662,20.85373226422442,21.290000915527344,21.3799991607666,47.709999084472656,3.9760000705718994,3.9800000190734863,3.9820001125335693,3.99399995803833,3.992000102996826,3.994999885559082,3.999000072479248,3.994999885559082,3.997999906539917,4.0,4.0,3.996999979019165
2025-07-21T16:50:20.0,4820.0,7.349999904632568,20.874199764315016,21.290000915527344,21.3799991607666,47.70000076293945,3.9760000705718994,3.9790000915527344,3.9820001125335693,3.99399995803833,3.992000102996826,3.994999885559082,3.997999906539917,3.994999885559082,3.996999979019165,3.999000072479248,3.999000072479248,3.996999979019165
2025-07-21T16:50:30.0,4830.0,7.150000095367432,20.894324319884245,21.29585228654971,21.3799991607666,47.68000030517578,3.9749999046325684,3.9790000915527344,3.9820001125335693,3.993000030517578,3.992000102996826,3.994999885559082,3.997999906539917,3.99399995803833,3.996999979019165,3.999000072479248,3.999000072479248,3.996999979019165
2025-07-21T16:50:40.0,4840.0,7.380000114440918,20.914414747705454,21.299999237060547,21.38231259331226,47.68000030517578,3.9749999046325684,3.9790000915527344,3.9820001125335693,3.993000030517578,3.992000102996826,3.994999885559082,3.997999906539917,3.99399995803833,3.996999979019165,3.999000072479248,3.999000072479248,3.996000051498413
2025-07-21T16:50:50.0,4850.0,7.082313885408292,20.934739908857605,21.299999237060547,21.388798246650243,47.67572290184764,3.9749999046325684,3.9790000915527344,3.9809999465942383,3.993000030517578,3.990999937057495,3.99399995803833,3.997999906539917,3.99399995803833,3.996000051498413,3.997999906539917,3.997999906539917,3.996000051498413
2025-07-21T16:51:00.0,4860.0,6.889999866485596,20.954459853589267,21.299999237060547,21.389999389648438,47.68772225881878,3.9749999046325684,3.9779999256134033,3.9809999465942383,3.992000102996826,3.990999937057495,3.99399995803833,3.996999979019165,3.99399995803833,3.996000051498413,3.997999906539917,3.997999906539917,3.996000051498413
2025-07-21T16:51:10.0,4870.0,12.170000076293945,20.980884420616356,21.299999237060547,21.389999389648438,47.7599983215332,3.9790000915527344,3.9830000400543213,3.984999895095825,3.996999979019165,3.996000051498413,3.997999906539917,4.001999855041504,3.997999906539917,4.000999927520752,4.002999782562256,4.002999782562256,4.000999927520752
2025-07-21T16:51:20.0,4880.0,11.499670671161935,21.014648819886308,21.299999237060547,21.389999389648438,47.766172432759134,3.9800000190734863,3.9830000400543213,3.9860000610351562,3.997999906539917,3.996000051498413,3.999000072479248,4.002999782562256,3.999000072479248,4.000999927520752,4.002999782562256,4.002999782562256,4.000999927520752
2025-07-21T16:51:30.0,4890.0,11.520000457763672,21.04700493630064,21.304739680609753,21.394739833197644,47.77000045776367,3.9800000190734863,3.9839999675750732,3.9860000610351562,3.997999906539917,3.996000051498413,3.999000072479248,4.002999782562256,3.999000072479248,4.001999855041504,4.004000186920166,4.004000186920166,4.000999927520752
2025-07-21T16:51:40.0,4900.0,11.495680573407343,21.07948169291363,21.309999465942383,21.399999618530273,47.75773918087743,3.9809999465942383,3.9839999675750732,3.986999988555908,3.997999906539917,3.996999979019165,4.0,4.004000186920166,4.0,4.001999855041504,4.004000186920166,4.004000186920166,4.001999855041504
2025-07-21T16:51:50.0,4910.0,11.420000076293945,21.112080076492358,21.309999465942383,21.399999618530273,47.77000045776367,3.9809999465942383,3.984999895095825,3.986999988555908,3.999000072479248,3.996999979019165,4.0,4.004000186920166,4.0,4.001999855041504,4.005000114440918,4.005000114440918,4.001999855041504
2025-07-21T16:52:00.0,4920.0,11.3100004196167,21.144073637841274,21.309999465942383,21.399999618530273,47.779998779296875,3.9809999465942383,3.984999895095825,3.986999988555908,3.999000072479248,3.997999906539917,4.0,4.004000186920166,4.0,4.002999782562256,4.005000114440918,4.005000114440918,4.001999855041504
2025-07-21T16:52:10.0,4930.0,3.3259507472397885,21.164354226743242,21.310667404041954,21.399999618530273,47.63764606879517,3.9730000495910645,3.9769999980926514,3.9790000915527344,3.990999937057495,3.990000009536743,3.992000102996826,3.996000051498413,3.993000030517578,3.994999885559082,3.996999979019165,3.996999979019165,3.994999885559082
2025-07-21T16:52:20.0,4940.0,3.440000057220459,21.17361539881626,21.317164856372433,21.399999618530273,47.61000061035156,3.9719998836517334,3.9760000705718994,3.9790000915527344,3.990000009536743,3.989000082015991,3.990999937057495,3.994999885559082,3.992000102996826,3.994999885559082,3.996999979019165,3.996999979019165,3.99399995803833
2025-07-21T16:52:30.0,4950.0,3.25,21.183026926457345,21.31999969482422,21.403631789291026,47.61000061035156,3.9719998836517334,3.9749999046325684,3.9779999256134033,3.990000009536743,3.98799991607666,3.990999937057495,3.99399995803833,3.990999937057495,3.993000030517578,3.994999885559082,3.994999885559082,3.993000030517578
2025-07-21T16:52:40.0,4960.0,3.130000114440918,21.191944437673616,21.31999969482422,21.40999984741211,47.630001068115234,3.9709999561309814,3.9749999046325684,3.9769999980926514,3.989000082015991,3.98799991607666,3.990000009536743,3.993000030517578,3.990000009536743,3.992000102996826,3.99399995803833,3.99399995803833,3.992000102996826
2025-07-21T16:52:50.0,4970.0,-24.940000534057617,21.14186603251801,21.31999969482422,21.40999984741211,47.14483499059794,3.941999912261963,3.947999954223633,3.950000047683716,3.9600000381469727,3.9590001106262207,3.9609999656677246,3.9619998931884766,3.9619998931884766,3.9639999866485596,3.9649999141693115,3.9649999141693115,3.9630000591278076
2025-07-21T16:53:00.0,4980.0,-24.75,21.072412565339665,21.32600721526382,21.40999984741211,47.06402179476012,3.934999942779541,3.940999984741211,3.943000078201294,3.9549999237060547,3.9539999961853027,3.9560000896453857,3.9570000171661377,3.9570000171661377,3.9579999446868896,3.9600000381469727,3.9590001106262207,3.9579999446868896
2025-07-21T16:53:10.0,4990.0,-24.8799991607666,21.00321361131058,21.33896004070497,21.40999984741211,47.11000061035156,3.8970000743865967,3.9040000438690186,3.9049999713897705,3.921999931335449,3.9210000038146973,3.921999931335449,3.9200000762939453,3.9230000972747803,3.9240000247955322,3.924999952316284,3.9240000247955322,3.9240000247955322
2025-07-21T16:53:20.0,5000.0,-58.5,20.85972095433579,21.351929863337777,21.415964702787054,46.369998931884766,3.890000104904175,3.8980000019073486,3.8980000019073486,3.9110000133514404,3.9100000858306885,3.9100000858306885,3.9079999923706055,3.9100000858306885,3.9119999408721924,3.9130001068115234,3.9119999408721924,3.9110000133514404
2025-07-21T16:53:30.0,5010.0,-58.34000015258789,20.697379587921823,21.36487163887764,21.422435822842562,46.28112144074548,3.88700008392334,3.8940000534057617,3.8949999809265137,3.9059998989105225,3.9049999713897705,3.9049999713897705,3.9030001163482666,3.9059998989105225,3.9070000648498535,3.9070000648498535,3.9059998989105225,3.9059998989105225
2025-07-21T16:53:40.0,5020.0,-58.18691967412058,20.535331022341243,21.377764779497227,21.42888300798977,46.20830395690396,3.878000020980835,3.884999990463257,3.884999990463257,3.8980000019073486,3.8959999084472656,3.8959999084472656,3.8949999809265137,3.8980000019073486,3.8989999294281006,3.9000000953674316,3.8989999294281006,3.8989999294281006
2025-07-21T16:53:50.0,5030.0,-58.790000915527344,20.372992647972364,21.39610512066649,21.43000030517578,46.150001525878906,3.872999906539917,3.880000114440918,3.880000114440918,3.8929998874664307,3.8919999599456787,3.8919999599456787,3.8910000324249268,3.8940000534057617,3.8949999809265137,3.8959999084472656,3.8949999809265137,3.8940000534057617
2025-07-21T16:54:00.0,5040.0,-57.720327250162775,20.21106673443714,21.41372678606887,21.43000030517578,46.0958018102144,3.867000102996826,3.875,3.875,3.888000011444092,3.88700008392334,3.88700008392334,3.884999990463257,3.888000011444092,3.8889999389648438,3.890000104904175,3.8889999389648438,3.8889999389648438
2025-07-21T16:54:10.0,5050.0,-50.36000061035156,20.05126557134866,21.426721690729824,21.43000030517578,46.129396189050716,3.869999885559082,3.878000020980835,3.877000093460083,3.8910000324249268,3.890000104904175,3.890000104904175,3.8889999389648438,3.8910000324249268,3.8919999599456787,3.8929998874664307,3.8919999599456787,3.8919999599456787
2025-07-21T16:54:20.0,5060.0,-51.5977941742847,19.90982130346748,21.44455584526681,21.434852460357448,46.099998474121094,3.869999885559082,3.878000020980835,3.877000093460083,3.890000104904175,3.8889999389648438,3.8889999389648438,3.888000011444092,3.890000104904175,3.8910000324249268,3.8929998874664307,3.8910000324249268,3.8910000324249268
2025-07-21T16:54:30.0,5070.0,-51.880001068115234,19.766930910498562,21.462661090023044,21.440000534057617,46.08000183105469,3.864000082015991,3.871999979019165,3.871000051498413,3.884999990463257,3.882999897003174,3.882999897003174,3.882999897003174,3.885999917984009,3.88700008392334,3.88700008392334,3.885999917984009,3.885999917984009
2025-07-21T16:54:40.0,5080.0,-50.31535550669619,19.62602039781808,21.475539684848332,21.440000534057617,46.12143965247724,3.861999988555908,3.869999885559082,3.86899995803833,3.882999897003174,3.88100004196167,3.88100004196167,3.880000114440918,3.881999969482422,3.882999897003174,3.884000062942505,3.882999897003174,3.882999897003174
2025-07-21T16:54:50.0,5090.0,-52.310001373291016,19.484824328990772,21.488500386995828,21.44425095643737,46.029998779296875,3.859999895095825,3.868000030517578,3.867000102996826,3.88100004196167,3.878999948501587,3.878999948501587,3.878000020980835,3.880000114440918,3.88100004196167,3.881999969482422,3.88100004196167,3.880000114440918
2025-07-21T16:55:00.0,5100.0,-50.560001373291016,19.34084071406496,21.502251170273613,21.450751009908384,46.060001373291016,3.8570001125335693,3.865999937057495,3.865000009536743,3.878000020980835,3.877000093460083,3.875999927520752,3.875,3.878000020980835,3.878999948501587,3.878999948501587,3.878000020980835,3.878000020980835
2025-07-21T16:55:10.0,5110.0,-46.04999923706055,19.200443871383925,21.521708130287564,21.457235426234476,46.18000030517578,3.8559999465942383,3.865000009536743,3.86299991607666,3.878000020980835,3.875999927520752,3.875,3.874000072479248,3.877000093460083,3.878000020980835,3.878000020980835,3.877000093460083,3.877000093460083
2025-07-21T16:55:20.0,5120.0,-46.470001220703125,19.07192893930461,21.530000686645508,21.459999084472656,46.060001373291016,3.8580000400543213,3.867000102996826,3.865000009536743,3.878999948501587,3.878000020980835,3.877000093460083,3.875999927520752,3.878999948501587,3.878999948501587,3.880000114440918,3.878999948501587,3.878999948501587
2025-07-21T16:55:30.0,5130.0,-45.84000015258789,18.943494087189826,21.530000686645508,21.459999084472656,46.099998474121094,3.8570001125335693,3.865999937057495,3.865000009536743,3.878000020980835,3.877000093460083,3.875999927520752,3.875,3.877000093460083,3.878000020980835,3.878999948501587,3.878000020980835,3.877000093460083
2025-07-21T16:55:40.0,5140.0,-46.27470608879544,18.81484228705962,21.530000686645508,21.459999084472656,46.02243329098349,3.8559999465942383,3.864000082015991,3.86299991607666,3.875999927520752,3.875,3.874000072479248,3.872999906539917,3.875999927520752,3.877000093460083,3.877000093460083,3.875999927520752,3.875999927520752
2025-07-21T16:55:50.0,5150.0,-47.26589577323512,18.685775657418827,21.530000686645508,21.459999084472656,45.979968747724655,3.8540000915527344,3.86299991607666,3.8610000610351562,3.875,3.872999906539917,3.871999979019165,3.871999979019165,3.874000072479248,3.875,3.875,3.874000072479248,3.874000072479248
2025-07-21T16:56:00.0,5160.0,-46.22999954223633,18.55792227636363,21.530000686645508,21.459999084472656,46.0,3.8529999256134033,3.861999988555908,3.859999895095825,3.874000072479248,3.871999979019165,3.871000051498413,3.869999885559082,3.872999906539917,3.874000072479248,3.874000072479248,3.872999906539917,3.872999906539917
2025-07-21T16:56:10.0,5170.0,-45.75,18.429200899745354,21.530000686645508,21.459999084472656,45.95000076293945,3.8510000705718994,3.859999895095825,3.8589999675750732,3.871999979019165,3.871000051498413,3.869999885559082,3.869999885559082,3.872999906539917,3.874000072479248,3.874000072479248,3.872999906539917,3.872999906539917
2025-07-21T16:56:20.0,5180.0,-46.071000289916995,18.301877617340345,21.530000686645508,21.459999084472656,45.9900016784668,3.8499999046325684,3.8589999675750732,3.8570001125335693,3.871000051498413,3.86899995803833,3.868000030517578,3.867000102996826,3.869999885559082,3.871000051498413,3.871999979019165,3.871000051498413,3.869999885559082
2025-07-21T16:56:30.0,5190.0,-46.570464680677425,18.172187034174858,21.530000686645508,21.459999084472656,45.949706277671766,3.8489999771118164,3.8580000400543213,3.8559999465942383,3.869999885559082,3.868000030517578,3.867000102996826,3.865999937057495,3.86899995803833,3.869999885559082,3.869999885559082,3.86899995803833,3.86899995803833
2025-07-21T16:56:40.0,5200.0,-45.959999084472656,18.042667156808896,21.530000686645508,21.459999084472656,45.95000076293945,3.8469998836517334,3.8559999465942383,3.8540000915527344,3.868000030517578,3.867000102996826,3.865000009536743,3.865000009536743,3.867000102996826,3.868000030517578,3.868000030517578,3.867000102996826,3.867000102996826
2025-07-21T16:56:50.0,5210.0,-46.119998931884766,17.914276830559036,21.530000686645508,21.459999084472656,45.88999938964844,3.8459999561309814,3.8550000190734863,3.8529999256134033,3.867000102996826,3.865999937057495,3.864000082015991,3.86299991607666,3.865999937057495,3.867000102996826,3.867000102996826,3.865999937057495,3.865999937057495
2025-07-21T16:57:00.0,5220.0,-47.09000015258789,17.784810396843216,21.530000686645508,21.459999084472656,45.89785628384277,3.8450000286102295,3.8540000915527344,3.8519999980926514,3.865999937057495,3.865000009536743,3.86299991607666,3.86299991607666,3.865999937057495,3.867000102996826,3.867000102996826,3.865999937057495,3.865999937057495
2025-07-21T16:57:10.0,5230.0,-27.08789489143773,17.669402885076995,21.530000686645508,21.459999084472656,46.191870809770876,3.8440001010894775,3.8529999256134033,3.8510000705718994,3.865000009536743,3.864000082015991,3.861999988555908,3.8610000610351562,3.864000082015991,3.865000009536743,3.865000009536743,3.864000082015991,3.864000082015991
2025-07-21T16:57:20.0,5240.0,-26.979999542236328,17.594335640451902,21.530000686645508,21.459999084472656,46.2400016784668,3.864000082015991,3.871999979019165,3.869999885559082,3.884000062942505,3.882999897003174,3.881999969482422,3.881999969482422,3.882999897003174,3.884000062942505,3.884000062942505,3.884000062942505,3.882999897003174
2025-07-21T16:57:30.0,5250.0,-27.15999984741211,17.51922693499167,21.530000686645508,21.459999084472656,46.220001220703125,3.865000009536743,3.872999906539917,3.871000051498413,3.884999990463257,3.882999897003174,3.881999969482422,3.882999897003174,3.884000062942505,3.884999990463257,3.884999990463257,3.884999990463257,3.884000062942505
2025-07-21T16:57:40.0,5260.0,-26.760907378949657,17.444091680556664,21.530000686645508,21.459999084472656,46.3278633634328,3.865999937057495,3.874000072479248,3.872999906539917,3.885999917984009,3.884999990463257,3.882999897003174,3.884000062942505,3.884999990463257,3.885999917984009,3.885999917984009,3.885999917984009,3.884999990463257
2025-07-21T16:57:50.0,5270.0,-27.105423887513492,17.369640187587997,21.530000686645508,21.459999084472656,46.27731416606972,3.865999937057495,3.875,3.872999906539917,3.885999917984009,3.884999990463257,3.882999897003174,3.884000062942505,3.884999990463257,3.885999917984009,3.885999917984009,3.885999917984009,3.884999990463257
2025-07-21T16:58:00.0,5280.0,-26.940000534057617,17.295086566669934,21.530000686645508,21.459999084472656,46.318776787150306,3.865999937057495,3.875,3.872999906539917,3.885999917984009,3.884999990463257,3.884000062942505,3.884000062942505,3.884999990463257,3.885999917984009,3.885999917984009,3.885999917984009,3.885999917984009
2025-07-21T16:58:10.0,5290.0,-58.39031600952144,17.199838754840684,21.636854766251197,21.513426852164326,45.7400016784668,3.8359999656677246,3.8459999561309814,3.8429999351501465,3.8580000400543213,3.8559999465942383,3.8540000915527344,3.8519999980926514,3.8550000190734863,3.8559999465942383,3.8559999465942383,3.8550000190734863,3.8550000190734863
2025-07-21T16:58:20.0,5300.0,-58.802239430745445,17.037281922122368,21.810306640208378,21.60030755573572,45.66772179322343,3.8310000896453857,3.8410000801086426,3.8380000591278076,3.8540000915527344,3.8519999980926514,3.8499999046325684,3.8499999046325684,3.8540000915527344,3.8540000915527344,3.8540000915527344,3.8529999256134033,3.8529999256134033
2025-07-21T16:58:30.0,5310.0,-58.181131643997865,16.874918087648016,21.816746352283744,21.606747267811087,45.65603923044707,3.8269999027252197,3.8380000591278076,3.8340001106262207,3.8499999046325684,3.8480000495910645,3.8459999561309814,3.8440001010894775,3.8480000495910645,3.8480000495910645,3.8480000495910645,3.8469998836517334,3.8469998836517334
2025-07-21T16:58:40.0,5320.0,-58.39610542845882,16.711571526093213,21.82317767379065,21.610000610351562,45.6107568902907,3.825000047683716,3.8350000381469727,3.8320000171661377,3.8469998836517334,3.8450000286102295,3.8429999351501465,3.8410000801086426,3.8450000286102295,3.8459999561309814,3.8459999561309814,3.8440001010894775,3.8450000286102295
2025-07-21T16:58:50.0,5330.0,-58.150001525878906,16.549939149918288,21.829600428371148,21.610000610351562,45.599998474121094,3.822000026702881,3.8329999446868896,3.8289999961853027,3.8459999561309814,3.8440001010894775,3.8410000801086426,3.8389999866485596,3.8429999351501465,3.8440001010894775,3.8429999351501465,3.8420000076293945,3.8429999351501465
2025-07-21T16:59:00.0,5340.0,-58.47999954223633,16.38770188716491,21.836089278063167,21.616089964708674,45.54999923706055,3.822000026702881,3.8329999446868896,3.8289999961853027,3.8440001010894775,3.8429999351501465,3.8399999141693115,3.8380000591278076,3.8420000076293945,3.8420000076293945,3.8420000076293945,3.8399999141693115,3.8410000801086426
2025-07-21T16:59:10.0,5350.0,-46.4103024783888,16.229972476919226,21.84000015258789,21.6200008392334,45.777591158214385,3.818000078201294,3.8289999961853027,3.8259999752044678,3.8410000801086426,3.8389999866485596,3.8369998931884766,3.8350000381469727,3.8389999866485596,3.8399999141693115,3.8489999771118164,3.8480000495910645,3.8480000495910645
2025-07-21T16:59:20.0,5360.0,-46.988737126400665,16.10006769725614,21.84000015258789,21.6200008392334,45.67990085702191,3.8289999961853027,3.8389999866485596,3.8359999656677246,3.8510000705718994,3.8489999771118164,3.8469998836517334,3.8459999561309814,3.8489999771118164,3.8499999046325684,3.8489999771118164,3.8480000495910645,3.8480000495910645
2025-07-21T16:59:30.0,5370.0,-46.6727371617365,15.97013031382905,21.84000015258789,21.6200008392334,45.7750711692007,3.828000068664551,3.8380000591278076,3.8350000381469727,3.8499999046325684,3.8480000495910645,3.8459999561309814,3.8450000286102295,3.8480000495910645,3.8489999771118164,3.8480000495910645,3.8469998836517334,3.8469998836517334
2025-07-21T16:59:40.0,5380.0,-47.130001068115234,15.839130580302609,21.84000015258789,21.6200008392334,45.720001220703125,3.828000068664551,3.8380000591278076,3.8350000381469727,3.8499999046325684,3.8480000495910645,3.8450000286102295,3.8450000286102295,3.8469998836517334,3.8480000495910645,3.8480000495910645,3.8469998836517334,3.8469998836517334
2025-07-21T16:59:50.0,5390.0,-46.38642228779036,15.709372990748353,21.84000015258789,21.6200008392334,45.58682378718729,3.8269999027252197,3.8369998931884766,3.8340001106262207,3.8489999771118164,3.8480000495910645,3.8450000286102295,3.8440001010894775,3.8469998836517334,3.8480000495910645,3.8469998836517334,3.8469998836517334,3.8469998836517334
2025-07-21T17:00:00.0,5400.0,-45.84000015258789,15.578695526782404,21.84000015258789,21.6200008392334,45.72999954223633,3.8259999752044678,3.8369998931884766,3.8329999446868896,3.8480000495910645,3.8469998836517334,3.8440001010894775,3.8429999351501465,3.8459999561309814,3.8469998836517334,3.8459999561309814,3.8450000286102295,3.8450000286102295
2025-07-21T17:00:10.0,5410.0,-48.939998626708984,15.448140610476862,21.850282144081756,21.625141712409324,45.572537568036246,3.819999933242798,3.8310000896453857,3.8269999027252197,3.8429999351501465,3.8410000801086426,3.8380000591278076,3.8369998931884766,3.8399999141693115,3.8410000801086426,3.8399999141693115,3.8399999141693115,3.8399999141693115
2025-07-21T17:00:20.0,5420.0,-50.540000915527344,15.307209556257721,21.902263900875813,21.65113197113493,45.560001373291016,3.819000005722046,3.8299999237060547,3.8259999752044678,3.8420000076293945,3.8399999141693115,3.8369998931884766,3.8350000381469727,3.8389999866485596,3.8399999141693115,3.8389999866485596,3.8380000591278076,3.8389999866485596
2025-07-21T17:00:30.0,5430.0,-51.099998474121094,15.16680264503293,21.92425022195381,21.664249993071973,45.5485990776348,3.816999912261963,3.828000068664551,3.8239998817443848,3.8389999866485596,3.8380000591278076,3.8350000381469727,3.8340001106262207,3.8369998931884766,3.8380000591278076,3.8369998931884766,3.8359999656677246,3.8369998931884766
2025-07-21T17:00:40.0,5440.0,-51.93000030517578,15.024618887632421,21.93000030517578,21.670000076293945,45.56999969482422,3.815999984741211,3.8269999027252197,3.822999954223633,3.8389999866485596,3.8369998931884766,3.8340001106262207,3.8329999446868896,3.8359999656677246,3.8369998931884766,3.8359999656677246,3.8350000381469727,3.8359999656677246
2025-07-21T17:00:50.0,5450.0,-51.209999084472656,14.881737765087816,21.93000030517578,21.670000076293945,45.5099983215332,3.815000057220459,3.8259999752044678,3.822000026702881,3.8369998931884766,3.8359999656677246,3.8320000171661377,3.8310000896453857,3.8340001106262207,3.8350000381469727,3.8340001106262207,3.8340001106262207,3.8340001106262207
2025-07-21T17:01:00.0,5460.0,-50.81999969482422,14.740340715012284,21.93000030517578,21.670000076293945,45.54999923706055,3.812999963760376,3.825000047683716,3.821000099182129,3.8359999656677246,3.8340001106262207,3.8310000896453857,3.8289999961853027,3.8329999446868896,3.8340001106262207,3.8329999446868896,3.8320000171661377,3.8329999446868896
2025-07-21T17:01:10.0,5470.0,-39.45468807533138,14.608619482167825,21.93000030517578,21.670000076293945,45.7599983215332,3.822999954223633,3.8340001106262207,3.8299999237060547,3.8450000286102295,3.8440001010894775,3.8410000801086426,3.8399999141693115,3.8429999351501465,3.8440001010894775,3.8429999351501465,3.8420000076293945,3.8420000076293945
2025-07-21T17:01:20.0,5480.0,-38.18804006576546,14.501217835642755,21.93000030517578,21.670000076293945,45.81999969482422,3.825000047683716,3.8359999656677246,3.8320000171661377,3.8469998836517334,3.8450000286102295,3.8420000076293945,3.8420000076293945,3.8440001010894775,3.8450000286102295,3.8440001010894775,3.8440001010894775,3.8440001010894775
2025-07-21T17:01:30.0,5490.0,-39.439998626708984,14.392857475172942,21.948905359338283,21.682603245408668,45.75,3.825000047683716,3.8359999656677246,3.8320000171661377,3.8469998836517334,3.8450000286102295,3.8420000076293945,3.8420000076293945,3.8440001010894775,3.8450000286102295,3.8440001010894775,3.8440001010894775,3.8440001010894775
2025-07-21T17:01:40.0,5500.0,-38.220001220703125,14.28511232422537,21.987589734542915,21.708392418960383,45.72999954223633,3.825000047683716,3.8359999656677246,3.8320000171661377,3.8469998836517334,3.8450000286102295,3.8420000076293945,3.8420000076293945,3.8440001010894775,3.8459999561309814,3.8440001010894775,3.8440001010894775,3.8440001010894775
2025-07-21T17:01:50.0,5510.0,-37.81494763022983,14.17901087949355,21.99603013421945,21.709999084472656,45.75627281133716,3.825000047683716,3.8359999656677246,3.8320000171661377,3.8469998836517334,3.8450000286102295,3.8420000076293945,3.8420000076293945,3.8440001010894775,3.8450000286102295,3.8440001010894775,3.8440001010894775,3.8440001010894775
2025-07-21T17:02:00.0,5520.0,-37.818118783047346,14.073636960112513,22.0,21.709999084472656,45.72076439606516,3.825000047683716,3.8359999656677246,3.8320000171661377,3.8469998836517334,3.8450000286102295,3.8420000076293945,3.8420000076293945,3.8440001010894775,3.8450000286102295,3.8440001010894775,3.8440001010894775,3.8440001010894775
2025-07-21T17:02:10.0,5530.0,-50.86810521577266,13.968991950262119,22.0,21.709999084472656,45.58268113070801,3.809999942779541,3.822000026702881,3.816999912261963,3.8320000171661377,3.8310000896453857,3.828000068664551,3.8259999752044678,3.8299999237060547,3.8310000896453857,3.8299999237060547,3.8289999961853027,3.8299999237060547
2025-07-21T17:02:20.0,5540.0,-53.79999923706055,13.819621644247103,22.02189244567383,21.731891530146488,45.400001525878906,3.805999994277954,3.816999912261963,3.812999963760376,3.8289999961853027,3.8269999027252197,3.8239998817443848,3.822000026702881,3.8259999752044678,3.8269999027252197,3.8259999752044678,3.825000047683716,3.8259999752044678
2025-07-21T17:02:30.0,5550.0,-53.91999816894531,13.669944270661933,22.04195994149485,21.75,45.400001525878906,3.805000066757202,3.816999912261963,3.812000036239624,3.8269999027252197,3.8259999752044678,3.822000026702881,3.821000099182129,3.825000047683716,3.825000047683716,3.8239998817443848,3.822999954223633,3.8239998817443848
2025-07-21T17:02:40.0,5560.0,-54.939998626708984,13.519970560712014,22.04841047151627,21.75,45.369998931884766,3.802000045776367,3.813999891281128,3.809000015258789,3.8269999027252197,3.825000047683716,3.821000099182129,3.819000005722046,3.822999954223633,3.8239998817443848,3.822999954223633,3.822000026702881,3.822999954223633
2025-07-21T17:02:50.0,5570.0,-54.349998474121094,13.36728581630097,22.05489382275328,21.759789171385467,45.33000183105469,3.799999952316284,3.812000036239624,3.808000087738037,3.8239998817443848,3.822000026702881,3.818000078201294,3.815999984741211,3.821000099182129,3.821000099182129,3.819999933242798,3.819000005722046,3.819999933242798
2025-07-21T17:03:00.0,5580.0,-55.040000915527344,13.215454949550889,22.06277958288528,21.771390516235122,45.380001068115234,3.7990000247955322,3.811000108718872,3.805999994277954,3.822000026702881,3.821000099182129,3.816999912261963,3.815000057220459,3.819000005722046,3.819999933242798,3.818000078201294,3.816999912261963,3.818000078201294
2025-07-21T17:03:10.0,5590.0,-26.647816148557187,13.07115186120271,22.075782936219703,21.777892192902332,45.73645266231736,3.822999954223633,3.8340001106262207,3.8299999237060547,3.8450000286102295,3.8429999351501465,3.8399999141693115,3.8399999141693115,3.8420000076293945,3.8429999351501465,3.8420000076293945,3.8420000076293945,3.8420000076293945
2025-07-21T17:03:20.0,5600.0,-26.65999984741211,12.997240849058622,22.079999923706055,21.780000686645508,45.779998779296875,3.8259999752044678,3.8369998931884766,3.8329999446868896,3.8480000495910645,3.8459999561309814,3.8429999351501465,3.8429999351501465,3.8450000286102295,3.8459999561309814,3.8450000286102295,3.8450000286102295,3.8450000286102295
2025-07-21T17:03:30.0,5610.0,-26.84000015258789,12.922919393476109,22.079999923706055,21.780000686645508,45.83000183105469,3.828000068664551,3.8389999866485596,3.8350000381469727,3.8489999771118164,3.8480000495910645,3.8450000286102295,3.8450000286102295,3.8469998836517334,3.8480000495910645,3.8469998836517334,3.8459999561309814,3.8459999561309814
2025-07-21T17:03:40.0,5620.0,-26.530000686645508,12.848516166413884,22.079999923706055,21.780000686645508,45.849998474121094,3.828000068664551,3.8389999866485596,3.8359999656677246,3.8499999046325684,3.8489999771118164,3.8459999561309814,3.8459999561309814,3.8480000495910645,3.8489999771118164,3.8480000495910645,3.8480000495910645,3.8480000495910645
2025-07-21T17:03:50.0,5630.0,-26.73396103802851,12.774643570543123,22.079999923706055,21.780000686645508,45.93000030517578,3.8299999237060547,3.8410000801086426,3.8369998931884766,3.8519999980926514,3.8510000705718994,3.8469998836517334,3.8480000495910645,3.8489999771118164,3.8510000705718994,3.8489999771118164,3.8489999771118164,3.8489999771118164
2025-07-21T17:04:00.0,5640.0,-27.0094659423828,12.70054609277645,22.081667333057613,21.781390185604142,45.86000061035156,3.8310000896453857,3.8420000076293945,3.8380000591278076,3.8529999256134033,3.8510000705718994,3.8480000495910645,3.8480000495910645,3.8499999046325684,3.8510000705718994,3.8499999046325684,3.8499999046325684,3.8499999046325684
2025-07-21T17:04:10.0,5650.0,-58.040000915527344,12.618959477209776,22.120625495477185,21.813855114544175,45.349998474121094,3.802000045776367,3.813999891281128,3.809000015258789,3.825000047683716,3.8239998817443848,3.819000005722046,3.816999912261963,3.822000026702881,3.822999954223633,3.8510000705718994,3.8499999046325684,3.8499999046325684
2025-07-21T17:04:20.0,5660.0,-58.2599983215332,12.457363268258037,22.139999389648438,21.833266405225807,45.310001373291016,3.7980000972747803,3.811000108718872,3.805999994277954,3.822000026702881,3.819999933242798,3.815999984741211,3.813999891281128,3.819000005722046,3.819999933242798,3.818000078201294,3.816999912261963,3.818000078201294
2025-07-21T17:04:30.0,5670.0,-58.66421430460607,12.295077756067112,22.139999389648438,21.83976427974292,45.25382930712353,3.7960000038146973,3.809000015258789,3.803999900817871,3.819000005722046,3.818000078201294,3.813999891281128,3.809999942779541,3.815000057220459,3.815999984741211,3.813999891281128,3.812999963760376,3.813999891281128
2025-07-21T17:04:40.0,5680.0,-58.717528379353304,12.132084056694504,22.146221366905475,21.84622212984493,45.21282169693395,3.7909998893737793,3.802999973297119,3.7980000972747803,3.813999891281128,3.812999963760376,3.808000087738037,3.805999994277954,3.811000108718872,3.812000036239624,3.812000036239624,3.809999942779541,3.812000036239624
2025-07-21T17:04:50.0,5690.0,-57.959999084472656,11.970251238296557,22.152696514011833,21.850000381469727,45.209999084472656,3.7880001068115234,3.799999952316284,3.7960000038146973,3.812000036239624,3.809999942779541,3.805999994277954,3.803999900817871,3.808000087738037,3.809000015258789,3.808000087738037,3.806999921798706,3.808000087738037
2025-07-21T17:05:00.0,5700.0,-58.130001068115234,11.808869082814581,22.159198190679042,21.850000381469727,45.189998626708984,3.7860000133514404,3.7990000247955322,3.7939999103546143,3.809999942779541,3.809000015258789,3.803999900817871,3.802000045776367,3.806999921798706,3.806999921798706,3.805999994277954,3.805000066757202,3.805999994277954
2025-07-21T17:05:10.0,5710.0,-50.63999938964844,11.65230107811106,22.15999984741211,21.855690043784417,45.2400016784668,3.7899999618530273,3.802999973297119,3.7980000972747803,3.813999891281128,3.812999963760376,3.808000087738037,3.799999952316284,3.805000066757202,3.805999994277954,3.803999900817871,3.802999973297119,3.803999900817871
2025-07-21T17:05:20.0,5720.0,-50.95000076293945,11.511349556322356,22.16436921421781,21.86218529375441,45.22999954223633,3.7899999618530273,3.802000045776367,3.7980000972747803,3.812999963760376,3.812000036239624,3.806999921798706,3.806999921798706,3.809999942779541,3.811000108718872,3.809999942779541,3.809000015258789,3.809999942779541
2025-07-21T17:05:30.0,5730.0,-50.90100078582747,11.370943727642956,22.1773810272187,21.868691200254858,45.220001220703125,3.7890000343322754,3.8010001182556152,3.7960000038146973,3.812999963760376,3.811000108718872,3.806999921798706,3.805000066757202,3.809000015258789,3.809999942779541,3.809000015258789,3.808000087738037,3.809000015258789
2025-07-21T17:05:40.0,5740.0,-51.12789479305871,11.228031023173061,22.18000030517578,21.8700008392334,45.25,3.7869999408721924,3.799999952316284,3.7950000762939453,3.811000108718872,3.809999942779541,3.805000066757202,3.803999900817871,3.808000087738037,3.809000015258789,3.806999921798706,3.805999994277954,3.806999921798706
2025-07-21T17:05:50.0,5750.0,-50.29999923706055,11.08670552994966,22.186459885262824,21.87323047526471,45.22999954223633,3.7860000133514404,3.7990000247955322,3.7939999103546143,3.809999942779541,3.809000015258789,3.803999900817871,3.802999973297119,3.806999921798706,3.808000087738037,3.805999994277954,3.805000066757202,3.805999994277954
2025-07-21T17:06:00.0,5760.0,-52.10894723189505,10.946552939592197,22.21243326719705,21.886216546962785,45.20544142688779,3.7850000858306885,3.7980000972747803,3.7929999828338623,3.809000015258789,3.808000087738037,3.802999973297119,3.8010001182556152,3.805000066757202,3.805999994277954,3.805000066757202,3.803999900817871,3.805000066757202
2025-07-21T17:06:10.0,5770.0,-52.16999816894531,10.801666071577332,22.219999313354492,21.889999389648438,45.20000076293945,3.7839999198913574,3.796999931335449,3.7920000553131104,3.808000087738037,3.806999921798706,3.802000045776367,3.8010001182556152,3.805000066757202,3.805999994277954,3.803999900817871,3.802999973297119,3.803999900817871
2025-07-21T17:06:20.0,5780.0,-38.18000030517578,10.683527857860188,22.219999313354492,21.889999389648438,45.400001525878906,3.7960000038146973,3.809000015258789,3.803999900817871,3.819999933242798,3.818000078201294,3.813999891281128,3.813999891281128,3.815999984741211,3.818000078201294,3.815999984741211,3.815000057220459,3.815999984741211
2025-07-21T17:06:30.0,5790.0,-38.529998779296875,10.576113496277326,22.219999313354492,21.889999389648438,45.43000030517578,3.7960000038146973,3.809000015258789,3.803999900817871,3.819999933242798,3.819000005722046,3.813999891281128,3.813999891281128,3.816999912261963,3.818000078201294,3.815999984741211,3.815999984741211,3.816999912261963
2025-07-21T17:06:40.0,5800.0,-39.88207966424291,10.467499869551387,22.219999313354492,21.889999389648438,45.452051190145674,3.796999931335449,3.809000015258789,3.805000066757202,3.819999933242798,3.819000005722046,3.813999891281128,3.813999891281128,3.816999912261963,3.818000078201294,3.816999912261963,3.815999984741211,3.816999912261963
2025-07-21T17:06:50.0,5810.0,-38.630047469842374,10.358944370012543,22.219999313354492,21.889999389648438,45.48705098965657,3.796999931335449,3.809000015258789,3.805000066757202,3.819999933242798,3.819000005722046,3.815000057220459,3.813999891281128,3.816999912261963,3.818000078201294,3.816999912261963,3.815999984741211,3.816999912261963
2025-07-21T17:07:00.0,5820.0,-38.96518421173135,10.250975386837053,22.219999313354492,21.889999389648438,45.44599015175081,3.7960000038146973,3.809000015258789,3.803999900817871,3.819999933242798,3.819000005722046,3.813999891281128,3.813999891281128,3.816999912261963,3.818000078201294,3.815999984741211,3.815999984741211,3.816999912261963
2025-07-21T17:07:10.0,5830.0,-57.970001220703125,10.143050495354597,22.244536238583652,21.91103103984486,45.11000061035156,3.7960000038146973,3.809000015258789,3.803999900817871,3.803999900817871,3.802999973297119,3.7980000972747803,3.7960000038146973,3.799999952316284,3.8010001182556152,3.799999952316284,3.7980000972747803,3.799999952316284
2025-07-21T17:07:20.0,5840.0,-56.56153461545018,9.983256153542463,22.289991824410176,21.94999297055331,45.104851298369184,3.7769999504089355,3.7909998893737793,3.7860000133514404,3.802000045776367,3.8010001182556152,3.7960000038146973,3.7929999828338623,3.7980000972747803,3.7990000247955322,3.796999931335449,3.7960000038146973,3.796999931335449
2025-07-21T17:07:30.0,5850.0,-57.90368445901319,9.825785049246944,22.29644184456658,21.962883849733885,45.029998779296875,3.7730000019073486,3.7869999408721924,3.7820000648498535,3.7980000972747803,3.796999931335449,3.7920000553131104,3.7899999618530273,3.7950000762939453,3.7960000038146973,3.7939999103546143,3.7929999828338623,3.7939999103546143
2025-07-21T17:07:40.0,5860.0,-56.400001525878906,9.666689677347868,22.305784525469935,21.972891957559185,45.04999923706055,3.7709999084472656,3.7850000858306885,3.7790000438690186,3.7960000038146973,3.7950000762939453,3.7899999618530273,3.7880001068115234,3.7920000553131104,3.7939999103546143,3.7909998893737793,3.7909998893737793,3.7920000553131104
2025-07-21T17:07:50.0,5870.0,-56.66999816894531,9.507902104726627,22.31870388323989,21.979351636444164,45.00020925198761,3.7679998874664307,3.7829999923706055,3.7769999504089355,3.7939999103546143,3.7929999828338623,3.7869999408721924,3.7860000133514404,3.7899999618530273,3.7909998893737793,3.7890000343322754,3.7880001068115234,3.7899999618530273
2025-07-21T17:08:00.0,5880.0,-57.529998779296875,9.349412472573647,22.325789775218702,21.98578962263081,45.0,3.7669999599456787,3.7809998989105225,3.7750000953674316,3.7920000553131104,3.7909998893737793,3.7860000133514404,3.7839999198913574,3.7880001068115234,3.7890000343322754,3.7869999408721924,3.7869999408721924,3.7880001068115234
2025-07-21T17:08:10.0,5890.0,-52.69011733111188,9.189606920408933,22.33224674272193,21.989999771118164,45.01648939524266,3.7660000324249268,3.7799999713897705,3.7739999294281006,3.7920000553131104,3.7899999618530273,3.7850000858306885,3.7829999923706055,3.7880001068115234,3.7890000343322754,3.7869999408721924,3.7860000133514404,3.7869999408721924
2025-07-21T17:08:20.0,5900.0,-52.107066957574155,9.046860058427647,22.33874419505241,21.989999771118164,45.0231300494453,3.7699999809265137,3.7839999198913574,3.7780001163482666,3.7950000762939453,3.7939999103546143,3.7890000343322754,3.7869999408721924,3.7909998893737793,3.7929999828338623,3.7899999618530273,3.7899999618530273,3.7909998893737793
2025-07-21T17:08:30.0,5910.0,-51.84000015258789,8.902888063165078,22.34000015258789,21.989999771118164,45.06999969482422,3.7679998874664307,3.7829999923706055,3.7769999504089355,3.7939999103546143,3.7929999828338623,3.7880001068115234,3.7860000133514404,3.7899999618530273,3.7909998893737793,3.7890000343322754,3.7890000343322754,3.7899999618530273
2025-07-21T17:08:40.0,5920.0,-51.78568311992445,8.759426556376612,22.348230400232733,21.994938108083364,45.02000045776367,3.7669999599456787,3.7809998989105225,3.7760000228881836,3.7929999828338623,3.7920000553131104,3.7860000133514404,3.7850000858306885,3.7890000343322754,3.7899999618530273,3.7880001068115234,3.7869999408721924,3.7890000343322754
2025-07-21T17:08:50.0,5930.0,-50.779998779296875,8.617209306667377,22.380404941455737,22.01424356924521,44.95000076293945,3.7660000324249268,3.7809998989105225,3.7750000953674316,3.7920000553131104,3.7909998893737793,3.7860000133514404,3.7839999198913574,3.7880001068115234,3.7899999618530273,3.7869999408721924,3.7869999408721924,3.7880001068115234
2025-07-21T17:09:00.0,5940.0,-50.810001373291016,8.474103684015535,22.389999389648438,22.020000457763672,45.08000183105469,3.765000104904175,3.7790000438690186,3.7739999294281006,3.7909998893737793,3.7899999618530273,3.7850000858306885,3.7829999923706055,3.7869999408721924,3.7880001068115234,3.7860000133514404,3.7850000858306885,3.7869999408721924
2025-07-21T17:09:10.0,5950.0,-51.790000915527344,8.332198544051113,22.389999389648438,22.020000457763672,45.02000045776367,3.7639999389648438,3.7790000438690186,3.7730000019073486,3.7899999618530273,3.7890000343322754,3.7839999198913574,3.7820000648498535,3.7860000133514404,3.7880001068115234,3.7850000858306885,3.7839999198913574,3.7860000133514404
2025-07-21T17:09:20.0,5960.0,-27.07494717648155,8.220305143254858,22.389999389648438,22.020000457763672,45.429058491598944,3.7880001068115234,3.802000045776367,3.796999931335449,3.813999891281128,3.812999963760376,3.808000087738037,3.809000015258789,3.809999942779541,3.812000036239624,3.808000087738037,3.806999921798706,3.808000087738037
2025-07-21T17:09:30.0,5970.0,-27.3799991607666,8.144550537992314,22.389999389648438,22.020000457763672,45.40999984741211,3.7899999618530273,3.803999900817871,3.7990000247955322,3.815000057220459,3.813999891281128,3.809000015258789,3.809999942779541,3.811000108718872,3.812999963760376,3.811000108718872,3.811000108718872,3.811000108718872
2025-07-21T17:09:40.0,5980.0,-27.350000381469727,8.06850852203925,22.389999389648438,22.020000457763672,45.459999084472656,3.7909998893737793,3.805000066757202,3.799999952316284,3.816999912261963,3.815000057220459,3.809999942779541,3.811000108718872,3.812999963760376,3.813999891281128,3.812999963760376,3.812000036239624,3.812999963760376
2025-07-21T17:09:50.0,5990.0,-28.030000686645508,7.992187510899699,22.389999389648438,22.020000457763672,45.5,3.7929999828338623,3.806999921798706,3.802000045776367,3.818000078201294,3.816999912261963,3.812000036239624,3.812999963760376,3.815000057220459,3.816999912261963,3.813999891281128,3.813999891281128,3.815000057220459
2025-07-21T17:10:00.0,6000.0,-27.15999984741211,7.914923111698624,22.389999389648438,22.020000457763672,45.529998779296875,3.7939999103546143,3.806999921798706,3.802999973297119,3.819000005722046,3.818000078201294,3.812999963760376,3.812999963760376,3.815000057220459,3.816999912261963,3.815000057220459,3.813999891281128,3.815000057220459
2025-07-21T17:10:10.0,6010.0,-49.689998626708984,7.8317721009447805,22.389999389648438,22.020000457763672,44.97999954223633,3.7939999103546143,3.808000087738037,3.802999973297119,3.819999933242798,3.819000005722046,3.813999891281128,3.813999891281128,3.815999984741211,3.818000078201294,3.815999984741211,3.815000057220459,3.815999984741211
2025-07-21T17:10:20.0,6020.0,-58.959999084472656,7.673036333516702,22.44142902657747,22.07785895258124,44.93000030517578,3.76200008392334,3.7769999504089355,3.7709999084472656,3.7890000343322754,3.7880001068115234,3.7820000648498535,3.7799999713897705,3.7850000858306885,3.7860000133514404,3.7839999198913574,3.7829999923706055,3.7850000858306885
2025-07-21T17:10:30.0,6030.0,-58.279998779296875,7.510329846289155,22.47290899905949,22.115819426795756,44.90999984741211,3.759000062942505,3.7739999294281006,3.7679998874664307,3.7860000133514404,3.7850000858306885,3.7790000438690186,3.7769999504089355,3.7820000648498535,3.7829999923706055,3.7799999713897705,3.7790000438690186,3.7809998989105225
2025-07-21T17:10:40.0,6040.0,-58.637213960844996,7.348641784246496,22.479364924741763,22.12873004681838,44.851080897083015,3.755000114440918,3.7699999809265137,3.7639999389648438,3.7820000648498535,3.7809998989105225,3.7750000953674316,3.7739999294281006,3.7780001163482666,3.7799999713897705,3.7769999504089355,3.7760000228881836,3.7780001163482666
2025-07-21T17:10:50.0,6050.0,-58.32911754909311,7.186656521498625,22.48585867568841,22.1299991607666,44.85293510838559,3.753000020980835,3.7679998874664307,3.763000011444092,3.7809998989105225,3.7799999713897705,3.7739999294281006,3.7720000743865967,3.7769999504089355,3.7780001163482666,3.7760000228881836,3.7750000953674316,3.7769999504089355
2025-07-21T17:11:00.0,6060.0,-58.45978919581367,7.024351366236209,22.49235517277765,22.132354562426087,44.79999923706055,3.75,3.765000104904175,3.759999990463257,3.7780001163482666,3.7769999504089355,3.7709999084472656,3.7690000534057617,3.7739999294281006,3.7750000953674316,3.7720000743865967,3.7709999084472656,3.7730000019073486
2025-07-21T17:11:10.0,6070.0,-45.529998779296875,6.865454004025191,22.498849249589025,22.138848639237462,45.380001068115234,3.747999906539917,3.7639999389648438,3.757999897003174,3.7760000228881836,3.7750000953674316,3.7690000534057617,3.7669999599456787,3.7720000743865967,3.7730000019073486,3.7709999084472656,3.7699999809265137,3.7709999084472656
2025-07-21T17:11:20.0,6080.0,-27.181176398782206,6.779765770642223,22.5,22.145338555389774,45.400001525878906,3.7769999504089355,3.7909998893737793,3.7860000133514404,3.803999900817871,3.802999973297119,3.7980000972747803,3.7980000972747803,3.799999952316284,3.802000045776367,3.799999952316284,3.799999952316284,3.799999952316284
2025-07-21T17:11:30.0,6090.0,-27.600470544154327,6.704112570053997,22.507265156611254,22.151815907683087,45.38848319842661,3.7799999713897705,3.7939999103546143,3.7899999618530273,3.806999921798706,3.805999994277954,3.8010001182556152,3.8010001182556152,3.802999973297119,3.805000066757202,3.802999973297119,3.802000045776367,3.802999973297119
2025-07-21T17:11:40.0,6100.0,-28.280000686645508,6.627378393396002,22.533055559917084,22.158263508509545,45.34000015258789,3.7809998989105225,3.7960000038146973,3.7909998893737793,3.808000087738037,3.806999921798706,3.802000045776367,3.802000045776367,3.803999900817871,3.805999994277954,3.803999900817871,3.803999900817871,3.805000066757202
2025-07-21T17:11:50.0,6110.0,-28.190671343552445,6.548822835933098,22.540000915527344,22.15999984741211,45.400001525878906,3.7820000648498535,3.7960000038146973,3.7920000553131104,3.809000015258789,3.808000087738037,3.802999973297119,3.802999973297119,3.805000066757202,3.806999921798706,3.805000066757202,3.805000066757202,3.805999994277954
2025-07-21T17:12:00.0,6120.0,-27.736231640801936,6.47170823161893,22.544962758554778,22.164961927044523,45.380001068115234,3.7829999923706055,3.796999931335449,3.7929999828338623,3.809999942779541,3.809000015258789,3.803999900817871,3.802999973297119,3.805000066757202,3.806999921798706,3.805000066757202,3.805000066757202,3.805999994277954
2025-07-21T17:12:10.0,6130.0,-44.471999961446635,6.394574271055058,22.570968225155593,22.190968633713364,45.25767879737061,3.7839999198913574,3.7980000972747803,3.7929999828338623,3.809999942779541,3.809999942779541,3.803999900817871,3.805000066757202,3.806999921798706,3.809000015258789,3.806999921798706,3.805999994277954,3.806999921798706
2025-07-21T17:12:20.0,6140.0,-58.97999954223633,6.238388282861974,22.579999923706055,22.208476771936787,44.810001373291016,3.752000093460083,3.7669999599456787,3.76200008392334,3.7799999713897705,3.7790000438690186,3.7730000019073486,3.7720000743865967,3.7760000228881836,3.7780001163482666,3.7750000953674316,3.7739999294281006,3.7760000228881836
2025-07-21T17:12:30.0,6150.0,-58.2400016784668,6.075646259148121,22.580727084035743,22.22072647368418,44.83000183105469,3.746999979019165,3.763000011444092,3.757999897003174,3.7760000228881836,3.7750000953674316,3.7690000534057617,3.7669999599456787,3.7720000743865967,3.7730000019073486,3.7709999084472656,3.7699999809265137,3.7720000743865967
2025-07-21T17:12:40.0,6160.0,-58.119998931884766,5.914072414708931,22.58717926087414,22.22717865052258,44.790000915527344,3.74399995803833,3.759999990463257,3.753999948501587,3.7730000019073486,3.7720000743865967,3.7660000324249268,3.7639999389648438,3.7690000534057617,3.7699999809265137,3.7679998874664307,3.7679998874664307,3.7699999809265137
2025-07-21T17:12:50.0,6170.0,-58.31263218929899,5.7526854649154355,22.597313684931073,22.23365630840792,44.71052888829074,3.74399995803833,3.759999990463257,3.753999948501587,3.7730000019073486,3.7720000743865967,3.7660000324249268,3.7639999389648438,3.7690000534057617,3.7699999809265137,3.7669999599456787,3.7660000324249268,3.7679998874664307
2025-07-21T17:13:00.0,6180.0,-58.26837274169924,5.591194904599984,22.610154519971992,22.240307590359023,44.72408325724637,3.740000009536743,3.755000114440918,3.75,3.7679998874664307,3.7679998874664307,3.760999917984009,3.759000062942505,3.7639999389648438,3.765000104904175,3.763000011444092,3.76200008392334,3.7639999389648438
2025-07-21T17:13:10.0,6190.0,-57.21579097948587,5.428830726111995,22.616648596783367,22.253295743981774,44.69273037408527,3.736999988555908,3.752000093460083,3.746999979019165,3.7660000324249268,3.765000104904175,3.759000062942505,3.756999969482422,3.76200008392334,3.763000011444092,3.760999917984009,3.759999990463257,3.76200008392334
2025-07-21T17:13:20.0,6200.0,-54.18000030517578,5.2752221678302025,22.62628717455326,22.26314369631932,44.7400016784668,3.739000082015991,3.753999948501587,3.749000072479248,3.7669999599456787,3.7669999599456787,3.760999917984009,3.759000062942505,3.7639999389648438,3.765000104904175,3.76200008392334,3.76200008392334,3.7639999389648438
2025-07-21T17:13:30.0,6210.0,-55.20000076293945,5.123425624236266,22.639280839951894,22.269641148649796,44.70000076293945,3.736999988555908,3.753000020980835,3.746999979019165,3.7660000324249268,3.765000104904175,3.759000062942505,3.756999969482422,3.76200008392334,3.763000011444092,3.760999917984009,3.759999990463257,3.76200008392334
2025-07-21T17:13:40.0,6220.0,-54.310001373291016,4.970823571615484,22.639999389648438,22.270000457763672,44.709999084472656,3.7360000610351562,3.752000093460083,3.746000051498413,3.7660000324249268,3.765000104904175,3.759000062942505,3.756999969482422,3.760999917984009,3.763000011444092,3.759999990463257,3.759999990463257,3.76200008392334
2025-07-21T17:13:50.0,6230.0,-54.52000045776367,4.819230715886491,22.647675978602955,22.27511818373335,44.689998626708984,3.7330000400543213,3.749000072479248,3.74399995803833,3.763000011444092,3.76200008392334,3.75600004196167,3.755000114440918,3.759000062942505,3.760999917984009,3.757999897003174,3.756999969482422,3.759000062942505
2025-07-21T17:14:00.0,6240.0,-54.810001373291016,4.667516904546158,22.667169602154292,22.288113932767573,44.619998931884766,3.7320001125335693,3.747999906539917,3.743000030517578,3.760999917984009,3.760999917984009,3.755000114440918,3.753000020980835,3.757999897003174,3.759000062942505,3.756999969482422,3.756999969482422,3.759000062942505
2025-07-21T17:14:10.0,6250.0,-46.299342040013,4.515364880965819,22.686651324228873,22.301100688850358,44.718729288777084,3.7309999465942383,3.746999979019165,3.740999937057495,3.760999917984009,3.759000062942505,3.753000020980835,3.752000093460083,3.75600004196167,3.757999897003174,3.755000114440918,3.753999948501587,3.75600004196167
2025-07-21T17:14:20.0,6260.0,-28.24399988511032,4.429173080374666,22.70409040087279,22.312044479932318,45.088882479948154,3.756999969482422,3.7720000743865967,3.7669999599456787,3.7860000133514404,3.7850000858306885,3.7790000438690186,3.7799999713897705,3.7820000648498535,3.7839999198913574,3.7809998989105225,3.7809998989105225,3.7820000648498535
2025-07-21T17:14:30.0,6270.0,-28.139999389648438,4.35092014191866,22.71708575496665,22.318542776690936,45.06999969482422,3.757999897003174,3.7739999294281006,3.7679998874664307,3.7869999408721924,3.7860000133514404,3.7809998989105225,3.7809998989105225,3.7829999923706055,3.7850000858306885,3.7829999923706055,3.7829999923706055,3.7839999198913574
2025-07-21T17:14:40.0,6280.0,-28.09000015258789,4.272719030237463,22.73499482440377,22.329996702190403,45.15999984741211,3.759000062942505,3.7750000953674316,3.7699999809265137,3.7890000343322754,3.7869999408721924,3.7820000648498535,3.7829999923706055,3.7850000858306885,3.7869999408721924,3.7839999198913574,3.7839999198913574,3.7850000858306885
2025-07-21T17:14:50.0,6290.0,-28.040000915527344,4.194683335618179,22.75,22.34000015258789,45.209999084472656,3.760999917984009,3.7760000228881836,3.7709999084472656,3.7909998893737793,3.7899999618530273,3.7839999198913574,3.7839999198913574,3.7860000133514404,3.7869999408721924,3.7850000858306885,3.7850000858306885,3.7860000133514404
2025-07-21T17:15:00.0,6300.0,-27.889999389648438,4.11658164061149,22.75,22.34000015258789,45.220001220703125,3.76200008392334,3.7769999504089355,3.7720000743865967,3.7909998893737793,3.7899999618530273,3.7850000858306885,3.7850000858306885,3.7869999408721924,3.7890000343322754,3.7869999408721924,3.7869999408721924,3.7880001068115234
2025-07-21T17:15:10.0,6310.0,-27.84000015258789,4.039024001940886,22.772167053480253,22.362167206068143,45.18000030517578,3.763000011444092,3.7780001163482666,3.7730000019073486,3.7920000553131104,3.7909998893737793,3.7860000133514404,3.7860000133514404,3.7880001068115234,3.7899999618530273,3.7880001068115234,3.7869999408721924,3.7890000343322754
2025-07-21T17:15:20.0,6320.0,-58.369998931884766,3.9004576588792252,22.800926423508106,22.391853762543555,44.630001068115234,3.7309999465942383,3.746999979019165,3.742000102996826,3.76200008392334,3.760999917984009,3.755000114440918,3.753000020980835,3.757999897003174,3.759000062942505,3.756999969482422,3.75600004196167,3.757999897003174
2025-07-21T17:15:30.0,6330.0,-58.09000015258789,3.7389097259365167,22.80742387583858,22.404848667204508,44.59000015258789,3.7300000190734863,3.746000051498413,3.740000009536743,3.759999990463257,3.759000062942505,3.753000020980835,3.750999927520752,3.755000114440918,3.756999969482422,3.753999948501587,3.753000020980835,3.75600004196167
2025-07-21T17:15:40.0,6340.0,-58.720001220703125,3.5769137129860438,22.813888980829343,22.417778877186034,44.529998779296875,3.7269999980926514,3.74399995803833,3.73799991607666,3.757999897003174,3.756999969482422,3.750999927520752,3.747999906539917,3.753000020980835,3.753999948501587,3.752000093460083,3.750999927520752,3.753000020980835
2025-07-21T17:15:50.0,6350.0,-57.77000045776367,3.4149552935316807,22.82067157504929,22.43067218540085,44.58000183105469,3.7219998836517334,3.739000082015991,3.7330000400543213,3.753000020980835,3.752000093460083,3.746000051498413,3.74399995803833,3.749000072479248,3.750999927520752,3.747999906539917,3.746999979019165,3.749000072479248
2025-07-21T17:16:00.0,6360.0,-58.9900016784668,3.2533171925388427,22.833667324083514,22.443667934435076,44.47999954223633,3.7200000286102295,3.736999988555908,3.7309999465942383,3.750999927520752,3.75,3.74399995803833,3.742000102996826,3.746999979019165,3.747999906539917,3.744999885559082,3.744999885559082,3.746999979019165
2025-07-21T17:16:10.0,6370.0,-58.83000183105469,3.091368990770179,22.846654857432743,22.450000762939453,44.45107224644367,3.7170000076293945,3.7339999675750732,3.7279999256134033,3.747999906539917,3.746999979019165,3.740999937057495,3.740000009536743,3.744999885559082,3.746000051498413,3.743000030517578,3.743000030517578,3.744999885559082
2025-07-21T17:16:20.0,6380.0,-50.7599983215332,2.9369369229245166,22.859634582115508,22.450000762939453,44.58000183105469,3.7219998836517334,3.739000082015991,3.7330000400543213,3.753999948501587,3.752000093460083,3.746000051498413,3.744999885559082,3.75,3.750999927520752,3.747999906539917,3.747999906539917,3.75
2025-07-21T17:16:30.0,6390.0,-52.0099983215332,2.795479635920257,22.866302550840096,22.462603441944275,44.54999923706055,3.7219998836517334,3.73799991607666,3.7320001125335693,3.753000020980835,3.752000093460083,3.746000051498413,3.744999885559082,3.749000072479248,3.75,3.746999979019165,3.746999979019165,3.749000072479248
2025-07-21T17:16:40.0,6400.0,-51.735111271478,2.6524073685553304,22.878301744290948,22.475533601912062,44.51718591844307,3.7200000286102295,3.7360000610351562,3.7309999465942383,3.750999927520752,3.75,3.74399995803833,3.743000030517578,3.746999979019165,3.747999906539917,3.746000051498413,3.744999885559082,3.746999979019165
2025-07-21T17:16:50.0,6410.0,-52.060001373291016,2.5090535540466803,22.897619652267554,22.488413026062794,44.50670260272827,3.7190001010894775,3.734999895095825,3.7300000190734863,3.75,3.749000072479248,3.743000030517578,3.742000102996826,3.746000051498413,3.747999906539917,3.744999885559082,3.74399995803833,3.746000051498413
2025-07-21T17:17:00.0,6420.0,-50.756947688052286,2.3662196248533958,22.9112618376345,22.495630880670276,44.529998779296875,3.7170000076293945,3.7339999675750732,3.7279999256134033,3.749000072479248,3.747999906539917,3.742000102996826,3.740999937057495,3.744999885559082,3.746000051498413,3.743000030517578,3.743000030517578,3.744999885559082
2025-07-21T17:17:10.0,6430.0,-51.61000061035156,2.224093161889443,22.928298377990725,22.504149348700224,44.5,3.7160000801086426,3.7330000400543213,3.7269999980926514,3.747999906539917,3.746999979019165,3.740999937057495,3.739000082015991,3.74399995803833,3.744999885559082,3.742000102996826,3.742000102996826,3.74399995803833
2025-07-21T17:17:20.0,6440.0,-33.41705934861088,2.1162174699203122,22.95425490503726,22.517128231090666,44.791894088835406,3.736999988555908,3.753000020980835,3.747999906539917,3.7679998874664307,3.7669999599456787,3.760999917984009,3.76200008392334,3.7639999389648438,3.7660000324249268,3.7639999389648438,3.7639999389648438,3.765000104904175
2025-07-21T17:17:30.0,6450.0,-28.65999984741211,2.0345422983744363,22.980057499645007,22.535043312705056,44.970001220703125,3.73799991607666,3.755000114440918,3.75,3.7699999809265137,3.7679998874664307,3.763000011444092,3.7639999389648438,3.7660000324249268,3.7679998874664307,3.765000104904175,3.765000104904175,3.7660000324249268
2025-07-21T17:17:40.0,6460.0,-28.56564687841056,1.9546785153063082,23.00293044147884,22.552929678539385,44.939998626708984,3.740000009536743,3.756999969482422,3.752000093460083,3.7720000743865967,3.7709999084472656,3.765000104904175,3.7660000324249268,3.7679998874664307,3.7699999809265137,3.7669999599456787,3.7669999599456787,3.7690000534057617
2025-07-21T17:17:50.0,6470.0,-28.600000381469727,1.875369515251844,23.015908481686267,22.565907718746814,44.900001525878906,3.740999937057495,3.757999897003174,3.753000020980835,3.7730000019073486,3.7720000743865967,3.7669999599456787,3.7669999599456787,3.7690000534057617,3.7709999084472656,3.7679998874664307,3.7679998874664307,3.7699999809265137
2025-07-21T17:18:00.0,6480.0,-28.40999984741211,1.7962371320059516,23.020000457763672,22.56999969482422,44.959999084472656,3.742000102996826,3.759000062942505,3.753999948501587,3.7739999294281006,3.7730000019073486,3.7669999599456787,3.7679998874664307,3.7699999809265137,3.7720000743865967,3.7690000534057617,3.7690000534057617,3.7709999084472656
2025-07-21T17:18:10.0,6490.0,-28.770000457763672,1.7163455265747132,23.024698743108605,22.574698159397247,45.040000915527344,3.743000030517578,3.759000062942505,3.755000114440918,3.7739999294281006,3.7730000019073486,3.7679998874664307,3.7690000534057617,3.7709999084472656,3.7730000019073486,3.7699999809265137,3.7699999809265137,3.7709999084472656
2025-07-21T17:18:20.0,6500.0,-58.6094508002786,1.6082331706092052,23.057167888546974,22.607168543454122,44.45000076293945,3.743000030517578,3.759000062942505,3.755000114440918,3.7750000953674316,3.7739999294281006,3.7679998874664307,3.7690000534057617,3.7709999084472656,3.7730000019073486,3.7699999809265137,3.7699999809265137,3.7720000743865967
2025-07-21T17:18:30.0,6510.0,-58.13760615330118,1.4464424732126089,23.077798712783903,22.631698622417634,44.433687725279206,3.7090001106262207,3.7260000705718994,3.7209999561309814,3.743000030517578,3.742000102996826,3.7360000610351562,3.7339999675750732,3.739000082015991,3.740000009536743,3.73799991607666,3.736999988555908,3.739000082015991
2025-07-21T17:18:40.0,6520.0,-58.44667717169157,1.285028892377479,23.090698869878594,22.650698335820977,44.38999938964844,3.7060000896453857,3.7239999771118164,3.7179999351501465,3.739000082015991,3.73799991607666,3.7320001125335693,3.7309999465942383,3.734999895095825,3.736999988555908,3.7339999675750732,3.7330000400543213,3.7360000610351562
2025-07-21T17:18:50.0,6530.0,-57.90999984741211,1.1223883873603042,23.103686180114746,22.66368564605713,44.34000015258789,3.7039999961853027,3.7209999561309814,3.7160000801086426,3.736999988555908,3.7360000610351562,3.7300000190734863,3.7279999256134033,3.7330000400543213,3.7339999675750732,3.7309999465942383,3.7309999465942383,3.7330000400543213
2025-07-21T17:19:00.0,6540.0,-58.00835560246522,0.960882690671546,23.11667675563338,22.680015249316142,44.29905922392495,3.7009999752044678,3.7179999351501465,3.7130000591278076,3.734999895095825,3.7330000400543213,3.7269999980926514,3.7249999046325684,3.7300000190734863,3.7320001125335693,3.7290000915527344,3.7279999256134033,3.7309999465942383
2025-07-21T17:19:10.0,6550.0,-58.0,0.7998186798331441,23.129670421032017,22.69950760630757,44.310001373291016,3.697999954223633,3.7160000801086426,3.7100000381469727,3.7330000400543213,3.7320001125335693,3.7260000705718994,3.7239999771118164,3.7290000915527344,3.7300000190734863,3.7269999980926514,3.7269999980926514,3.7290000915527344
2025-07-21T17:19:20.0,6560.0,-59.02847064149115,0.6387278097685143,23.142657892053776,22.70632892137998,44.220001220703125,3.696000099182129,3.7139999866485596,3.7090001106262207,3.7309999465942383,3.7290000915527344,3.7230000495910645,3.7209999561309814,3.7260000705718994,3.7269999980926514,3.7239999771118164,3.7239999771118164,3.7260000705718994
2025-07-21T17:19:30.0,6570.0,-58.7400016784668,0.4756458917683992,23.158407934768057,22.71560462863118,44.220001220703125,3.694000005722046,3.7119998931884766,3.7070000171661377,3.7290000915527344,3.7269999980926514,3.7209999561309814,3.7190001010894775,3.7239999771118164,3.7260000705718994,3.7230000495910645,3.7219998836517334,3.7249999046325684
2025-07-21T17:19:40.0,6580.0,-58.00711642933536,0.31391443284802634,23.17775073724743,22.728499830284093,44.210143094287496,3.691999912261963,3.7100000381469727,3.7039999961853027,3.7260000705718994,3.7249999046325684,3.7190001010894775,3.7170000076293945,3.7219998836517334,3.7239999771118164,3.7200000286102295,3.7200000286102295,3.7219998836517334
2025-07-21T17:19:50.0,6590.0,-58.501103943272625,0.1521376028720507,23.202702375521014,22.747026906904686,44.15999984741211,3.688999891281128,3.7070000171661377,3.7009999752044678,3.7239999771118164,3.7230000495910645,3.7160000801086426,3.7149999141693115,3.7190001010894775,3.7209999561309814,3.7179999351501465,3.7170000076293945,3.7200000286102295
2025-07-21T17:20:00.0,6600.0,-58.9393864301295,-0.010845726345648288,23.22848026546221,22.766360942962624,44.150001525878906,3.687000036239624,3.7049999237060547,3.6989998817443848,3.7219998836517334,3.7209999561309814,3.7149999141693115,3.7130000591278076,3.7179999351501465,3.7190001010894775,3.7160000801086426,3.7160000801086426,3.7179999351501465
2025-07-21T17:20:10.0,6610.0,-58.95000076293945,-0.17459121737348005,23.25443971482774,22.78583052998677,44.150001525878906,3.684999942779541,3.703000068664551,3.697999954223633,3.7209999561309814,3.7190001010894775,3.7130000591278076,3.7109999656677246,3.7160000801086426,3.7179999351501465,3.7149999141693115,3.7149999141693115,3.7170000076293945
2025-07-21T17:20:20.0,6620.0,-55.189998626708984,-0.32958458488014264,23.2753073774865,22.80020470808376,44.16999816894531,3.686000108718872,3.7049999237060547,3.6989998817443848,3.7219998836517334,3.7209999561309814,3.7149999141693115,3.7109999656677246,3.7160000801086426,3.7179999351501465,3.7139999866485596,3.7130000591278076,3.7160000801086426
2025-07-21T17:20:30.0,6630.0,-55.70000076293945,-0.4820033535107,23.294753446363142,22.813168021279626,44.150001525878906,3.684000015258789,3.703000068664551,3.697000026702881,3.7209999561309814,3.7190001010894775,3.7130000591278076,3.7119998931884766,3.7160000801086426,3.7179999351501465,3.7149999141693115,3.7149999141693115,3.7179999351501465
2025-07-21T17:20:40.0,6640.0,-53.92073341818422,-0.6340154866152363,23.314096266207667,22.826064054398252,44.204967244466154,3.683000087738037,3.7019999027252197,3.696000099182129,3.7200000286102295,3.7179999351501465,3.7119998931884766,3.7109999656677246,3.7149999141693115,3.7170000076293945,3.7139999866485596,3.7130000591278076,3.7160000801086426
2025-07-21T17:20:50.0,6650.0,-53.459999084472656,-0.7848689021595345,23.33351751394309,22.843517742824925,44.18000030517578,3.680999994277954,3.7009999752044678,3.694999933242798,3.7190001010894775,3.7170000076293945,3.7109999656677246,3.7090001106262207,3.7139999866485596,3.7160000801086426,3.7119998931884766,3.7119998931884766,3.7149999141693115
2025-07-21T17:21:00.0,6660.0,-54.720001220703125,-0.9349447030086016,23.35397143497483,22.86297885314057,44.09000015258789,3.680000066757202,3.6989998817443848,3.694000005722046,3.7179999351501465,3.7160000801086426,3.7100000381469727,3.7079999446868896,3.7130000591278076,3.7149999141693115,3.7109999656677246,3.7109999656677246,3.7139999866485596
2025-07-21T17:21:10.0,6670.0,-54.358500957489106,-1.0868478062351572,23.37996000503442,22.882469970869682,44.08723206269114,3.678999900817871,3.697999954223633,3.691999912261963,3.7170000076293945,3.7149999141693115,3.7090001106262207,3.7070000171661377,3.7119998931884766,3.7139999866485596,3.7109999656677246,3.7100000381469727,3.7130000591278076
2025-07-21T17:21:20.0,6680.0,-28.360000610351562,-1.1952760179241562,23.40194709983296,22.897964529771453,44.4900016784668,3.7009999752044678,3.7200000286102295,3.7149999141693115,3.739000082015991,3.736999988555908,3.7309999465942383,3.7320001125335693,3.7339999675750732,3.736999988555908,3.7339999675750732,3.7339999675750732,3.734999895095825
2025-07-21T17:21:30.0,6690.0,-29.350000381469727,-1.2749363292045128,23.42187374117448,22.91140516308165,44.540000915527344,3.7039999961853027,3.7230000495910645,3.7179999351501465,3.740999937057495,3.740000009536743,3.7339999675750732,3.734999895095825,3.736999988555908,3.739000082015991,3.7360000610351562,3.7360000610351562,3.73799991607666
2025-07-21T17:21:40.0,6700.0,-29.396812998989667,-1.3567816544053357,23.44764629799066,22.930735502415097,44.580709604116564,3.7049999237060547,3.7239999771118164,3.7190001010894775,3.743000030517578,3.740999937057495,3.734999895095825,3.7360000610351562,3.73799991607666,3.740999937057495,3.73799991607666,3.736999988555908,3.739000082015991
2025-07-21T17:21:50.0,6710.0,-29.124836982776927,-1.438266086900241,23.4667528058459,22.94337739474424,44.61460011550803,3.7060000896453857,3.7249999046325684,3.7200000286102295,3.74399995803833,3.742000102996826,3.7360000610351562,3.736999988555908,3.739000082015991,3.742000102996826,3.73799991607666,3.73799991607666,3.740000009536743
2025-07-21T17:22:00.0,6720.0,-29.8799991607666,-1.520869877096554,23.479723271321696,22.949862627482137,44.56999969482422,3.7070000171661377,3.7249999046325684,3.7209999561309814,3.74399995803833,3.743000030517578,3.736999988555908,3.73799991607666,3.740000009536743,3.742000102996826,3.739000082015991,3.739000082015991,3.740999937057495
2025-07-21T17:22:10.0,6730.0,-29.040000915527344,-1.6030402790941205,23.511755622725143,22.98175563205766,44.560001373291016,3.7079999446868896,3.7260000705718994,3.7219998836517334,3.744999885559082,3.74399995803833,3.73799991607666,3.739000082015991,3.740999937057495,3.74399995803833,3.740999937057495,3.740000009536743,3.742000102996826
2025-07-21T17:22:20.0,6740.0,-47.039058505787565,-1.7045736083097007,23.530000686645508,23.0,44.29999923706055,3.690999984741211,3.7100000381469727,3.7049999237060547,3.7279999256134033,3.7279999256134033,3.7219998836517334,3.7239999771118164,3.7269999980926514,3.7290000915527344,3.7260000705718994,3.7249999046325684,3.7279999256134033
2025-07-21T17:22:30.0,6750.0,-47.220001220703125,-1.8354529318981783,23.530000686645508,23.0,44.310001373291016,3.688999891281128,3.7079999446868896,3.703000068664551,3.7269999980926514,3.7260000705718994,3.7200000286102295,3.7190001010894775,3.7230000495910645,3.7249999046325684,3.7219998836517334,3.7219998836517334,3.7239999771118164
2025-07-21T17:22:40.0,6760.0,-47.040000915527344,-1.9663418386864748,23.530000686645508,23.0,44.279998779296875,3.687000036239624,3.7060000896453857,3.7019999027252197,3.7249999046325684,3.7249999046325684,3.7179999351501465,3.7179999351501465,3.7219998836517334,3.7239999771118164,3.7209999561309814,3.7200000286102295,3.7230000495910645
2025-07-21T17:22:50.0,6770.0,-47.06999969482422,-2.0972677955524217,23.530000686645508,23.0,44.25,3.684999942779541,3.7039999961853027,3.700000047683716,3.7239999771118164,3.7230000495910645,3.7170000076293945,3.7160000801086426,3.7200000286102295,3.7219998836517334,3.7190001010894775,3.7179999351501465,3.7209999561309814
2025-07-21T17:23:00.0,6780.0,-47.17147423593627,-2.228298240218966,23.530000686645508,23.0,44.16821056165192,3.683000087738037,3.7019999027252197,3.697999954223633,3.7239999771118164,3.7230000495910645,3.7170000076293945,3.7160000801086426,3.7200000286102295,3.7219998836517334,3.7190001010894775,3.7179999351501465,3.7209999561309814
2025-07-21T17:23:10.0,6790.0,-47.3535005268297,-2.358991017873826,23.58716289389064,23.067555696263398,44.12737606989162,3.681999921798706,3.7009999752044678,3.697000026702881,3.7209999561309814,3.7200000286102295,3.7139999866485596,3.7139999866485596,3.7170000076293945,3.7200000286102295,3.7160000801086426,3.7160000801086426,3.7179999351501465
2025-07-21T17:23:20.0,6800.0,-53.720001220703125,-2.5001597678653478,23.645056931917274,23.13505670303544,44.130001068115234,3.671999931335449,3.691999912261963,3.687000036239624,3.7130000591278076,3.7119998931884766,3.7049999237060547,3.7039999961853027,3.7090001106262207,3.7109999656677246,3.7079999446868896,3.7070000171661377,3.7100000381469727
2025-07-21T17:23:30.0,6810.0,-54.88283629573225,-2.6515642189897513,23.66452399222842,23.154523763346585,44.05101313372843,3.6700000762939453,3.690000057220459,3.684999942779541,3.7109999656677246,3.7100000381469727,3.7039999961853027,3.7019999027252197,3.7070000171661377,3.7090001106262207,3.7049999237060547,3.7049999237060547,3.7079999446868896
2025-07-21T17:23:40.0,6820.0,-55.810001373291016,-2.805158383912253,23.688522812877732,23.169261657331408,44.0,3.6679999828338623,3.687000036239624,3.683000087738037,3.7090001106262207,3.7079999446868896,3.7009999752044678,3.700000047683716,3.7049999237060547,3.7070000171661377,3.703000068664551,3.703000068664551,3.7060000896453857
2025-07-21T17:23:50.0,6830.0,-54.650001525878906,-2.960057921077153,23.7110808743199,23.182163884870267,44.02000045776367,3.6659998893737793,3.684999942779541,3.680999994277954,3.7070000171661377,3.7060000896453857,3.6989998817443848,3.697999954223633,3.7019999027252197,3.7039999961853027,3.7009999752044678,3.7009999752044678,3.7039999961853027
2025-07-21T17:24:00.0,6840.0,-54.40878348257026,-3.1116935353154687,23.717570315515122,23.19514276726071,43.939998626708984,3.6630001068115234,3.681999921798706,3.677999973297119,3.7049999237060547,3.703000068664551,3.697000026702881,3.696000099182129,3.700000047683716,3.7019999027252197,3.700000047683716,3.700000047683716,3.703000068664551
2025-07-21T17:24:10.0,6850.0,-55.38266652923775,-3.2644625798482445,23.74436197348959,23.21624176191247,43.92632391501128,3.6600000858306885,3.680000066757202,3.6760001182556152,3.703000068664551,3.7009999752044678,3.694999933242798,3.694000005722046,3.697999954223633,3.7009999752044678,3.697000026702881,3.697000026702881,3.700000047683716
2025-07-21T17:24:20.0,6860.0,-29.56257381126544,-3.3815878573717115,23.782175215524028,23.241630745546196,44.232559468704835,3.681999921798706,3.7009999752044678,3.697000026702881,3.7239999771118164,3.7219998836517334,3.7170000076293945,3.7179999351501465,3.7200000286102295,3.7219998836517334,3.696000099182129,3.696000099182129,3.6989998817443848
2025-07-21T17:24:30.0,6870.0,-29.055595081304418,-3.4626654412102806,23.807848519874934,23.260886641981052,44.4270061044132,3.684000015258789,3.703000068664551,3.6989998817443848,3.7260000705718994,3.7239999771118164,3.7190001010894775,3.7190001010894775,3.7219998836517334,3.7239999771118164,3.7209999561309814,3.7209999561309814,3.7230000495910645
2025-07-21T17:24:40.0,6880.0,-29.850000381469727,-3.5448129816259386,23.83018164060435,23.28018175620794,44.369998931884766,3.684999942779541,3.7039999961853027,3.7009999752044678,3.7269999980926514,3.7260000705718994,3.7200000286102295,3.7209999561309814,3.7230000495910645,3.7260000705718994,3.7230000495910645,3.7230000495910645,3.7249999046325684
2025-07-21T17:24:50.0,6890.0,-29.540000915527344,-3.6274990441939674,23.84951322552961,23.299512112092263,44.36000061035156,3.686000108718872,3.7049999237060547,3.7009999752044678,3.7269999980926514,3.7260000705718994,3.7209999561309814,3.7219998836517334,3.7239999771118164,3.7260000705718994,3.7230000495910645,3.7230000495910645,3.7249999046325684
2025-07-21T17:25:00.0,6900.0,-29.440000534057617,-3.709531795270984,23.869000323032065,23.31900038665579,44.43000030517578,3.686000108718872,3.7049999237060547,3.7009999752044678,3.7279999256134033,3.7260000705718994,3.7209999561309814,3.7219998836517334,3.7239999771118164,3.7269999980926514,3.7239999771118164,3.7239999771118164,3.7260000705718994
2025-07-21T17:25:10.0,6910.0,-29.922130953719897,-3.792206939260971,23.891302357404037,23.34130312034349,44.41205967166519,3.686000108718872,3.7049999237060547,3.7019999027252197,3.7279999256134033,3.7269999980926514,3.7219998836517334,3.7230000495910645,3.7249999046325684,3.7269999980926514,3.7239999771118164,3.7239999771118164,3.7269999980926514
2025-07-21T17:25:20.0,6920.0,-58.38083105233997,-3.8901124406796113,23.91724497075597,23.367245733695423,43.91999816894531,3.6589999198913574,3.678999900817871,3.674999952316284,3.7019999027252197,3.7009999752044678,3.694999933242798,3.694000005722046,3.6989998817443848,3.7009999752044678,3.697999954223633,3.697000026702881,3.700000047683716
2025-07-21T17:25:30.0,6930.0,-58.56999969482422,-4.052570336085699,23.937411032545977,23.39321434063599,43.88999938964844,3.6549999713897705,3.674999952316284,3.6710000038146973,3.697999954223633,3.697000026702881,3.690999984741211,3.690000057220459,3.694999933242798,3.697000026702881,3.694000005722046,3.693000078201294,3.696000099182129
2025-07-21T17:25:40.0,6940.0,-58.470001220703125,-4.2150987544380385,23.954555487525287,23.41227742690696,43.84000015258789,3.6519999504089355,3.671999931335449,3.6679999828338623,3.696000099182129,3.694000005722046,3.688999891281128,3.687000036239624,3.691999912261963,3.694000005722046,3.690999984741211,3.690000057220459,3.693000078201294
2025-07-21T17:25:50.0,6950.0,-58.32290091421112,-4.377181875585194,23.967432854180174,23.418716724319605,43.80890733568292,3.6510000228881836,3.6700000762939453,3.6659998893737793,3.694000005722046,3.691999912261963,3.686000108718872,3.684999942779541,3.690000057220459,3.691999912261963,3.688999891281128,3.688999891281128,3.691999912261963
2025-07-21T17:26:00.0,6960.0,-58.20000076293945,-4.538946012728224,23.995712811317517,23.445712593387317,43.77000045776367,3.6459999084472656,3.6659998893737793,3.6619999408721924,3.690000057220459,3.688999891281128,3.683000087738037,3.680999994277954,3.686000108718872,3.687999963760376,3.684999942779541,3.684999942779541,3.687999963760376
2025-07-21T17:26:10.0,6970.0,-58.130001068115234,-4.700560192392412,24.023159516391583,23.47157884266845,43.72999954223633,3.6429998874664307,3.6619999408721924,3.6579999923706055,3.687000036239624,3.684999942779541,3.678999900817871,3.677999973297119,3.683000087738037,3.684999942779541,3.681999921798706,3.681999921798706,3.684999942779541
2025-07-21T17:26:20.0,6980.0,-47.22999954223633,-4.848267360113206,24.03612241597268,23.478060292458995,43.900001525878906,3.6510000228881836,3.6700000762939453,3.6670000553131104,3.694000005722046,3.693000078201294,3.687999963760376,3.687999963760376,3.690999984741211,3.694000005722046,3.690000057220459,3.690000057220459,3.693000078201294
2025-07-21T17:26:30.0,6990.0,-47.25,-4.979782625624613,24.040000915527344,23.479999542236328,43.88404439892291,3.6510000228881836,3.6689999103546143,3.6659998893737793,3.694000005722046,3.691999912261963,3.687000036239624,3.687000036239624,3.690000057220459,3.693000078201294,3.688999891281128,3.688999891281128,3.691999912261963
2025-07-21T17:26:40.0,7000.0,-47.310001373291016,-5.111099760494506,24.040000915527344,23.479999542236328,43.90999984741211,3.6500000953674316,3.6689999103546143,3.6659998893737793,3.693000078201294,3.691999912261963,3.687000036239624,3.686000108718872,3.690000057220459,3.691999912261963,3.688999891281128,3.688999891281128,3.691999912261963
2025-07-21T17:26:50.0,7010.0,-47.395305791550136,-5.242746123208214,24.040000915527344,23.479999542236328,43.859356159759464,3.6480000019073486,3.6670000553131104,3.6640000343322754,3.691999912261963,3.690000057220459,3.684999942779541,3.684999942779541,3.687999963760376,3.690999984741211,3.687999963760376,3.687999963760376,3.690000057220459
2025-07-21T17:27:00.0,7020.0,-47.38999938964844,-5.374563453135234,24.040000915527344,23.479999542236328,43.84000015258789,3.6470000743865967,3.6659998893737793,3.6630001068115234,3.690999984741211,3.688999891281128,3.684000015258789,3.684000015258789,3.687000036239624,3.690000057220459,3.686000108718872,3.686000108718872,3.688999891281128
2025-07-21T17:27:10.0,7030.0,-47.40452316947603,-5.506096780858842,24.040000915527344,23.479999542236328,43.84000015258789,3.6459999084472656,3.6649999618530273,3.6610000133514404,3.688999891281128,3.687999963760376,3.681999921798706,3.681999921798706,3.686000108718872,3.687999963760376,3.684999942779541,3.686000108718872,3.687999963760376
2025-07-21T17:27:20.0,7040.0,-11.448552593432014,-5.612681201546731,24.040000915527344,23.479999542236328,44.405112509978444,3.677999973297119,3.696000099182129,3.693000078201294,3.7209999561309814,3.7179999351501465,3.7139999866485596,3.7170000076293945,3.7170000076293945,3.7200000286102295,3.7170000076293945,3.7179999351501465,3.7190001010894775
2025-07-21T17:27:30.0,7050.0,-11.449999809265137,-5.644354668248238,24.040000915527344,23.479999542236328,44.540000915527344,3.680999994277954,3.6989998817443848,3.696000099182129,3.7239999771118164,3.7219998836517334,3.7170000076293945,3.7200000286102295,3.7200000286102295,3.7230000495910645,3.7190001010894775,3.7200000286102295,3.7209999561309814
2025-07-21T17:27:40.0,7060.0,-11.15999984741211,-5.6758900792416025,24.040000915527344,23.479999542236328,44.599998474121094,3.684999942779541,3.703000068664551,3.700000047683716,3.7279999256134033,3.7260000705718994,3.7219998836517334,3.7200000286102295,3.7200000286102295,3.7230000495910645,3.7219998836517334,3.7230000495910645,3.7249999046325684
2025-07-21T17:27:50.0,7070.0,-12.049986602130675,-5.708650373824181,24.040000915527344,23.479999542236328,44.47834693754006,3.686000108718872,3.7039999961853027,3.7009999752044678,3.7300000190734863,3.7279999256134033,3.7230000495910645,3.7269999980926514,3.7269999980926514,3.7300000190734863,3.7249999046325684,3.7249999046325684,3.7269999980926514
2025-07-21T17:28:00.0,7080.0,-11.973173257628217,-5.74253817405675,24.040000915527344,23.479999542236328,44.54186263596093,3.688999891281128,3.7060000896453857,3.7039999961853027,3.7320001125335693,3.7300000190734863,3.7260000705718994,3.7279999256134033,3.7279999256134033,3.7320001125335693,3.7279999256134033,3.7290000915527344,3.7309999465942383
2025-07-21T17:28:10.0,7090.0,-11.770000457763672,-5.775808102355278,24.040000915527344,23.479999542236328,44.529998779296875,3.690999984741211,3.7079999446868896,3.7060000896453857,3.7339999675750732,3.7320001125335693,3.7279999256134033,3.7309999465942383,3.7309999465942383,3.7339999675750732,3.7309999465942383,3.7320001125335693,3.7330000400543213
2025-07-21T17:28:20.0,7100.0,-57.68000030517578,-5.869043264802041,24.201372455839355,23.641372181809515,43.849998474121094,3.6519999504089355,3.6710000038146973,3.6679999828338623,3.696000099182129,3.694999933242798,3.690000057220459,3.688999891281128,3.693000078201294,3.696000099182129,3.691999912261963,3.691999912261963,3.694999933242798
2025-07-21T17:28:30.0,7110.0,-56.27000045776367,-6.026226938200802,24.32446786848661,23.766702489375422,43.849998474121094,3.6449999809265137,3.6640000343322754,3.6610000133514404,3.690000057220459,3.687999963760376,3.683000087738037,3.684999942779541,3.688999891281128,3.691999912261963,3.687999963760376,3.687999963760376,3.690999984741211
2025-07-21T17:28:40.0,7120.0,-57.83000183105469,-6.184313489983621,24.337355591770116,23.78603407430068,43.73140638187886,3.6429998874664307,3.6610000133514404,3.6579999923706055,3.686000108718872,3.684999942779541,3.680000066757202,3.678999900817871,3.683000087738037,3.686000108718872,3.680999994277954,3.680999994277954,3.684000015258789
2025-07-21T17:28:50.0,7130.0,-57.599998474121094,-6.34425741489067,24.350262492052426,23.80539344605359,43.70000076293945,3.638000011444092,3.6570000648498535,3.6540000438690186,3.681999921798706,3.680999994277954,3.6760001182556152,3.674999952316284,3.678999900817871,3.681999921798706,3.678999900817871,3.678999900817871,3.680999994277954
2025-07-21T17:29:00.0,7140.0,-56.959999084472656,-6.502699964960691,24.36478530956068,23.8247846982487,43.66999816894531,3.634999990463257,3.6530001163482666,3.6500000953674316,3.677999973297119,3.677000045776367,3.671999931335449,3.6710000038146973,3.674999952316284,3.677999973297119,3.674999952316284,3.674999952316284,3.677000045776367
2025-07-21T17:29:10.0,7150.0,-56.38999938964844,-6.6605992532695755,24.38425113221779,23.844251758559846,43.630001068115234,3.631999969482422,3.6500000953674316,3.6470000743865967,3.6760001182556152,3.674999952316284,3.6700000762939453,3.6689999103546143,3.6730000972747803,3.6760001182556152,3.671999931335449,3.6730000972747803,3.674999952316284
2025-07-21T17:29:20.0,7160.0,-55.88999938964844,-6.816534251574155,24.394569829555714,23.850000381469727,43.65999984741211,3.634000062942505,3.6519999504089355,3.6489999294281006,3.677000045776367,3.6760001182556152,3.6710000038146973,3.6710000038146973,3.6740000247955322,3.677000045776367,3.6740000247955322,3.6740000247955322,3.6760001182556152
2025-07-21T17:29:30.0,7170.0,-51.459999084472656,-6.964501821599282,24.40314842375617,23.85314898650456,43.66999816894531,3.632999897003174,3.6510000228881836,3.6480000019073486,3.674999952316284,3.6740000247955322,3.6689999103546143,3.6689999103546143,3.671999931335449,3.674999952316284,3.6730000972747803,3.6730000972747803,3.674999952316284
2025-07-21T17:29:40.0,7180.0,-51.84000015258789,-7.10813164049441,24.4224899791978,23.872489312271355,43.629521018184384,3.63100004196167,3.6480000019073486,3.6449999809265137,3.6730000972747803,3.671999931335449,3.6670000553131104,3.6659998893737793,3.6700000762939453,3.6730000972747803,3.6710000038146973,3.671999931335449,3.6740000247955322
2025-07-21T17:29:50.0,7190.0,-51.18000030517578,-7.251601369674216,24.4535738637325,23.899644417388796,43.650001525878906,3.630000114440918,3.6470000743865967,3.6440000534057617,3.671999931335449,3.6710000038146973,3.6659998893737793,3.6649999618530273,3.6679999828338623,3.6710000038146973,3.6679999828338623,3.6679999828338623,3.6710000038146973
2025-07-21T17:30:00.0,7200.0,-51.899574849446616,-7.394551704295222,24.49142133413431,23.931066409654036,43.57200144773449,3.627000093460083,3.6449999809265137,3.6419999599456787,3.6689999103546143,3.6679999828338623,3.6630001068115234,3.6619999408721924,3.6659998893737793,3.6689999103546143,3.6659998893737793,3.6659998893737793,3.6679999828338623
2025-07-21T17:30:10.0,7210.0,-51.689998626708984,-7.53797621054518,24.517362265085897,23.950520870936057,43.540000915527344,3.625999927520752,3.6429998874664307,3.640000104904175,3.6679999828338623,3.6659998893737793,3.6610000133514404,3.6610000133514404,3.6640000343322754,3.6670000553131104,3.6640000343322754,3.6640000343322754,3.6659998893737793
2025-07-21T17:30:20.0,7220.0,-41.31939381047548,-7.6774840804182265,24.530000686645508,23.959999084472656,43.67335380338509,3.634999990463257,3.6519999504089355,3.6489999294281006,3.6760001182556152,3.674999952316284,3.6700000762939453,3.6710000038146973,3.6730000972747803,3.6760001182556152,3.6649999618530273,3.6649999618530273,3.6670000553131104
2025-07-21T17:30:30.0,7230.0,-37.650001525878906,-7.787536873876531,24.530000686645508,23.959999084472656,43.689998626708984,3.634999990463257,3.6519999504089355,3.6489999294281006,3.6760001182556152,3.674999952316284,3.6700000762939453,3.6710000038146973,3.6730000972747803,3.6760001182556152,3.6730000972747803,3.6740000247955322,3.6760001182556152
2025-07-21T17:30:40.0,7240.0,-36.82393922549928,-7.891243089828238,24.530000686645508,23.959999084472656,43.7778754711151,3.63700008392334,3.6540000438690186,3.6519999504089355,3.677999973297119,3.6760001182556152,3.671999931335449,3.6730000972747803,3.674999952316284,3.677999973297119,3.674999952316284,3.6760001182556152,3.677000045776367
2025-07-21T17:30:50.0,7250.0,-35.221316116734585,-7.992105271163264,24.530000686645508,23.959999084472656,43.77428866687575,3.6389999389648438,3.6559998989105225,3.6530001163482666,3.678999900817871,3.677999973297119,3.6740000247955322,3.6740000247955322,3.6760001182556152,3.680000066757202,3.6760001182556152,3.677000045776367,3.678999900817871
2025-07-21T17:31:00.0,7260.0,-34.26113822787415,-8.088225177054682,24.530000686645508,23.959999084472656,43.815197005926386,3.640000104904175,3.6570000648498535,3.6540000438690186,3.680000066757202,3.678999900817871,3.6740000247955322,3.674999952316284,3.677000045776367,3.680999994277954,3.677000045776367,3.677999973297119,3.680000066757202
2025-07-21T17:31:10.0,7270.0,-33.880001068115234,-8.182652611956874,24.530000686645508,23.959999084472656,43.779998779296875,3.6419999599456787,3.6589999198913574,3.6559998989105225,3.681999921798706,3.680000066757202,3.6760001182556152,3.677000045776367,3.677999973297119,3.681999921798706,3.678999900817871,3.678999900817871,3.680999994277954
2025-07-21T17:31:20.0,7280.0,-40.060001373291016,-8.282699959661443,24.530000686645508,23.959999084472656,43.75,3.6419999599456787,3.6589999198913574,3.6559998989105225,3.674999952316284,3.6740000247955322,3.6689999103546143,3.6689999103546143,3.671999931335449,3.674999952316284,3.678999900817871,3.678999900817871,3.680999994277954
2025-07-21T17:31:30.0,7290.0,-40.725895931846246,-8.394749450558304,24.530000686645508,23.959999084472656,43.66054057071083,3.634000062942505,3.6510000228881836,3.6489999294281006,3.6740000247955322,3.6730000972747803,3.6679999828338623,3.6689999103546143,3.6710000038146973,3.6740000247955322,3.6710000038146973,3.671999931335449,3.6730000972747803
2025-07-21T17:31:40.0,7300.0,-40.72999954223633,-8.50828525442522,24.530000686645508,23.959999084472656,43.67846708297729,3.632999897003174,3.6500000953674316,3.6470000743865967,3.671999931335449,3.6710000038146973,3.6659998893737793,3.6670000553131104,3.6689999103546143,3.6730000972747803,3.6689999103546143,3.6700000762939453,3.671999931335449
2025-07-21T17:31:50.0,7310.0,-39.970001220703125,-8.621111481801947,24.530000686645508,23.959999084472656,43.7400016784668,3.631999969482422,3.6489999294281006,3.6459999084472656,3.6710000038146973,3.6700000762939453,3.6649999618530273,3.6659998893737793,3.6679999828338623,3.671999931335449,3.6679999828338623,3.6689999103546143,3.6710000038146973
2025-07-21T17:32:00.0,7320.0,-40.460209615607056,-8.734419339457364,24.530000686645508,23.959999084472656,43.68000030517578,3.63100004196167,3.6480000019073486,3.6449999809265137,3.6700000762939453,3.6689999103546143,3.6640000343322754,3.6649999618530273,3.6670000553131104,3.6710000038146973,3.6670000553131104,3.6679999828338623,3.6700000762939453
2025-07-21T17:32:10.0,7330.0,-41.02177935830925,-8.84932023187612,24.530000686645508,23.959999084472656,43.64200219303428,3.630000114440918,3.6470000743865967,3.6449999809265137,3.6689999103546143,3.6679999828338623,3.6630001068115234,3.6640000343322754,3.6659998893737793,3.6700000762939453,3.6670000553131104,3.6670000553131104,3.6689999103546143
2025-07-21T17:32:20.0,7340.0,-40.5099983215332,-8.96174796510671,24.530000686645508,23.959999084472656,43.66999816894531,3.628999948501587,3.6470000743865967,3.6440000534057617,3.6679999828338623,3.6670000553131104,3.6619999408721924,3.6630001068115234,3.6649999618530273,3.6689999103546143,3.6649999618530273,3.6659998893737793,3.6679999828338623
2025-07-21T17:32:30.0,7350.0,-41.36000061035156,-9.075703686415102,24.530000686645508,23.959999084472656,43.619998931884766,3.628999948501587,3.6459999084472656,3.6440000534057617,3.6679999828338623,3.6659998893737793,3.6619999408721924,3.6619999408721924,3.6640000343322754,3.6679999828338623,3.6649999618530273,3.6649999618530273,3.6670000553131104
2025-07-21T17:32:40.0,7360.0,-41.17783084944179,-9.189528421836176,24.530000686645508,23.959999084472656,43.599998474121094,3.627000093460083,3.6449999809265137,3.6419999599456787,3.6659998893737793,3.6649999618530273,3.6600000858306885,3.6610000133514404,3.6630001068115234,3.6670000553131104,3.6630001068115234,3.6640000343322754,3.6659998893737793
2025-07-21T17:32:50.0,7370.0,-40.779883819329825,-9.303414025992033,24.530000686645508,23.959999084472656,43.617768673353055,3.627000093460083,3.6440000534057617,3.6410000324249268,3.6649999618530273,3.6640000343322754,3.6589999198913574,3.6600000858306885,3.6619999408721924,3.6659998893737793,3.6619999408721924,3.6630001068115234,3.6640000343322754
2025-07-21T17:33:00.0,7380.0,-41.290000915527344,-9.417708751564833,24.530000686645508,23.959999084472656,43.54999923706055,3.625,3.6429998874664307,3.640000104904175,3.6640000343322754,3.6630001068115234,3.6579999923706055,3.6579999923706055,3.6600000858306885,3.6640000343322754,3.6610000133514404,3.6619999408721924,3.6630001068115234
2025-07-21T17:33:10.0,7390.0,-41.290000915527344,-9.532403198552409,24.530000686645508,23.959999084472656,43.54999923706055,3.625,3.6429998874664307,3.6389999389648438,3.6630001068115234,3.6619999408721924,3.6570000648498535,3.6579999923706055,3.6589999198913574,3.6630001068115234,3.6600000858306885,3.6610000133514404,3.6619999408721924
2025-07-21T17:33:20.0,7400.0,-14.240419024090386,-9.62492564555302,24.530000686645508,23.959999084472656,44.056542513352,3.624000072479248,3.6419999599456787,3.6389999389648438,3.6619999408721924,3.6610000133514404,3.6559998989105225,3.6579999923706055,3.6589999198913574,3.6630001068115234,3.6600000858306885,3.6610000133514404,3.6619999408721924
2025-07-21T17:33:30.0,7410.0,-11.60556851181336,-9.66198871254737,24.762934157792852,24.192933789750384,44.08000183105469,3.6530001163482666,3.6700000762939453,3.6670000553131104,3.690000057220459,3.688999891281128,3.684999942779541,3.687000036239624,3.687000036239624,3.690999984741211,3.684000015258789,3.684999942779541,3.686000108718872
2025-07-21T17:33:40.0,7420.0,-10.079999923706055,-9.693375178921768,24.889999389648438,24.31999969482422,44.18000030517578,3.6559998989105225,3.6730000972747803,3.6700000762939453,3.693000078201294,3.691999912261963,3.687000036239624,3.690000057220459,3.688999891281128,3.694000005722046,3.690999984741211,3.691999912261963,3.691999912261963
2025-07-21T17:33:50.0,7430.0,-9.348000144958506,-9.72057169597283,24.889999389648438,24.31999969482422,44.23926233177262,3.6589999198913574,3.6760001182556152,3.6730000972747803,3.696000099182129,3.694999933242798,3.690000057220459,3.693000078201294,3.691999912261963,3.697000026702881,3.694000005722046,3.694999933242798,3.694999933242798
2025-07-21T17:34:00.0,7440.0,-8.779999732971191,-9.746107429142809,24.889999389648438,24.31999969482422,44.22999954223633,3.6619999408721924,3.678999900817871,3.6760001182556152,3.6989998817443848,3.697000026702881,3.693000078201294,3.696000099182129,3.694999933242798,3.700000047683716,3.696000099182129,3.697000026702881,3.697000026702881
2025-07-21T17:34:10.0,7450.0,-7.557411690007676,-9.769943650711127,24.91115496666958,24.34820728030053,44.27000045776367,3.6619999408721924,3.678999900817871,3.677000045776367,3.6989998817443848,3.697999954223633,3.694000005722046,3.697000026702881,3.696000099182129,3.700000047683716,3.697000026702881,3.6989998817443848,3.6989998817443848
2025-07-21T17:34:20.0,7460.0,-39.01663141249194,-9.790184833672328,24.96948299815882,24.42597840099619,43.87443262736016,3.625,3.6419999599456787,3.6389999389648438,3.6630001068115234,3.6619999408721924,3.6570000648498535,3.6559998989105225,3.6589999198913574,3.6630001068115234,3.6589999198913574,3.6589999198913574,3.6610000133514404
2025-07-21T17:34:30.0,7470.0,-57.84000015258789,-9.942227701945313,24.98531893718405,24.45595770432994,43.38999938964844,3.621000051498413,3.638000011444092,3.634999990463257,3.6579999923706055,3.6570000648498535,3.6519999504089355,3.6510000228881836,3.6540000438690186,3.6579999923706055,3.6540000438690186,3.6540000438690186,3.6559998989105225
2025-07-21T17:34:40.0,7480.0,-56.86623591504064,-10.102396741891976,24.99179555964224,24.475386678926725,43.366396643784704,3.61299991607666,3.63100004196167,3.628000020980835,3.6510000228881836,3.6500000953674316,3.6449999809265137,3.6440000534057617,3.6480000019073486,3.6519999504089355,3.6480000019073486,3.6489999294281006,3.6500000953674316
2025-07-21T17:34:50.0,7490.0,-57.33623486687145,-10.261907754009572,24.998239006086724,24.494717018260168,43.308117746137334,3.6089999675750732,3.627000093460083,3.624000072479248,3.6470000743865967,3.6459999084472656,3.6410000324249268,3.640000104904175,3.6429998874664307,3.6470000743865967,3.6440000534057617,3.6440000534057617,3.6459999084472656
2025-07-21T17:35:00.0,7500.0,-57.54999923706055,-10.421746619075677,25.0093354310854,24.5093354310854,43.241060187987486,3.6059999465942383,3.624000072479248,3.621000051498413,3.6440000534057617,3.6440000534057617,3.638000011444092,3.63700008392334,3.640000104904175,3.6449999809265137,3.6410000324249268,3.6419999599456787,3.6429998874664307
2025-07-21T17:35:10.0,7510.0,-57.68000030517578,-10.581202406492771,25.023305968941223,24.52220427199357,43.2400016784668,3.6019999980926514,3.621000051498413,3.618000030517578,3.6410000324249268,3.640000104904175,3.634999990463257,3.634000062942505,3.63700008392334,3.6410000324249268,3.6410000324249268,3.6419999599456787,3.6429998874664307
2025-07-21T17:35:20.0,7520.0,-52.16355472140821,-10.738420090115344,25.042773054792537,24.53518315438401,43.341341324301624,3.6010000705718994,3.619999885559082,3.617000102996826,3.640000104904175,3.6389999389648438,3.634000062942505,3.632999897003174,3.635999917984009,3.640000104904175,3.635999917984009,3.635999917984009,3.638000011444092
2025-07-21T17:35:30.0,7530.0,-52.48509103373479,-10.884478373037453,25.058160358307656,24.552241819110648,43.23108628703763,3.6019999980926514,3.621000051498413,3.618000030517578,3.6410000324249268,3.6410000324249268,3.634999990463257,3.634000062942505,3.63700008392334,3.6419999599456787,3.638000011444092,3.638000011444092,3.640000104904175
2025-07-21T17:35:40.0,7540.0,-51.96072002383444,-11.029153619958567,25.06999969482422,24.56999969482422,43.25919921798101,3.5989999771118164,3.61899995803833,3.615999937057495,3.6389999389648438,3.6389999389648438,3.632999897003174,3.631999969482422,3.634999990463257,3.6389999389648438,3.635999917984009,3.635999917984009,3.63700008392334
2025-07-21T17:35:50.0,7550.0,-52.47999954223633,-11.174228408261943,25.06999969482422,24.56999969482422,43.209999084472656,3.5969998836517334,3.617000102996826,3.614000082015991,3.63700008392334,3.63700008392334,3.63100004196167,3.63100004196167,3.632999897003174,3.638000011444092,3.634000062942505,3.634000062942505,3.635999917984009
2025-07-21T17:36:00.0,7560.0,-52.68597253038989,-11.320285347037323,25.090912436411042,24.58394196575148,43.15999984741211,3.5940001010894775,3.614000082015991,3.6110000610351562,3.634999990463257,3.634999990463257,3.628999948501587,3.63100004196167,3.632999897003174,3.638000011444092,3.634000062942505,3.634000062942505,3.635999917984009
2025-07-21T17:36:10.0,7570.0,-51.86000061035156,-11.465815697126928,25.129870598830614,24.609914899669633,43.099998474121094,3.5929999351501465,3.61299991607666,3.609999895095825,3.634999990463257,3.634999990463257,3.628999948501587,3.628000020980835,3.63100004196167,3.634999990463257,3.631999969482422,3.631999969482422,3.632999897003174
2025-07-21T17:36:20.0,7580.0,-15.139420918414414,-11.59095432303747,25.14941583893516,24.622943828013035,43.88460673031052,3.621999979019165,3.6419999599456787,3.6389999389648438,3.6630001068115234,3.6619999408721924,3.6570000648498535,3.6589999198913574,3.6589999198913574,3.6640000343322754,3.630000114440918,3.628999948501587,3.63100004196167
2025-07-21T17:36:30.0,7590.0,-14.788973892362465,-11.63331723439959,25.15999984741211,24.6299991607666,43.78800278412207,3.627000093460083,3.6459999084472656,3.6429998874664307,3.6659998893737793,3.6659998893737793,3.6600000858306885,3.6630001068115234,3.6619999408721924,3.6679999828338623,3.6640000343322754,3.6640000343322754,3.6649999618530273
2025-07-21T17:36:40.0,7600.0,-15.6899995803833,-11.674994623637206,25.15999984741211,24.6299991607666,43.77000045776367,3.630000114440918,3.6489999294281006,3.6470000743865967,3.6689999103546143,3.6689999103546143,3.6630001068115234,3.6659998893737793,3.6649999618530273,3.6710000038146973,3.6659998893737793,3.6659998893737793,3.6670000553131104
2025-07-21T17:36:50.0,7610.0,-14.050000190734863,-11.71737210069816,25.15999984741211,24.6299991607666,43.95000076293945,3.63100004196167,3.6500000953674316,3.6470000743865967,3.6700000762939453,3.6700000762939453,3.6640000343322754,3.6659998893737793,3.6659998893737793,3.6710000038146973,3.6679999828338623,3.6679999828338623,3.6689999103546143
2025-07-21T17:37:00.0,7620.0,-15.720000267028809,-11.758708422504007,25.15999984741211,24.6299991607666,43.77000045776367,3.632999897003174,3.6519999504089355,3.6500000953674316,3.671999931335449,3.671999931335449,3.6659998893737793,3.6689999103546143,3.6679999828338623,3.6740000247955322,3.6689999103546143,3.6689999103546143,3.6700000762939453
2025-07-21T17:37:10.0,7630.0,-16.1200008392334,-11.802008562659163,25.15999984741211,24.6299991607666,43.84000015258789,3.634000062942505,3.6530001163482666,3.6510000228881836,3.6730000972747803,3.6730000972747803,3.6670000553131104,3.6700000762939453,3.6689999103546143,3.674999952316284,3.671999931335449,3.671999931335449,3.671999931335449
2025-07-21T17:37:20.0,7640.0,-52.689998626708984,-11.86348907955011,25.223945819914107,24.699274049009325,43.29999923706055,3.635999917984009,3.6549999713897705,3.6530001163482666,3.6459999084472656,3.6459999084472656,3.640000104904175,3.640000104904175,3.6419999599456787,3.6470000743865967,3.6419999599456787,3.6419999599456787,3.6429998874664307
2025-07-21T17:37:30.0,7650.0,-52.709999084472656,-12.00979167738438,25.281818142147944,24.765452595389146,43.20901304277275,3.6010000705718994,3.621000051498413,3.618000030517578,3.6410000324249268,3.6419999599456787,3.634999990463257,3.634999990463257,3.63700008392334,3.6419999599456787,3.6389999389648438,3.6389999389648438,3.640000104904175
2025-07-21T17:37:40.0,7660.0,-52.81999969482422,-12.155598087408809,25.288316016665057,24.784946218940483,43.189998626708984,3.5959999561309814,3.615999937057495,3.61299991607666,3.63700008392334,3.638000011444092,3.63100004196167,3.63100004196167,3.632999897003174,3.638000011444092,3.634999990463257,3.634999990463257,3.635999917984009
2025-07-21T17:37:50.0,7670.0,-52.88999938964844,-12.30233504760795,25.29954532679823,24.794772666016804,43.130001068115234,3.5929999351501465,3.614000082015991,3.6110000610351562,3.634999990463257,3.635999917984009,3.628999948501587,3.628999948501587,3.63100004196167,3.635999917984009,3.632999897003174,3.631999969482422,3.634000062942505
2025-07-21T17:38:00.0,7680.0,-52.7400016784668,-12.449024269765749,25.313675524104724,24.80490064794367,43.150001525878906,3.5899999141693115,3.6110000610351562,3.6080000400543213,3.631999969482422,3.631999969482422,3.625999927520752,3.625999927520752,3.628000020980835,3.632999897003174,3.632999897003174,3.631999969482422,3.634000062942505
2025-07-21T17:38:10.0,7690.0,-52.83088757882733,-12.595742944804828,25.33315648945895,24.830875268415973,43.1073319753011,3.5859999656677246,3.6080000400543213,3.6059999465942383,3.628999948501587,3.630000114440918,3.624000072479248,3.622999906539917,3.625999927520752,3.63100004196167,3.627000093460083,3.627000093460083,3.628000020980835
2025-07-21T17:38:20.0,7700.0,-15.720000267028809,-12.726524837260248,25.34000015258789,24.84000015258789,43.689998626708984,3.5829999446868896,3.6050000190734863,3.6019999980926514,3.627000093460083,3.628000020980835,3.621000051498413,3.621000051498413,3.622999906539917,3.628999948501587,3.625,3.625,3.625999927520752
2025-07-21T17:38:30.0,7710.0,-14.614314084013495,-12.770161315803529,25.34000015258789,24.84000015258789,43.71928855328522,3.618000030517578,3.6389999389648438,3.63700008392334,3.6610000133514404,3.6610000133514404,3.6549999713897705,3.6579999923706055,3.6570000648498535,3.6619999408721924,3.6589999198913574,3.6589999198913574,3.6600000858306885
2025-07-21T17:38:40.0,7720.0,-15.079999923706055,-12.811400360138155,25.34000015258789,24.84000015258789,43.599998474121094,3.619999885559082,3.6410000324249268,3.6389999389648438,3.6630001068115234,3.6630001068115234,3.6570000648498535,3.6600000858306885,3.6589999198913574,3.6649999618530273,3.6610000133514404,3.6610000133514404,3.6619999408721924
2025-07-21T17:38:50.0,7730.0,-15.5600004196167,-12.854014149276948,25.34000015258789,24.84000015258789,43.69221593819412,3.619999885559082,3.6410000324249268,3.6389999389648438,3.6630001068115234,3.6630001068115234,3.6570000648498535,3.6600000858306885,3.6589999198913574,3.6649999618530273,3.6610000133514404,3.6610000133514404,3.6619999408721924
2025-07-21T17:39:00.0,7740.0,-15.96141906250094,-12.89719673796866,25.34000015258789,24.84000015258789,43.73381768418237,3.624000072479248,3.6449999809265137,3.6429998874664307,3.6659998893737793,3.6659998893737793,3.6600000858306885,3.6630001068115234,3.6619999408721924,3.6679999828338623,3.6649999618530273,3.6649999618530273,3.6649999618530273
2025-07-21T17:39:10.0,7750.0,-16.15999984741211,-12.940437232584955,25.34000015258789,24.84000015258789,43.790000915527344,3.625,3.6459999084472656,3.6440000534057617,3.6670000553131104,3.6670000553131104,3.6610000133514404,3.6640000343322754,3.6630001068115234,3.6689999103546143,3.6659998893737793,3.6649999618530273,3.6659998893737793
2025-07-21T17:39:20.0,7760.0,-32.810001373291016,-12.997310539372233,25.373673517441436,24.879795469697115,43.22999954223633,3.627000093460083,3.6470000743865967,3.6449999809265137,3.6679999828338623,3.6689999103546143,3.6630001068115234,3.6649999618530273,3.6640000343322754,3.6700000762939453,3.6670000553131104,3.6670000553131104,3.6679999828338623
2025-07-21T17:39:30.0,7770.0,-52.38999938964844,-13.124696995599006,25.445060765381967,24.964161204505736,43.130001068115234,3.5899999141693115,3.611999988555908,3.609999895095825,3.634000062942505,3.634999990463257,3.628000020980835,3.628000020980835,3.630000114440918,3.635999917984009,3.632999897003174,3.631999969482422,3.632999897003174
2025-07-21T17:39:40.0,7780.0,-49.279998779296875,-13.268118610156908,25.462001698228164,24.988002433159558,43.18000030517578,3.5889999866485596,3.6110000610351562,3.6089999675750732,3.632999897003174,3.634000062942505,3.627000093460083,3.627000093460083,3.628999948501587,3.634999990463257,3.631999969482422,3.63100004196167,3.632999897003174
2025-07-21T17:39:50.0,7790.0,-48.59000015258789,-13.403484770494567,25.472439443748705,25.004880260788422,43.15999984741211,3.5850000381469727,3.6070001125335693,3.6050000190734863,3.63100004196167,3.631999969482422,3.625,3.625999927520752,3.628000020980835,3.632999897003174,3.630000114440918,3.628999948501587,3.63100004196167
2025-07-21T17:40:00.0,7800.0,-47.54999923706055,-13.535273794911173,25.478865913051344,25.0177331993937,43.130001068115234,3.5829999446868896,3.6059999465942383,3.6040000915527344,3.630000114440918,3.63100004196167,3.624000072479248,3.625,3.625999927520752,3.631999969482422,3.628999948501587,3.628000020980835,3.628999948501587
2025-07-21T17:40:10.0,7810.0,-45.54376264873306,-13.665193767146535,25.490682710414653,25.030683625941997,43.130001068115234,3.5820000171661377,3.6050000190734863,3.6029999256134033,3.630000114440918,3.630000114440918,3.624000072479248,3.624000072479248,3.625999927520752,3.63100004196167,3.628000020980835,3.627000093460083,3.628999948501587
2025-07-21T17:40:20.0,7820.0,-41.369998931884766,-13.78491309124152,25.5,25.040000915527344,43.18129445244284,3.5829999446868896,3.6059999465942383,3.6050000190734863,3.63100004196167,3.631999969482422,3.625,3.625999927520752,3.627000093460083,3.632999897003174,3.630000114440918,3.628999948501587,3.63100004196167
2025-07-21T17:40:30.0,7830.0,-41.13999938964844,-13.899390883733432,25.5,25.040000915527344,43.18000030517578,3.5820000171661377,3.6059999465942383,3.6040000915527344,3.63100004196167,3.63100004196167,3.625,3.625999927520752,3.627000093460083,3.632999897003174,3.628999948501587,3.628999948501587,3.630000114440918
2025-07-21T17:40:40.0,7840.0,-41.5099983215332,-14.014391788393127,25.5,25.040000915527344,43.15999984741211,3.5799999237060547,3.6040000915527344,3.6029999256134033,3.628999948501587,3.630000114440918,3.622999906539917,3.625,3.625999927520752,3.63100004196167,3.628000020980835,3.627000093460083,3.628999948501587
2025-07-21T17:40:50.0,7850.0,-41.3131662050883,-14.12965284275214,25.5,25.040000915527344,43.15999984741211,3.578000068664551,3.6029999256134033,3.6019999980926514,3.628999948501587,3.628999948501587,3.622999906539917,3.624000072479248,3.625,3.63100004196167,3.627000093460083,3.627000093460083,3.628000020980835
2025-07-21T17:41:00.0,7860.0,-41.560001373291016,-14.244745677290494,25.5,25.040000915527344,43.119998931884766,3.5739998817443848,3.5999999046325684,3.5989999771118164,3.627000093460083,3.628000020980835,3.621000051498413,3.621999979019165,3.622999906539917,3.628999948501587,3.625999927520752,3.625,3.627000093460083
2025-07-21T17:41:10.0,7870.0,-41.52000045776367,-14.360340310024156,25.5,25.040000915527344,43.11000061035156,3.572000026702881,3.5980000495910645,3.5969998836517334,3.625999927520752,3.625999927520752,3.619999885559082,3.621000051498413,3.621999979019165,3.628000020980835,3.625,3.624000072479248,3.625999927520752
2025-07-21T17:41:20.0,7880.0,-42.0099983215332,-14.476160424689718,25.5,25.040000915527344,43.11000061035156,3.569000005722046,3.5959999561309814,3.5959999561309814,3.624000072479248,3.625,3.618000030517578,3.619999885559082,3.621000051498413,3.627000093460083,3.622999906539917,3.622999906539917,3.625
2025-07-21T17:41:30.0,7890.0,-40.61000061035156,-14.591883421615496,25.5,25.040000915527344,43.099998474121094,3.568000078201294,3.5959999561309814,3.5959999561309814,3.624000072479248,3.625,3.618000030517578,3.619999885559082,3.621000051498413,3.627000093460083,3.622999906539917,3.622999906539917,3.624000072479248
2025-07-21T17:41:40.0,7900.0,-38.52000045776367,-14.702171165482733,25.5,25.040000915527344,43.05494346593572,3.566999912261963,3.5950000286102295,3.5950000286102295,3.625,3.625999927520752,3.619999885559082,3.621000051498413,3.621999979019165,3.628000020980835,3.624000072479248,3.624000072479248,3.625999927520752
2025-07-21T17:41:50.0,7910.0,-35.928993782833,-14.80644019148032,25.5,25.040000915527344,43.12723739184771,3.565999984741211,3.5959999561309814,3.5959999561309814,3.625999927520752,3.627000093460083,3.619999885559082,3.621999979019165,3.621999979019165,3.628000020980835,3.625,3.624000072479248,3.625999927520752
2025-07-21T17:42:00.0,7920.0,-34.417000770569224,-14.904351598832344,25.609961111066372,25.14349358079806,43.09000015258789,3.565999984741211,3.5959999561309814,3.5969998836517334,3.627000093460083,3.628000020980835,3.621000051498413,3.622999906539917,3.622999906539917,3.630000114440918,3.625999927520752,3.625999927520752,3.628000020980835
2025-07-21T17:42:10.0,7930.0,-32.17755344792415,-14.995868944205709,25.670000076293945,25.200000762939453,43.20938255661412,3.565999984741211,3.5969998836517334,3.5980000495910645,3.628999948501587,3.628999948501587,3.622999906539917,3.625,3.625,3.63100004196167,3.628000020980835,3.627000093460083,3.628999948501587
2025-07-21T17:42:20.0,7940.0,-30.809999465942383,-15.083420762111347,25.670000076293945,25.200000762939453,43.20000076293945,3.553999900817871,3.5859999656677246,3.5869998931884766,3.61899995803833,3.61899995803833,3.61299991607666,3.625999927520752,3.625999927520752,3.632999897003174,3.628999948501587,3.628000020980835,3.630000114440918
2025-07-21T17:42:30.0,7950.0,-44.530273811490325,-15.18358439341704,25.687653089611832,25.223536991707295,42.961440430590386,3.5510001182556152,3.5840001106262207,3.5840001106262207,3.617000102996826,3.617000102996826,3.609999895095825,3.6110000610351562,3.611999988555908,3.61899995803833,3.617000102996826,3.617000102996826,3.61899995803833
2025-07-21T17:42:40.0,7960.0,-43.059764682545264,-15.304766370990011,25.706940519233275,25.246939968647762,43.00576056461072,3.546999931335449,3.5810000896453857,3.5820000171661377,3.615999937057495,3.617000102996826,3.609999895095825,3.611999988555908,3.61299991607666,3.61899995803833,3.615999937057495,3.615000009536743,3.617000102996826
2025-07-21T17:42:50.0,7970.0,-39.79999923706055,-15.41950023847421,25.726282091958534,25.266282771127134,43.0,3.5460000038146973,3.5810000896453857,3.5820000171661377,3.617000102996826,3.618000030517578,3.6110000610351562,3.61299991607666,3.61299991607666,3.619999885559082,3.615999937057495,3.615999937057495,3.617000102996826
2025-07-21T17:43:00.0,7980.0,-37.03461444331166,-15.526845093691614,25.740510484778447,25.2857658691982,43.02369720559371,3.5439999103546143,3.5799999237060547,3.5820000171661377,3.618000030517578,3.61899995803833,3.611999988555908,3.614000082015991,3.614000082015991,3.621000051498413,3.617000102996826,3.617000102996826,3.61899995803833
2025-07-21T17:43:10.0,7990.0,-35.09621043456223,-15.62798643602848,25.75175897463178,25.30351718632411,43.02372231985394,3.5429999828338623,3.5799999237060547,3.5829999446868896,3.619999885559082,3.619999885559082,3.614000082015991,3.615999937057495,3.615999937057495,3.622999906539917,3.61899995803833,3.61899995803833,3.619999885559082
2025-07-21T17:43:20.0,8000.0,-34.31011887098736,-15.724118614845805,25.758256849148896,25.316512935358336,43.11563231819556,3.5420000553131104,3.5799999237060547,3.5829999446868896,3.621000051498413,3.621000051498413,3.615000009536743,3.617000102996826,3.617000102996826,3.624000072479248,3.619999885559082,3.619999885559082,3.621000051498413
2025-07-21T17:43:30.0,8010.0,-28.56999969482422,-15.808208615399996,25.760000228881836,25.31999969482422,43.119998931884766,3.5439999103546143,3.5829999446868896,3.5859999656677246,3.624000072479248,3.625,3.61899995803833,3.621999979019165,3.621000051498413,3.628000020980835,3.624000072479248,3.624000072479248,3.625999927520752
2025-07-21T17:43:40.0,8020.0,-25.99875299481373,-15.884052981806331,25.763695362192767,25.324926539238792,43.147662141373154,3.5439999103546143,3.5840001106262207,3.5880000591278076,3.627000093460083,3.627000093460083,3.621000051498413,3.622999906539917,3.621999979019165,3.628999948501587,3.625999927520752,3.625,3.627000093460083
2025-07-21T17:43:50.0,8030.0,-23.980223537746298,-15.954161535193656,25.783061888979613,25.35074857495459,43.16571091350756,3.5439999103546143,3.5850000381469727,3.5889999866485596,3.628999948501587,3.628999948501587,3.622999906539917,3.625999927520752,3.625,3.631999969482422,3.628999948501587,3.628000020980835,3.630000114440918
2025-07-21T17:44:00.0,8040.0,-22.97717070579537,-16.019289468270937,25.794169806318674,25.364170296429194,43.189998626708984,3.5439999103546143,3.5859999656677246,3.5910000801086426,3.631999969482422,3.631999969482422,3.625999927520752,3.628999948501587,3.628000020980835,3.634999990463257,3.63100004196167,3.63100004196167,3.631999969482422
2025-07-21T17:44:10.0,8050.0,41.619998931884766,-15.96602127200286,25.799999237060547,25.3700008392334,44.279998779296875,3.6050000190734863,3.6459999084472656,3.6510000228881836,3.690999984741211,3.690999984741211,3.684999942779541,3.693000078201294,3.687000036239624,3.694999933242798,3.690999984741211,3.690999984741211,3.690999984741211
2025-07-21T17:44:20.0,8060.0,42.150001525878906,-15.849750899520984,25.799999237060547,25.3700008392334,44.72085023177292,3.609999895095825,3.6510000228881836,3.6549999713897705,3.694000005722046,3.693000078201294,3.687999963760376,3.696000099182129,3.688999891281128,3.697000026702881,3.694000005722046,3.694000005722046,3.694000005722046
2025-07-21T17:44:30.0,8070.0,67.887633715178,-15.673142351598216,25.81455375577319,25.39183192330471,44.959999084472656,3.6500000953674316,3.690000057220459,3.693000078201294,3.7300000190734863,3.7290000915527344,3.7239999771118164,3.734999895095825,3.7260000705718994,3.7339999675750732,3.7309999465942383,3.7309999465942383,3.7309999465942383
2025-07-21T17:44:40.0,8080.0,67.98668675228885,-15.485029640234318,25.840507904673153,25.4303811131867,45.107760312398256,3.674999952316284,3.7130000591278076,3.7149999141693115,3.746999979019165,3.746999979019165,3.740999937057495,3.750999927520752,3.742000102996826,3.75,3.746999979019165,3.746999979019165,3.746999979019165
2025-07-21T17:44:50.0,8090.0,67.11000061035156,-15.29725148567889,25.866282122199227,25.449711469071023,45.220001220703125,3.687999963760376,3.7249999046325684,3.7269999980926514,3.755000114440918,3.755000114440918,3.75,3.760999917984009,3.750999927520752,3.759999990463257,3.756999969482422,3.756999969482422,3.75600004196167
2025-07-21T17:45:00.0,8100.0,67.39979993920574,-15.110827547673654,25.88607068194885,25.466070605654906,45.34952409693117,3.703000068664551,3.736999988555908,3.73799991607666,3.7639999389648438,3.7639999389648438,3.759000062942505,3.7690000534057617,3.759000062942505,3.7679998874664307,3.765000104904175,3.765000104904175,3.7639999389648438
2025-07-21T17:45:10.0,8110.0,67.65420852560077,-14.922733862273434,25.899049564339293,25.479049488045348,45.380001068115234,3.7149999141693115,3.746000051498413,3.746999979019165,3.7699999809265137,3.7699999809265137,3.765000104904175,3.7760000228881836,3.7660000324249268,3.7750000953674316,3.7720000743865967,3.7720000743865967,3.7709999084472656
2025-07-21T17:45:20.0,8120.0,67.0999984741211,-14.736418886479807,25.912028446729735,25.49202837043579,45.47999954223633,3.7219998836517334,3.752000093460083,3.752000093460083,3.7739999294281006,3.7739999294281006,3.7699999809265137,3.7799999713897705,3.7709999084472656,3.7790000438690186,3.7760000228881836,3.7760000228881836,3.7750000953674316
2025-07-21T17:45:30.0,8130.0,66.88999938964844,-14.552083131661421,25.93250961303711,25.507506008370843,45.58000183105469,3.7279999256134033,3.75600004196167,3.75600004196167,3.7780001163482666,3.7790000438690186,3.7739999294281006,3.7839999198913574,3.7750000953674316,3.7829999923706055,3.7820000648498535,3.7820000648498535,3.7799999713897705
2025-07-21T17:45:40.0,8140.0,65.89721126556398,-14.367174103786157,25.96493453979492,25.52696170658453,45.66970288377059,3.740000009536743,3.7639999389648438,3.7639999389648438,3.7829999923706055,3.7839999198913574,3.7790000438690186,3.7890000343322754,3.7790000438690186,3.7880001068115234,3.7860000133514404,3.7860000133514404,3.7850000858306885
2025-07-21T17:45:50.0,8150.0,65.70999908447266,-14.18467233606816,25.986309202789116,25.54087290933748,45.67659042508976,3.75,3.7709999084472656,3.7709999084472656,3.7890000343322754,3.7899999618530273,3.7860000133514404,3.7950000762939453,3.7860000133514404,3.7939999103546143,3.7920000553131104,3.7920000553131104,3.7899999618530273
2025-07-21T17:46:00.0,8160.0,65.9800033569336,-14.00189648163955,26.00378373015738,25.553782967217927,45.790000915527344,3.756999969482422,3.7760000228881836,3.7760000228881836,3.7929999828338623,3.7939999103546143,3.7899999618530273,3.7990000247955322,3.7899999618530273,3.7980000972747803,3.7960000038146973,3.7960000038146973,3.7939999103546143
2025-07-21T17:46:10.0,8170.0,65.9800033569336,-13.818618694536957,26.016755036833345,25.566754273893892,45.790000915527344,3.760999917984009,3.7790000438690186,3.7790000438690186,3.7960000038146973,3.796999931335449,3.7929999828338623,3.802000045776367,3.7929999828338623,3.8010001182556152,3.799999952316284,3.799999952316284,3.7980000972747803
2025-07-21T17:46:20.0,8180.0,64.76478274476294,-13.636564391897526,26.03944877909977,25.58458663136971,45.84000015258789,3.7639999389648438,3.7809998989105225,3.7820000648498535,3.7990000247955322,3.799999952316284,3.7960000038146973,3.805999994277954,3.7960000038146973,3.803999900817871,3.802999973297119,3.802999973297119,3.8010001182556152
2025-07-21T17:46:30.0,8190.0,64.76000213623047,-13.455515010543937,26.064043036751126,25.60269609534222,45.880001068115234,3.7730000019073486,3.7880001068115234,3.7890000343322754,3.803999900817871,3.805000066757202,3.802000045776367,3.809000015258789,3.799999952316284,3.808000087738037,3.805999994277954,3.805999994277954,3.803999900817871
2025-07-21T17:46:40.0,8200.0,65.54000091552734,-13.274979970455707,26.08351136033679,25.615674977732663,45.95000076293945,3.7780001163482666,3.7920000553131104,3.7929999828338623,3.808000087738037,3.809000015258789,3.805999994277954,3.815000057220459,3.805999994277954,3.813999891281128,3.812000036239624,3.812000036239624,3.809999942779541
2025-07-21T17:46:50.0,8210.0,64.97420913596554,-13.09374257720789,26.09859184407696,25.628591711373673,45.97999954223633,3.7809998989105225,3.7950000762939453,3.7960000038146973,3.811000108718872,3.812000036239624,3.809000015258789,3.818000078201294,3.809000015258789,3.815999984741211,3.815000057220459,3.815000057220459,3.812999963760376
2025-07-21T17:47:00.0,8220.0,65.30999755859375,-12.912468627402523,26.11297801721644,25.64148816406955,45.97999954223633,3.7850000858306885,3.7980000972747803,3.799999952316284,3.815000057220459,3.815999984741211,3.812999963760376,3.822000026702881,3.812999963760376,3.819999933242798,3.818000078201294,3.818000078201294,3.815999984741211
2025-07-21T17:47:10.0,8230.0,65.11813039277735,-12.731712288905786,26.138936228767296,25.654467888752315,46.06182189178968,3.7869999408721924,3.799999952316284,3.8010001182556152,3.816999912261963,3.818000078201294,3.815000057220459,3.825000047683716,3.815999984741211,3.822999954223633,3.819000005722046,3.819000005722046,3.816999912261963
2025-07-21T17:47:20.0,8240.0,65.70999908447266,-12.551542547584647,26.15372543590083,25.667451482153226,46.09000015258789,3.7909998893737793,3.802999973297119,3.805000066757202,3.819000005722046,3.819999933242798,3.818000078201294,3.8269999027252197,3.818000078201294,3.825000047683716,3.8239998817443848,3.825000047683716,3.822999954223633
2025-07-21T17:47:30.0,8250.0,53.004460018970875,-12.397396389553819,26.15999984741211,25.68000030517578,46.037787750119065,3.7820000648498535,3.7939999103546143,3.7960000038146973,3.809999942779541,3.811000108718872,3.809000015258789,3.816999912261963,3.809000015258789,3.815999984741211,3.815000057220459,3.815000057220459,3.812999963760376
2025-07-21T17:47:40.0,8260.0,51.56999969482422,-12.253140403230992,26.15999984741211,25.68000030517578,45.84000015258789,3.7829999923706055,3.7950000762939453,3.7980000972747803,3.811000108718872,3.812000036239624,3.809999942779541,3.818000078201294,3.809999942779541,3.816999912261963,3.815999984741211,3.815999984741211,3.815000057220459
2025-07-21T17:47:50.0,8270.0,50.20152751521031,-12.109630049748427,26.15999984741211,25.68000030517578,45.94731706949065,3.7850000858306885,3.7960000038146973,3.7990000247955322,3.812999963760376,3.813999891281128,3.812000036239624,3.819999933242798,3.812000036239624,3.819000005722046,3.816999912261963,3.818000078201294,3.815999984741211
2025-07-21T17:48:00.0,8280.0,52.599998474121094,-11.970253335749845,26.15999984741211,25.68000030517578,45.970001220703125,3.7860000133514404,3.796999931335449,3.799999952316284,3.812999963760376,3.813999891281128,3.812999963760376,3.819999933242798,3.812000036239624,3.819000005722046,3.818000078201294,3.819000005722046,3.816999912261963
2025-07-21T17:48:10.0,8290.0,51.689998626708984,-11.827754999570324,26.15999984741211,25.68000030517578,45.93000030517578,3.7880001068115234,3.7990000247955322,3.802000045776367,3.815000057220459,3.815999984741211,3.815000057220459,3.822999954223633,3.815000057220459,3.821000099182129,3.819999933242798,3.821000099182129,3.819000005722046
2025-07-21T17:48:20.0,8300.0,48.810001373291016,-11.686424233572755,26.18577441106117,25.703197363299047,45.880001068115234,3.7899999618530273,3.8010001182556152,3.803999900817871,3.816999912261963,3.818000078201294,3.816999912261963,3.825000047683716,3.816999912261963,3.822999954223633,3.822000026702881,3.822999954223633,3.821000099182129
2025-07-21T17:48:30.0,8310.0,0.00867105243776911,-11.630854282011391,26.25058347228589,25.761525394788286,45.17235806625237,3.746000051498413,3.757999897003174,3.759999990463257,3.7739999294281006,3.7750000953674316,3.7730000019073486,3.7769999504089355,3.7739999294281006,3.7790000438690186,3.7780001163482666,3.7780001163482666,3.7769999504089355
2025-07-21T17:48:40.0,8320.0,0.04516339936581906,-11.63080286534422,26.260000228881836,25.77554015289965,45.119998931884766,3.740999937057495,3.752000093460083,3.753999948501587,3.7690000534057617,3.7690000534057617,3.7679998874664307,3.7709999084472656,3.7679998874664307,3.7730000019073486,3.7720000743865967,3.7730000019073486,3.7720000743865967
2025-07-21T17:48:50.0,8330.0,-0.0,-11.630779448677362,26.25598726702166,25.78401326580858,45.09000015258789,3.73799991607666,3.749000072479248,3.750999927520752,3.7660000324249268,3.7660000324249268,3.765000104904175,3.7690000534057617,3.765000104904175,3.7709999084472656,3.7699999809265137,3.7699999809265137,3.7690000534057617
2025-07-21T17:49:00.0,8340.0,0.019999999552965164,-11.630756293122323,26.24311695958043,25.796882345869733,45.04999923706055,3.73799991607666,3.749000072479248,3.750999927520752,3.7660000324249268,3.7660000324249268,3.765000104904175,3.7690000534057617,3.765000104904175,3.7709999084472656,3.7699999809265137,3.7699999809265137,3.7690000534057617
2025-07-21T17:49:10.0,8350.0,0.019999999552965164,-11.630728515345167,26.235132920275795,25.804866087902916,45.00812281938939,3.7330000400543213,3.74399995803833,3.746000051498413,3.760999917984009,3.760999917984009,3.759999990463257,3.763000011444092,3.759999990463257,3.765000104904175,3.7639999389648438,3.7639999389648438,3.763000011444092
2025-07-21T17:49:20.0,8360.0,0.7217124460117914,-11.630702259790198,26.227399741800337,25.809999465942383,45.65671328821519,3.7309999465942383,3.742000102996826,3.743000030517578,3.759000062942505,3.759000062942505,3.757999897003174,3.760999917984009,3.757999897003174,3.763000011444092,3.76200008392334,3.763000011444092,3.760999917984009
2025-07-21T17:49:30.0,8370.0,58.517881111693534,-11.496567556113993,26.21444607744563,25.809999465942383,45.981738538056405,3.7850000858306885,3.7950000762939453,3.796999931335449,3.812000036239624,3.811000108718872,3.811000108718872,3.819000005722046,3.809999942779541,3.815999984741211,3.815000057220459,3.815999984741211,3.813999891281128
2025-07-21T17:49:40.0,8380.0,60.5099983215332,-11.331376851749216,26.205773925044824,25.81422543139071,46.099998474121094,3.7899999618530273,3.799999952316284,3.802000045776367,3.816999912261963,3.815999984741211,3.815999984741211,3.825000047683716,3.816999912261963,3.822000026702881,3.821000099182129,3.822999954223633,3.819999933242798
2025-07-21T17:49:50.0,8390.0,58.90999984741211,-11.163727744886405,26.200666669308752,25.81999969482422,46.099998474121094,3.7929999828338623,3.802999973297119,3.805000066757202,3.821000099182129,3.819999933242798,3.819999933242798,3.828000068664551,3.819999933242798,3.8259999752044678,3.8259999752044678,3.8269999027252197,3.825000047683716
2025-07-21T17:50:00.0,8400.0,59.5703944582683,-11.000788561704217,26.20715066511498,25.81999969482422,46.15188183503993,3.7990000247955322,3.809000015258789,3.812000036239624,3.8269999027252197,3.8259999752044678,3.8269999027252197,3.8320000171661377,3.8239998817443848,3.8289999961853027,3.8289999961853027,3.8299999237060547,3.828000068664551
2025-07-21T17:50:10.0,8410.0,58.43000030517578,-10.833604229707513,26.209999084472656,25.8236336081969,46.189998626708984,3.802999973297119,3.812000036239624,3.815000057220459,3.8299999237060547,3.8289999961853027,3.8299999237060547,3.8380000591278076,3.8299999237060547,3.8350000381469727,3.8340001106262207,3.8359999656677246,3.8340001106262207
2025-07-21T17:50:20.0,8420.0,58.900001525878906,-10.66890706487953,26.21022866171158,25.830344289564437,46.20000076293945,3.805000066757202,3.813999891281128,3.816999912261963,3.8320000171661377,3.8320000171661377,3.8329999446868896,3.8410000801086426,3.8329999446868896,3.8380000591278076,3.8369998931884766,3.8389999866485596,3.8369998931884766
2025-07-21T17:50:30.0,8430.0,0.006499999854695728,-10.631192202796404,26.22319912718737,25.849799987778123,45.310001373291016,3.755000114440918,3.765000104904175,3.7679998874664307,3.7839999198913574,3.7829999923706055,3.7829999923706055,3.7869999408721924,3.7839999198913574,3.7880001068115234,3.7869999408721924,3.7880001068115234,3.7869999408721924
2025-07-21T17:50:40.0,8440.0,0.009999999776482582,-10.63112996113113,26.229999542236328,25.86308563556498,45.27000045776367,3.752000093460083,3.760999917984009,3.7639999389648438,3.7799999713897705,3.7790000438690186,3.7799999713897705,3.7829999923706055,3.7799999713897705,3.7839999198913574,3.7829999923706055,3.7839999198913574,3.7829999923706055
2025-07-21T17:50:50.0,8450.0,0.009999999776482582,-10.63110218335397,26.229999542236328,25.869570868302876,45.2400016784668,3.749000072479248,3.759000062942505,3.760999917984009,3.7769999504089355,3.7760000228881836,3.7760000228881836,3.7790000438690186,3.7769999504089355,3.7809998989105225,3.7809998989105225,3.7820000648498535,3.7809998989105225
2025-07-21T17:51:00.0,8460.0,0.009999999776482582,-10.63107015557691,26.223975533393123,25.8760236991144,45.18000030517578,3.746999979019165,3.75600004196167,3.757999897003174,3.7750000953674316,3.7739999294281006,3.7739999294281006,3.7769999504089355,3.7739999294281006,3.7780001163482666,3.7799999713897705,3.7809998989105225,3.7790000438690186
2025-07-21T17:51:10.0,8470.0,-0.009888888667856187,-10.631029416688932,26.215023020362114,25.8799991607666,45.1435730008518,3.74399995803833,3.753999948501587,3.75600004196167,3.7720000743865967,3.7709999084472656,3.7709999084472656,3.7750000953674316,3.7720000743865967,3.7760000228881836,3.7750000953674316,3.7760000228881836,3.7750000953674316
2025-07-21T17:51:20.0,8480.0,3.134815757210879,-10.631033619466615,26.20205379181799,25.8799991607666,45.23925549376236,3.742000102996826,3.752000093460083,3.753999948501587,3.7699999809265137,3.7690000534057617,3.7690000534057617,3.7730000019073486,3.7699999809265137,3.7739999294281006,3.7730000019073486,3.7739999294281006,3.7730000019073486
2025-07-21T17:51:30.0,8490.0,63.86000061035156,-10.512241587480961,26.194545680211107,25.885454243494948,46.16999816894531,3.796999931335449,3.805999994277954,3.808000087738037,3.8239998817443848,3.822000026702881,3.822999954223633,3.8320000171661377,3.8239998817443848,3.828000068664551,3.8269999027252197,3.8299999237060547,3.8269999027252197
2025-07-21T17:51:40.0,8500.0,63.66999816894531,-10.335157070252091,26.190000534057617,25.891924047101405,46.18000030517578,3.805999994277954,3.813999891281128,3.815999984741211,3.8329999446868896,3.8310000896453857,3.8329999446868896,3.8410000801086426,3.8329999446868896,3.8369998931884766,3.8369998931884766,3.8389999866485596,3.8359999656677246
2025-07-21T17:51:50.0,8510.0,63.811511115778494,-10.157843495125231,26.190000534057617,25.898367493545887,46.279998779296875,3.809999942779541,3.818000078201294,3.819999933242798,3.8389999866485596,3.8380000591278076,3.8389999866485596,3.8410000801086426,3.8329999446868896,3.8369998931884766,3.8369998931884766,3.8389999866485596,3.8359999656677246
2025-07-21T17:52:00.0,8520.0,63.90999984741211,-9.980663855628958,26.194843057343004,25.90484214181566,46.36000061035156,3.815999984741211,3.8239998817443848,3.8269999027252197,3.8420000076293945,3.8399999141693115,3.8420000076293945,3.8499999046325684,3.8420000076293945,3.8459999561309814,3.8459999561309814,3.8489999771118164,3.8459999561309814
2025-07-21T17:52:10.0,8530.0,63.900001525878906,-9.803685290261367,26.201327176690487,25.91132651419896,46.43000030517578,3.821000099182129,3.828000068664551,3.8320000171661377,3.8489999771118164,3.8469998836517334,3.8489999771118164,3.8570001125335693,3.8489999771118164,3.8529999256134033,3.8529999256134033,3.8559999465942383,3.8529999256134033
2025-07-21T17:52:20.0,8540.0,63.709999084472656,-9.62650532573593,26.207806970295934,25.917807543934433,46.439998626708984,3.822999954223633,3.8310000896453857,3.8340001106262207,3.8519999980926514,3.8499999046325684,3.8519999980926514,3.8610000610351562,3.8529999256134033,3.8559999465942383,3.8570001125335693,3.8589999675750732,3.8559999465942383
2025-07-21T17:52:30.0,8550.0,50.380001068115234,-9.480168853503326,26.209999084472656,25.920000076293945,46.380001068115234,3.813999891281128,3.822000026702881,3.8259999752044678,3.8429999351501465,3.8420000076293945,3.8440001010894775,3.8510000705718994,3.8440001010894775,3.8480000495910645,3.8480000495910645,3.8499999046325684,3.8480000495910645
2025-07-21T17:52:40.0,8560.0,48.625317178256694,-9.341014592053085,26.209999084472656,25.920000076293945,46.30224545290295,3.815000057220459,3.822999954223633,3.8269999027252197,3.8429999351501465,3.8420000076293945,3.8440001010894775,3.8519999980926514,3.8450000286102295,3.8480000495910645,3.8480000495910645,3.8499999046325684,3.8480000495910645
2025-07-21T17:52:50.0,8570.0,47.3993224445144,-9.20890482240676,26.209999084472656,25.920000076293945,46.29999923706055,3.818000078201294,3.825000047683716,3.8299999237060547,3.8469998836517334,3.8450000286102295,3.8480000495910645,3.8550000190734863,3.8480000495910645,3.8519999980926514,3.8519999980926514,3.8540000915527344,3.8519999980926514
2025-07-21T17:53:00.0,8580.0,49.47999954223633,-9.074614190873032,26.209999084472656,25.920000076293945,46.3930828739043,3.819000005722046,3.8269999027252197,3.8310000896453857,3.8480000495910645,3.8469998836517334,3.8489999771118164,3.8570001125335693,3.8499999046325684,3.8540000915527344,3.8529999256134033,3.8559999465942383,3.8540000915527344
2025-07-21T17:53:10.0,8590.0,47.702167277018816,-8.936421813501772,26.211380037558996,25.920690519913382,46.366688153332404,3.821000099182129,3.828000068664551,3.8320000171661377,3.8499999046325684,3.8489999771118164,3.8510000705718994,3.8580000400543213,3.8519999980926514,3.8550000190734863,3.8550000190734863,3.8580000400543213,3.8550000190734863
2025-07-21T17:53:20.0,8600.0,49.674683927234966,-8.80139699722607,26.263295567120768,25.946647046959917,46.42732210159302,3.822999954223633,3.8299999237060547,3.8350000381469727,3.8519999980926514,3.8510000705718994,3.8540000915527344,3.8610000610351562,3.8540000915527344,3.8570001125335693,3.8570001125335693,3.859999895095825,3.8570001125335693
2025-07-21T17:53:30.0,8610.0,59.900001525878906,-8.64178020500712,26.290000915527344,25.959999084472656,46.56999969482422,3.8329999446868896,3.8410000801086426,3.8450000286102295,3.86299991607666,3.8610000610351562,3.864000082015991,3.871999979019165,3.865000009536743,3.868000030517578,3.868000030517578,3.871000051498413,3.868000030517578
2025-07-21T17:53:40.0,8620.0,61.130001068115234,-8.472868948811414,26.290000915527344,25.959999084472656,46.658059926350916,3.8359999656677246,3.8429999351501465,3.8469998836517334,3.865999937057495,3.865000009536743,3.868000030517578,3.875999927520752,3.86899995803833,3.871999979019165,3.871999979019165,3.875,3.871999979019165
2025-07-21T17:53:50.0,8630.0,60.2535349104129,-8.305019401979436,26.302166163806216,25.96608228873838,46.66864564933031,3.8389999866485596,3.8459999561309814,3.8499999046325684,3.86899995803833,3.867000102996826,3.869999885559082,3.878999948501587,3.871000051498413,3.874000072479248,3.875,3.878000020980835,3.875
2025-07-21T17:54:00.0,8640.0,59.72847055173367,-8.13891630815505,26.317625208290885,25.977625055702994,46.650001525878906,3.8429999351501465,3.8499999046325684,3.8550000190734863,3.874000072479248,3.871999979019165,3.875,3.882999897003174,3.875999927520752,3.878999948501587,3.878999948501587,3.881999969482422,3.878999948501587
2025-07-21T17:54:10.0,8650.0,61.04999923706055,-7.969116718489318,26.33709353187655,25.99709337928866,46.81999969482422,3.8469998836517334,3.8540000915527344,3.8580000400543213,3.878000020980835,3.875999927520752,3.878999948501587,3.88700008392334,3.880000114440918,3.882999897003174,3.882999897003174,3.885999917984009,3.882999897003174
2025-07-21T17:54:20.0,8660.0,59.911695947145006,-7.802933784556909,26.34000015258789,26.0,46.880001068115234,3.8489999771118164,3.8559999465942383,3.8610000610351562,3.880000114440918,3.878000020980835,3.881999969482422,3.890000104904175,3.881999969482422,3.885999917984009,3.885999917984009,3.888000011444092,3.885999917984009
2025-07-21T17:54:30.0,8670.0,60.29999923706055,-7.635597736954149,26.34401971246421,26.00200977993816,46.880001068115234,3.799999952316284,3.808000087738037,3.812000036239624,3.8320000171661377,3.8299999237060547,3.8329999446868896,3.8359999656677246,3.8329999446868896,3.8359999656677246,3.8359999656677246,3.8380000591278076,3.8359999656677246
2025-07-21T17:54:40.0,8680.0,0.010830065117408607,-7.572244829422272,26.35699859485465,26.00849922113338,45.77175049781799,3.7960000038146973,3.803999900817871,3.808000087738037,3.8269999027252197,3.825000047683716,3.828000068664551,3.8320000171661377,3.8299999237060547,3.8320000171661377,3.8310000896453857,3.8329999446868896,3.8320000171661377
2025-07-21T17:54:50.0,8690.0,0.014249999681490672,-7.572202651645436,26.35504753306969,26.019906383445583,45.72767244891117,3.7880001068115234,3.7960000038146973,3.799999952316284,3.819999933242798,3.818000078201294,3.821000099182129,3.825000047683716,3.822999954223633,3.8239998817443848,3.8239998817443848,3.8259999752044678,3.825000047683716
2025-07-21T17:55:00.0,8700.0,-0.0,-7.572191487756797,26.348595031535424,26.030000686645508,45.68465107774454,3.7839999198913574,3.7920000553131104,3.7960000038146973,3.816999912261963,3.815000057220459,3.816999912261963,3.821000099182129,3.819000005722046,3.821000099182129,3.821000099182129,3.822999954223633,3.821000099182129
2025-07-21T17:55:10.0,8710.0,-0.0,-7.572178765534859,26.34210979879753,26.030000686645508,45.650001525878906,3.7809998989105225,3.7899999618530273,3.7929999828338623,3.815000057220459,3.812000036239624,3.815000057220459,3.818000078201294,3.815999984741211,3.818000078201294,3.818000078201294,3.819999933242798,3.819000005722046
2025-07-21T17:55:20.0,8720.0,-0.0,-7.572178765534859,26.3312319207145,26.030000686645508,45.63999938964844,3.7790000438690186,3.7869999408721924,3.7899999618530273,3.812000036239624,3.809999942779541,3.812000036239624,3.815000057220459,3.812999963760376,3.815000057220459,3.815000057220459,3.816999912261963,3.815999984741211
2025-07-21T17:55:30.0,8730.0,62.94438528173107,-7.526774549858873,26.319118505824697,26.03088187564503,46.560001373291016,3.7780001163482666,3.7860000133514404,3.7890000343322754,3.811000108718872,3.808000087738037,3.811000108718872,3.815000057220459,3.812999963760376,3.813999891281128,3.8589999675750732,3.861999988555908,3.859999895095825
2025-07-21T17:55:40.0,8740.0,62.29999923706055,-7.352661157499457,26.31262485070662,26.037375530763107,46.63999938964844,3.8369998931884766,3.8440001010894775,3.8480000495910645,3.869999885559082,3.867000102996826,3.871000051498413,3.880000114440918,3.872999906539917,3.875,3.875,3.878000020980835,3.875999927520752
2025-07-21T17:55:50.0,8750.0,63.2400016784668,-7.179083803829125,26.309999465942383,26.040000915527344,46.77000045776367,3.8440001010894775,3.8510000705718994,3.8550000190734863,3.875999927520752,3.872999906539917,3.877000093460083,3.885999917984009,3.878999948501587,3.88100004196167,3.88100004196167,3.884000062942505,3.881999969482422
2025-07-21T17:56:00.0,8760.0,61.970001220703125,-7.005146549147008,26.31028342305878,26.04028481848446,46.810001373291016,3.8489999771118164,3.8559999465942383,3.859999895095825,3.88100004196167,3.878999948501587,3.882999897003174,3.890000104904175,3.882999897003174,3.885999917984009,3.885999917984009,3.8889999389648438,3.885999917984009
2025-07-21T17:56:10.0,8770.0,62.13999938964844,-6.832084717537071,26.316781297575893,26.04678145365873,46.84000015258789,3.8540000915527344,3.8610000610351562,3.865000009536743,3.885999917984009,3.884000062942505,3.888000011444092,3.8959999084472656,3.8889999389648438,3.8910000324249268,3.8919999599456787,3.8940000534057617,3.8919999599456787
2025-07-21T17:56:20.0,8780.0,62.77966757880328,-6.658121785503532,26.323270670531713,26.05327021276804,46.880001068115234,3.8580000400543213,3.865000009536743,3.869999885559082,3.888000011444092,3.885999917984009,3.890000104904175,3.8980000019073486,3.8910000324249268,3.8929998874664307,3.8940000534057617,3.8959999084472656,3.8940000534057617
2025-07-21T17:56:30.0,8790.0,15.199999809265137,-6.556299376621018,26.329751700267185,26.059751242503513,46.290000915527344,3.8580000400543213,3.865000009536743,3.869999885559082,3.8529999256134033,3.8519999980926514,3.8550000190734863,3.8589999675750732,3.8559999465942383,3.8570001125335693,3.8570001125335693,3.8589999675750732,3.8580000400543213
2025-07-21T17:56:40.0,8800.0,14.247921332191021,-6.51559799956034,26.329999923706055,26.059999465942383,46.271493637115064,3.815000057220459,3.822999954223633,3.828000068664551,3.8499999046325684,3.8489999771118164,3.8519999980926514,3.8559999465942383,3.8529999256134033,3.8550000190734863,3.8550000190734863,3.8559999465942383,3.8550000190734863
2025-07-21T17:56:50.0,8810.0,14.328490234823946,-6.4751980857918365,26.329999923706055,26.059999465942383,46.08648311390597,3.812999963760376,3.821000099182129,3.8259999752044678,3.8469998836517334,3.8450000286102295,3.8480000495910645,3.8519999980926514,3.8489999771118164,3.8510000705718994,3.8510000705718994,3.8529999256134033,3.8519999980926514
2025-07-21T17:57:00.0,8820.0,13.640000343322754,-6.4360574663371874,26.329999923706055,26.059999465942383,45.97999954223633,3.809999942779541,3.819000005722046,3.822999954223633,3.8440001010894775,3.8420000076293945,3.8459999561309814,3.8499999046325684,3.8469998836517334,3.8489999771118164,3.8489999771118164,3.8510000705718994,3.8489999771118164
2025-07-21T17:57:10.0,8830.0,13.630000114440918,-6.398373069231017,26.329999923706055,26.059999465942383,46.220001220703125,3.809000015258789,3.816999912261963,3.821000099182129,3.8429999351501465,3.8410000801086426,3.8440001010894775,3.8480000495910645,3.8450000286102295,3.8469998836517334,3.8469998836517334,3.8489999771118164,3.8480000495910645
2025-07-21T17:57:20.0,8840.0,13.206732242559317,-6.361109366403458,26.329999923706055,26.059999465942383,45.97183252488033,3.808000087738037,3.815999984741211,3.819999933242798,3.8429999351501465,3.8410000801086426,3.8440001010894775,3.8480000495910645,3.8450000286102295,3.8469998836517334,3.8469998836517334,3.8489999771118164,3.8480000495910645
2025-07-21T17:57:30.0,8850.0,13.720000267028809,-6.3235672268912895,26.329999923706055,26.059999465942383,46.13999938964844,3.806999921798706,3.815999984741211,3.819999933242798,3.8410000801086426,3.8389999866485596,3.8429999351501465,3.8469998836517334,3.8440001010894775,3.8450000286102295,3.8459999561309814,3.8480000495910645,3.8459999561309814
2025-07-21T17:57:40.0,8860.0,13.869999885559082,-6.285115546145741,26.329999923706055,26.059999465942383,46.04999923706055,3.805999994277954,3.815000057220459,3.819000005722046,3.8399999141693115,3.8380000591278076,3.8420000076293945,3.8459999561309814,3.8429999351501465,3.8440001010894775,3.8450000286102295,3.8469998836517334,3.8450000286102295
2025-07-21T17:57:50.0,8870.0,13.770000457763672,-6.246598046004545,26.329999923706055,26.059999465942383,46.290000915527344,3.805999994277954,3.813999891281128,3.818000078201294,3.8399999141693115,3.8380000591278076,3.8410000801086426,3.8450000286102295,3.8429999351501465,3.8440001010894775,3.8440001010894775,3.8469998836517334,3.8450000286102295
2025-07-21T17:58:00.0,8880.0,13.285585583511152,-6.207927568443123,26.329999923706055,26.059999465942383,45.91568534452146,3.805000066757202,3.813999891281128,3.818000078201294,3.8399999141693115,3.8369998931884766,3.8410000801086426,3.8450000286102295,3.8420000076293945,3.8440001010894775,3.8440001010894775,3.8459999561309814,3.8450000286102295
2025-07-21T17:58:10.0,8890.0,14.220000267028809,-6.170936309631967,26.329999923706055,26.059999465942383,45.914184020694925,3.805000066757202,3.812999963760376,3.816999912261963,3.8389999866485596,3.8369998931884766,3.8399999141693115,3.8450000286102295,3.8420000076293945,3.8429999351501465,3.8429999351501465,3.8459999561309814,3.8440001010894775
2025-07-21T17:58:20.0,8900.0,13.311661998145013,-6.133014995359087,26.332160699019862,26.066481791883803,46.03776060463725,3.803999900817871,3.812999963760376,3.816999912261963,3.8389999866485596,3.8369998931884766,3.8399999141693115,3.8440001010894775,3.8410000801086426,3.8429999351501465,3.8429999351501465,3.8450000286102295,3.8440001010894775
2025-07-21T17:58:30.0,8910.0,59.1836908240068,-6.0294168910848125,26.34512275849081,26.105367970296644,46.70648584616812,3.8450000286102295,3.8529999256134033,3.8570001125335693,3.878999948501587,3.875999927520752,3.880000114440918,3.888000011444092,3.88100004196167,3.882999897003174,3.884000062942505,3.885999917984009,3.884000062942505
2025-07-21T17:58:40.0,8920.0,59.42043145871628,-5.8617626154004565,26.345958163223713,26.124042286505116,46.86100626334871,3.8510000705718994,3.8589999675750732,3.86299991607666,3.884999990463257,3.881999969482422,3.885999917984009,3.8940000534057617,3.88700008392334,3.8889999389648438,3.890000104904175,3.8929998874664307,3.890000104904175
2025-07-21T17:58:50.0,8930.0,58.7400016784668,-5.6959448516438105,26.34000015258789,26.1299991607666,46.86285142602388,3.8559999465942383,3.864000082015991,3.868000030517578,3.890000104904175,3.88700008392334,3.8910000324249268,3.8989999294281006,3.8919999599456787,3.8940000534057617,3.8949999809265137,3.8970000743865967,3.8949999809265137
2025-07-21T17:59:00.0,8940.0,60.150001525878906,-5.528724385272698,26.34000015258789,26.1299991607666,47.0,3.8610000610351562,3.868000030517578,3.871999979019165,3.8940000534057617,3.8910000324249268,3.8959999084472656,3.9030001163482666,3.8959999084472656,3.8989999294281006,3.8989999294281006,3.9019999504089355,3.8989999294281006
2025-07-21T17:59:10.0,8950.0,60.150001525878906,-5.361641047700812,26.34000015258789,26.1299991607666,47.0,3.865000009536743,3.871999979019165,3.877000093460083,3.8970000743865967,3.8949999809265137,3.9000000953674316,3.9079999923706055,3.9000000953674316,3.9030001163482666,3.9030001163482666,3.9059998989105225,3.9030001163482666
2025-07-21T17:59:20.0,8960.0,59.87313346608447,-5.192700785244342,26.34000015258789,26.1299991607666,46.970001220703125,3.865999937057495,3.874000072479248,3.878000020980835,3.8989999294281006,3.8970000743865967,3.9010000228881836,3.9100000858306885,3.9030001163482666,3.9049999713897705,3.9079999923706055,3.9100000858306885,3.9079999923706055
2025-07-21T17:59:30.0,8970.0,58.30086321861915,-5.025059912243456,26.34640561696311,26.13640462514182,47.06018557046588,3.872999906539917,3.880000114440918,3.884000062942505,3.9049999713897705,3.9030001163482666,3.9070000648498535,3.9149999618530273,3.9079999923706055,3.9100000858306885,3.9119999408721924,3.9140000343322754,3.9119999408721924
2025-07-21T17:59:40.0,8980.0,58.09000015258789,-4.863663687832657,26.350000381469727,26.139999389648438,47.150001525878906,3.877000093460083,3.884000062942505,3.888000011444092,3.9089999198913574,3.9070000648498535,3.9110000133514404,3.9189999103546143,3.9119999408721924,3.9140000343322754,3.9149999618530273,3.9170000553131104,3.9149999618530273
2025-07-21T17:59:50.0,8990.0,59.939998626708984,-4.700435342881451,26.350000381469727,26.139999389648438,47.20000076293945,3.878999948501587,3.885999917984009,3.890000104904175,3.9119999408721924,3.9089999198913574,3.9140000343322754,3.9210000038146973,3.9140000343322754,3.9159998893737793,3.9170000553131104,3.9189999103546143,3.9170000553131104
2025-07-21T18:00:00.0,9000.0,61.119998931884766,-4.531563021964533,26.367366559821363,26.151577577987403,47.220001220703125,3.881999969482422,3.8889999389648438,3.8940000534057617,3.9140000343322754,3.9119999408721924,3.9170000553131104,3.924999952316284,3.9179999828338623,3.9200000762939453,3.9210000038146973,3.9230000972747803,3.9200000762939453
2025-07-21T18:00:10.0,9010.0,58.29930354921389,-4.364558916363752,26.38455085482093,26.162275694439273,47.18000030517578,3.884999990463257,3.8919999599456787,3.8970000743865967,3.9170000553131104,3.9149999618530273,3.9200000762939453,3.927000045776367,3.9200000762939453,3.921999931335449,3.9230000972747803,3.9260001182556152,3.9230000972747803
2025-07-21T18:00:20.0,9020.0,59.6971511665144,-4.197608245613876,26.39752973721137,26.168765135634494,47.2400016784668,3.888000011444092,3.8949999809265137,3.9000000953674316,3.9189999103546143,3.9179999828338623,3.921999931335449,3.930000066757202,3.9230000972747803,3.924999952316284,3.9260001182556152,3.927999973297119,3.9260001182556152
2025-07-21T18:00:30.0,9030.0,55.099998474121094,-4.040584701386065,26.405254119066043,26.170000076293945,47.29999923706055,3.88700008392334,3.8940000534057617,3.8989999294281006,3.9179999828338623,3.9170000553131104,3.9210000038146973,3.928999900817871,3.921999931335449,3.9240000247955322,3.924999952316284,3.927000045776367,3.924999952316284
2025-07-21T18:00:40.0,9040.0,55.849998474121094,-3.885694603931147,26.40999984741211,26.170000076293945,47.369998931884766,3.8889999389648438,3.8959999084472656,3.9010000228881836,3.9210000038146973,3.9189999103546143,3.9240000247955322,3.930999994277954,3.9240000247955322,3.9260001182556152,3.927000045776367,3.928999900817871,3.927000045776367
2025-07-21T18:00:50.0,9050.0,54.18821771203028,-3.7315591748985035,26.40999984741211,26.170000076293945,47.30947838297649,3.8919999599456787,3.8989999294281006,3.9040000438690186,3.9230000972747803,3.9210000038146973,3.9260001182556152,3.933000087738037,3.9260001182556152,3.927999973297119,3.928999900817871,3.931999921798706,3.928999900817871
2025-07-21T18:01:00.0,9060.0,55.939998626708984,-3.5809473827145215,26.42391526635714,26.174638549275624,47.279998779296875,3.8919999599456787,3.8989999294281006,3.9040000438690186,3.9230000972747803,3.921999931335449,3.9260001182556152,3.934000015258789,3.927000045776367,3.928999900817871,3.930000066757202,3.931999921798706,3.928999900817871
2025-07-21T18:01:10.0,9070.0,55.599998474121094,-3.4251212965886175,26.442240319827185,26.18224030456345,47.34000015258789,3.8949999809265137,3.9019999504089355,3.9079999923706055,3.9260001182556152,3.924999952316284,3.928999900817871,3.936000108718872,3.930000066757202,3.931999921798706,3.931999921798706,3.934000015258789,3.931999921798706
2025-07-21T18:01:20.0,9080.0,56.68000030517578,-3.2702020312103017,26.45520954837131,26.195210770039242,47.349998474121094,3.8970000743865967,3.9030001163482666,3.9089999198913574,3.927000045776367,3.9260001182556152,3.930999994277954,3.937999963760376,3.930999994277954,3.933000087738037,3.934999942779541,3.936000108718872,3.934000015258789
2025-07-21T18:01:30.0,9090.0,47.482236011404716,-3.1243089025926984,26.459999084472656,26.200000762939453,47.3233155601903,3.8929998874664307,3.9000000953674316,3.9049999713897705,3.9240000247955322,3.921999931335449,3.927000045776367,3.933000087738037,3.927000045776367,3.928999900817871,3.930000066757202,3.931999921798706,3.930000066757202
2025-07-21T18:01:40.0,9100.0,48.43013116311354,-2.989742473512795,26.459999084472656,26.200000762939453,47.24034195443498,3.8940000534057617,3.9010000228881836,3.9059998989105225,3.9240000247955322,3.9230000972747803,3.927000045776367,3.934000015258789,3.927999973297119,3.930000066757202,3.930999994277954,3.933000087738037,3.930000066757202
2025-07-21T18:01:50.0,9110.0,48.33000183105469,-2.8549300701189435,26.459999084472656,26.200000762939453,47.18000030517578,3.8949999809265137,3.9010000228881836,3.9070000648498535,3.924999952316284,3.9240000247955322,3.927999973297119,3.934999942779541,3.927999973297119,3.930999994277954,3.931999921798706,3.933000087738037,3.930999994277954
2025-07-21T18:02:00.0,9120.0,47.4900016784668,-2.7205648714081843,26.459999084472656,26.200000762939453,47.31846705737867,3.8959999084472656,3.9019999504089355,3.9079999923706055,3.9260001182556152,3.9240000247955322,3.928999900817871,3.934999942779541,3.928999900817871,3.930999994277954,3.931999921798706,3.934000015258789,3.931999921798706
2025-07-21T18:02:10.0,9130.0,48.420247014363405,-2.588644135990712,26.459999084472656,26.200000762939453,47.29073982238768,3.8970000743865967,3.9040000438690186,3.9089999198913574,3.927000045776367,3.924999952316284,3.930000066757202,3.936000108718872,3.930000066757202,3.931999921798706,3.933000087738037,3.934999942779541,3.933000087738037
2025-07-21T18:02:20.0,9140.0,43.44869125767764,-2.4582516837199915,26.459999084472656,26.200000762939453,47.22070504991632,3.8949999809265137,3.9019999504089355,3.9070000648498535,3.924999952316284,3.9230000972747803,3.927999973297119,3.934000015258789,3.927999973297119,3.930000066757202,3.930999994277954,3.933000087738037,3.930999994277954
2025-07-21T18:02:30.0,9150.0,36.28431599516646,-2.3452010330947615,26.483641648941934,26.21773212262165,47.2400016784668,3.8889999389648438,3.8959999084472656,3.9010000228881836,3.9189999103546143,3.9170000553131104,3.921999931335449,3.927000045776367,3.921999931335449,3.9240000247955322,3.924999952316284,3.927000045776367,3.924999952316284
2025-07-21T18:02:40.0,9160.0,35.65999984741211,-2.246068177222713,26.535523510845103,26.256642282117358,47.13999938964844,3.888000011444092,3.8949999809265137,3.9000000953674316,3.9179999828338623,3.9170000553131104,3.9210000038146973,3.9260001182556152,3.9210000038146973,3.9230000972747803,3.9240000247955322,3.9260001182556152,3.9240000247955322
2025-07-21T18:02:50.0,9170.0,35.56999969482422,-2.1470770472002405,26.54588337939398,26.260000228881836,47.099998474121094,3.888000011444092,3.8949999809265137,3.9000000953674316,3.9179999828338623,3.9159998893737793,3.9210000038146973,3.9260001182556152,3.9210000038146973,3.9230000972747803,3.9240000247955322,3.9260001182556152,3.9240000247955322
2025-07-21T18:03:00.0,9180.0,33.05865531809178,-2.048844562754669,26.552341346376615,26.264684447513975,47.10043355156393,3.888000011444092,3.8949999809265137,3.9000000953674316,3.9179999828338623,3.9159998893737793,3.9210000038146973,3.9260001182556152,3.9210000038146973,3.9230000972747803,3.9240000247955322,3.9260001182556152,3.9240000247955322
2025-07-21T18:03:10.0,9190.0,32.54999923706055,-1.957555444310015,26.558834579856153,26.27767091447305,47.099998474121094,3.885999917984009,3.8929998874664307,3.8980000019073486,3.9159998893737793,3.9140000343322754,3.9189999103546143,3.9240000247955322,3.9189999103546143,3.9210000038146973,3.921999931335449,3.9230000972747803,3.921999931335449
2025-07-21T18:03:20.0,9200.0,32.529998779296875,-1.8668997885667338,26.565314698677945,26.280000686645508,47.099998474121094,3.885999917984009,3.8929998874664307,3.8980000019073486,3.9159998893737793,3.9140000343322754,3.9189999103546143,3.9240000247955322,3.9189999103546143,3.9210000038146973,3.921999931335449,3.9230000972747803,3.9210000038146973
2025-07-21T18:03:30.0,9210.0,47.995912837981564,-1.7637772606579825,26.56999969482422,26.280000686645508,47.37966498464803,3.8980000019073486,3.9049999713897705,3.9100000858306885,3.927999973297119,3.9260001182556152,3.930999994277954,3.937000036239624,3.930999994277954,3.933000087738037,3.934000015258789,3.936000108718872,3.934000015258789
2025-07-21T18:03:40.0,9220.0,48.720001220703125,-1.6309318633530232,26.56999969482422,26.280000686645508,47.38999938964844,3.9019999504089355,3.9079999923706055,3.9130001068115234,3.930000066757202,3.928999900817871,3.933000087738037,3.940000057220459,3.934000015258789,3.934999942779541,3.936000108718872,3.937999963760376,3.936000108718872
2025-07-21T18:03:50.0,9230.0,47.560001373291016,-1.4973343375116284,26.56999969482422,26.280000686645508,47.369998931884766,3.9030001163482666,3.9100000858306885,3.9149999618530273,3.931999921798706,3.930999994277954,3.934999942779541,3.941999912261963,3.934999942779541,3.937000036239624,3.938999891281128,3.940000057220459,3.937999963760376
2025-07-21T18:04:00.0,9240.0,42.439998626708984,-1.3739307911634806,26.56999969482422,26.280000686645508,47.31999969482422,3.9010000228881836,3.9079999923706055,3.9130001068115234,3.930000066757202,3.927999973297119,3.933000087738037,3.938999891281128,3.933000087738037,3.934999942779541,3.936000108718872,3.937999963760376,3.934999942779541
2025-07-21T18:04:10.0,9250.0,43.0062897079873,-1.2531508735471668,26.56999969482422,26.280000686645508,47.322308811388524,3.9019999504089355,3.9089999198913574,3.9140000343322754,3.930999994277954,3.930000066757202,3.934000015258789,3.940000057220459,3.934000015258789,3.936000108718872,3.937999963760376,3.938999891281128,3.937000036239624
2025-07-21T18:04:20.0,9260.0,43.47999954223633,-1.1320895467308199,26.574158571605473,26.29663540054588,47.38999938964844,3.9040000438690186,3.9110000133514404,3.9159998893737793,3.931999921798706,3.930999994277954,3.934999942779541,3.940999984741211,3.936000108718872,3.937999963760376,3.938999891281128,3.940000057220459,3.937999963760376
2025-07-21T18:04:30.0,9270.0,50.83497480281944,-1.0035365328603678,26.579999923706055,26.31999969482422,47.50225330102639,3.9110000133514404,3.9179999828338623,3.9230000972747803,3.938999891281128,3.937999963760376,3.941999912261963,3.9489998817443848,3.943000078201294,3.944999933242798,3.946000099182129,3.947000026702881,3.944999933242798
2025-07-21T18:04:40.0,9280.0,50.90999984741211,-0.861927350242969,26.579999923706055,26.31999969482422,47.400001525878906,3.9130001068115234,3.9200000762939453,3.924999952316284,3.940999984741211,3.940000057220459,3.944000005722046,3.9509999752044678,3.944999933242798,3.946000099182129,3.947999954223633,3.9489998817443848,3.947000026702881
2025-07-21T18:04:50.0,9290.0,49.16999816894531,-0.7213487077337204,26.579999923706055,26.323623559442414,47.54999923706055,3.9130001068115234,3.9200000762939453,3.924999952316284,3.940999984741211,3.940000057220459,3.944000005722046,3.9509999752044678,3.944999933242798,3.946000099182129,3.947999954223633,3.9489998817443848,3.947000026702881
2025-07-21T18:05:00.0,9300.0,49.7400016784668,-0.5848041034312081,26.579999923706055,26.329999923706055,47.5332774746612,3.9170000553131104,3.9230000972747803,3.927999973297119,3.944999933242798,3.943000078201294,3.947000026702881,3.9539999961853027,3.947999954223633,3.950000047683716,3.9509999752044678,3.9519999027252197,3.950000047683716
2025-07-21T18:05:10.0,9310.0,49.5,-0.44619301385724164,26.579999923706055,26.329999923706055,47.54999923706055,3.9189999103546143,3.924999952316284,3.930999994277954,3.947000026702881,3.944999933242798,3.950000047683716,3.9560000896453857,3.950000047683716,3.9519999027252197,3.953000068664551,3.9549999237060547,3.9519999027252197
2025-07-21T18:05:20.0,9320.0,44.869998931884766,-0.30947512824538936,26.583072485939198,26.333072485939198,47.50644989761652,3.9179999828338623,3.9240000247955322,3.928999900817871,3.944999933242798,3.944000005722046,3.947999954223633,3.9539999961853027,3.947999954223633,3.950000047683716,3.9509999752044678,3.9519999027252197,3.950000047683716
2025-07-21T18:05:30.0,9330.0,47.720001220703125,-0.18104086198863278,26.589545125992167,26.339545125992167,47.619998931884766,3.9200000762939453,3.9260001182556152,3.930999994277954,3.950000047683716,3.9489998817443848,3.953000068664551,3.9590001106262207,3.953000068664551,3.9549999237060547,3.9560000896453857,3.9579999446868896,3.9549999237060547
2025-07-21T18:05:40.0,9340.0,47.330922791225504,-0.05092579563409316,26.596021663463176,26.346021663463176,47.55580519881903,3.9210000038146973,3.9260001182556152,3.930999994277954,3.947000026702881,3.946000099182129,3.950000047683716,3.9560000896453857,3.950000047683716,3.9519999027252197,3.9539999961853027,3.9549999237060547,3.953000068664551
2025-07-21T18:05:50.0,9350.0,46.9900016784668,0.08040316769755274,26.60250807816027,26.355015774850813,47.540592279666804,3.921999931335449,3.927999973297119,3.933000087738037,3.9489998817443848,3.947000026702881,3.9509999752044678,3.9579999446868896,3.9519999027252197,3.9539999961853027,3.9549999237060547,3.9560000896453857,3.9539999961853027
2025-07-21T18:06:00.0,9360.0,46.52000045776367,0.20932597800198272,26.60900975482748,26.368019128185235,47.59129429985496,3.9230000972747803,3.928999900817871,3.934000015258789,3.9489998817443848,3.947999954223633,3.9519999027252197,3.9590001106262207,3.9519999027252197,3.9549999237060547,3.9560000896453857,3.9570000171661377,3.9549999237060547
2025-07-21T18:06:10.0,9370.0,45.765237584866156,0.33895485765930466,26.610000610351562,26.3700008392334,47.540000915527344,3.924999952316284,3.930999994277954,3.936000108718872,3.9509999752044678,3.950000047683716,3.9539999961853027,3.9600000381469727,3.9539999961853027,3.9560000896453857,3.9570000171661377,3.9579999446868896,3.9560000896453857
2025-07-21T18:06:20.0,9380.0,45.966301739761306,0.46811982148643816,26.610000610351562,26.37197267649629,47.57582425884173,3.9260001182556152,3.931999921798706,3.937000036239624,3.9519999027252197,3.9509999752044678,3.9549999237060547,3.9609999656677246,3.9549999237060547,3.9570000171661377,3.9579999446868896,3.9590001106262207,3.9570000171661377
2025-07-21T18:06:30.0,9390.0,48.05535999622231,0.5973037409596622,26.610000610351562,26.3784440820194,47.541887806911085,3.931999921798706,3.937999963760376,3.941999912261963,3.9519999027252197,3.9509999752044678,3.9549999237060547,3.9609999656677246,3.9549999237060547,3.9570000171661377,3.9590001106262207,3.9600000381469727,3.9579999446868896
2025-07-21T18:06:40.0,9400.0,51.900001525878906,0.7396800023009686,26.61984057068207,26.39476050898201,47.720001220703125,3.934000015258789,3.938999891281128,3.944000005722046,3.9590001106262207,3.9579999446868896,3.9619998931884766,3.9679999351501465,3.9619998931884766,3.9639999866485596,3.9649999141693115,3.9660000801086426,3.9639999866485596
2025-07-21T18:06:50.0,9410.0,51.959999084472656,0.8841923148573416,26.631400752299943,26.40999984741211,47.72302275733127,3.934999942779541,3.940000057220459,3.944999933242798,3.9600000381469727,3.9590001106262207,3.9630000591278076,3.9690001010894775,3.9630000591278076,3.9649999141693115,3.9670000076293945,3.9679999351501465,3.9649999141693115
2025-07-21T18:07:00.0,9420.0,51.95697344860999,1.0284718509912136,26.637898626817055,26.40999984741211,47.738352674596435,3.937000036239624,3.943000078201294,3.947000026702881,3.9619998931884766,3.9609999656677246,3.9649999141693115,3.9709999561309814,3.9639999866485596,3.9670000076293945,3.9679999351501465,3.9690001010894775,3.9670000076293945
2025-07-21T18:07:10.0,9430.0,50.86000061035156,1.1712677298158711,26.639999389648438,26.414382719746524,47.7400016784668,3.937999963760376,3.944000005722046,3.947999954223633,3.9619998931884766,3.9609999656677246,3.9649999141693115,3.9709999561309814,3.9649999141693115,3.9670000076293945,3.9690001010894775,3.9690001010894775,3.9670000076293945
2025-07-21T18:07:20.0,9440.0,51.029998779296875,1.3136243914089913,26.640858308983464,26.420858995628972,47.75,3.938999891281128,3.944999933242798,3.9489998817443848,3.9630000591278076,3.9619998931884766,3.9660000801086426,3.9719998836517334,3.9660000801086426,3.9679999351501465,3.9700000286102295,3.9709999561309814,3.9679999351501465
2025-07-21T18:07:30.0,9450.0,0.15000000596046448,1.4096247891211355,26.647330949036434,26.42733163568194,47.0099983215332,3.8989999294281006,3.9059998989105225,3.9089999198913574,3.9240000247955322,3.9230000972747803,3.9260001182556152,3.927000045776367,3.924999952316284,3.927000045776367,3.928999900817871,3.928999900817871,3.927000045776367
2025-07-21T18:07:40.0,9460.0,-0.0,1.4098281641305412,26.646190717354735,26.43000030517578,46.91999816894531,3.8959999084472656,3.9019999504089355,3.9059998989105225,3.9210000038146973,3.9189999103546143,3.921999931335449,3.9230000972747803,3.9210000038146973,3.9230000972747803,3.9230000972747803,3.9230000972747803,3.921999931335449
2025-07-21T18:07:50.0,9470.0,0.0009533333120248667,1.4098489057967445,26.639708745805123,26.430290949019096,46.86074538675945,3.888000011444092,3.8949999809265137,3.8980000019073486,3.9140000343322754,3.9119999408721924,3.9149999618530273,3.9179999828338623,3.9149999618530273,3.9170000553131104,3.9200000762939453,3.9200000762939453,3.9189999103546143
2025-07-21T18:08:00.0,9480.0,-0.004202614285147607,1.4098383669080912,26.633206646402108,26.43679304842211,46.831803886563165,3.884000062942505,3.8910000324249268,3.8940000534057617,3.9100000858306885,3.9079999923706055,3.9110000133514404,3.9130001068115234,3.9110000133514404,3.9130001068115234,3.9140000343322754,3.9140000343322754,3.9130001068115234
2025-07-21T18:08:10.0,9490.0,-0.009999999776482582,1.4098409780191439,26.6234280788035,26.443286388395485,46.790000915527344,3.881999969482422,3.8889999389648438,3.8919999599456787,3.9079999923706055,3.9059998989105225,3.9089999198913574,3.9119999408721924,3.9100000858306885,3.9119999408721924,3.9130001068115234,3.9130001068115234,3.9119999408721924
2025-07-21T18:08:20.0,9500.0,0.009999999776482582,1.409841739130238,26.61045969127024,26.449771200587843,46.779998779296875,3.878000020980835,3.885999917984009,3.8889999389648438,3.9049999713897705,3.9030001163482666,3.9059998989105225,3.9089999198913574,3.9070000648498535,3.9089999198913574,3.9100000858306885,3.9100000858306885,3.9089999198913574
2025-07-21T18:08:30.0,9510.0,11.510000228881836,1.4100027113552107,26.610000610351562,26.450000762939453,47.03515923399681,3.878000020980835,3.884999990463257,3.888000011444092,3.9040000438690186,3.9019999504089355,3.9049999713897705,3.9070000648498535,3.9049999713897705,3.9070000648498535,3.9079999923706055,3.9079999923706055,3.9070000648498535
2025-07-21T18:08:40.0,9520.0,10.550000190734863,1.4409609006649138,26.610000610351562,26.450000762939453,46.95000076293945,3.884999990463257,3.8919999599456787,3.8959999084472656,3.9110000133514404,3.9089999198913574,3.9119999408721924,3.9149999618530273,3.9130001068115234,3.9140000343322754,3.9149999618530273,3.9159998893737793,3.9140000343322754
2025-07-21T18:08:50.0,9530.0,10.489999771118164,1.4705386453170792,26.610000610351562,26.450000762939453,46.869998931884766,3.884999990463257,3.8919999599456787,3.8949999809265137,3.9100000858306885,3.9089999198913574,3.9119999408721924,3.9149999618530273,3.9119999408721924,3.9130001068115234,3.9149999618530273,3.9149999618530273,3.9140000343322754
2025-07-21T18:09:00.0,9540.0,10.625372720232242,1.5000309873414581,26.610000610351562,26.450000762939453,46.959999084472656,3.884000062942505,3.8910000324249268,3.8940000534057617,3.9100000858306885,3.9079999923706055,3.9110000133514404,3.9140000343322754,3.9110000133514404,3.9130001068115234,3.9140000343322754,3.9149999618530273,3.9130001068115234
2025-07-21T18:09:10.0,9550.0,10.813168917683956,1.5301429178196075,26.610000610351562,26.450000762939453,46.779998779296875,3.882999897003174,3.8910000324249268,3.8940000534057617,3.9089999198913574,3.9079999923706055,3.9110000133514404,3.9140000343322754,3.9110000133514404,3.9130001068115234,3.9140000343322754,3.9140000343322754,3.9130001068115234
2025-07-21T18:09:20.0,9560.0,10.649999618530273,1.5598111229157992,26.610000610351562,26.450000762939453,46.77000045776367,3.882999897003174,3.890000104904175,3.8940000534057617,3.9089999198913574,3.9079999923706055,3.9110000133514404,3.9140000343322754,3.9110000133514404,3.9119999408721924,3.9140000343322754,3.9140000343322754,3.9130001068115234
2025-07-21T18:09:30.0,9570.0,30.219999313354492,1.5961535080844058,26.5896838783368,26.45507897718804,47.040000915527344,3.8970000743865967,3.9040000438690186,3.9070000648498535,3.9230000972747803,3.921999931335449,3.924999952316284,3.9130001068115234,3.9110000133514404,3.9119999408721924,3.9140000343322754,3.9140000343322754,3.9119999408721924
2025-07-21T18:09:40.0,9580.0,29.489999771118164,1.6782390599079164,26.56844985573346,26.461548923563416,47.2400016784668,3.9000000953674316,3.9079999923706055,3.9110000133514404,3.9260001182556152,3.9240000247955322,3.927000045776367,3.931999921798706,3.927999973297119,3.930000066757202,3.930000066757202,3.930000066757202,3.928999900817871
2025-07-21T18:09:50.0,9590.0,29.2271773288125,1.7596420624259341,26.56201097293014,26.467987806366736,47.19809407893173,3.9019999504089355,3.9089999198913574,3.9130001068115234,3.927999973297119,3.9260001182556152,3.928999900817871,3.934000015258789,3.928999900817871,3.930999994277954,3.931999921798706,3.933000087738037,3.930999994277954
2025-07-21T18:10:00.0,9600.0,28.780000686645508,1.8403665395151805,26.559999465942383,26.469999313354492,47.27000045776367,3.9040000438690186,3.9110000133514404,3.9140000343322754,3.928999900817871,3.927999973297119,3.930999994277954,3.934999942779541,3.930999994277954,3.933000087738037,3.934000015258789,3.934000015258789,3.933000087738037
2025-07-21T18:10:10.0,9610.0,28.219999313354492,1.9192968666265315,26.559999465942383,26.4709235573062,47.209999084472656,3.9049999713897705,3.9119999408721924,3.9149999618530273,3.930000066757202,3.927999973297119,3.930999994277954,3.936000108718872,3.931999921798706,3.933000087738037,3.934999942779541,3.934999942779541,3.934000015258789
2025-07-21T18:10:20.0,9620.0,28.600726102691915,1.997761372005466,26.559999465942383,26.477400389483556,47.25,3.9059998989105225,3.9119999408721924,3.9159998893737793,3.930999994277954,3.928999900817871,3.931999921798706,3.937000036239624,3.933000087738037,3.934999942779541,3.936000108718872,3.936000108718872,3.934999942779541
2025-07-21T18:10:30.0,9630.0,40.560001373291016,2.0804433529549744,26.559999465942383,26.479999542236328,47.349998474121094,3.9170000553131104,3.9240000247955322,3.927000045776367,3.931999921798706,3.930000066757202,3.933000087738037,3.937999963760376,3.934000015258789,3.934999942779541,3.937000036239624,3.937000036239624,3.934999942779541
2025-07-21T18:10:40.0,9640.0,37.31999969482422,2.1919463013567446,26.559999465942383,26.479999542236328,47.40999984741211,3.9189999103546143,3.9260001182556152,3.928999900817871,3.943000078201294,3.941999912261963,3.944999933242798,3.950000047683716,3.944999933242798,3.947000026702881,3.947999954223633,3.9489998817443848,3.947000026702881
2025-07-21T18:10:50.0,9650.0,38.47999954223633,2.298270389049641,26.559999465942383,26.479999542236328,47.4900016784668,3.9210000038146973,3.927999973297119,3.930999994277954,3.944000005722046,3.943000078201294,3.946000099182129,3.9519999027252197,3.946000099182129,3.947999954223633,3.950000047683716,3.950000047683716,3.947999954223633
2025-07-21T18:11:00.0,9660.0,39.22769780875803,2.404308713664271,26.559999465942383,26.479999542236328,47.44814260395524,3.921999931335449,3.927999973297119,3.931999921798706,3.944999933242798,3.944000005722046,3.947000026702881,3.9519999027252197,3.947000026702881,3.9489998817443848,3.9509999752044678,3.9509999752044678,3.9489998817443848
2025-07-21T18:11:10.0,9670.0,35.72999954223633,2.5128926175533977,26.559999465942383,26.479999542236328,47.380001068115234,3.9240000247955322,3.930000066757202,3.934000015258789,3.947000026702881,3.946000099182129,3.9489998817443848,3.9539999961853027,3.9489998817443848,3.9509999752044678,3.9519999027252197,3.9519999027252197,3.950000047683716
2025-07-21T18:11:20.0,9680.0,38.130001068115234,2.616173952178218,26.559999465942383,26.479999542236328,47.5099983215332,3.924999952316284,3.930999994277954,3.934000015258789,3.947000026702881,3.946000099182129,3.9489998817443848,3.9539999961853027,3.9489998817443848,3.9509999752044678,3.953000068664551,3.953000068664551,3.9509999752044678
2025-07-21T18:11:30.0,9690.0,40.871129356334286,2.7238723739171595,26.559999465942383,26.482624201924278,47.619998931884766,3.934000015258789,3.940000057220459,3.943000078201294,3.9549999237060547,3.9539999961853027,3.9579999446868896,3.9630000591278076,3.9570000171661377,3.9600000381469727,3.9609999656677246,3.9609999656677246,3.9590001106262207
2025-07-21T18:11:40.0,9700.0,43.791881987627185,2.841786573375388,26.559999465942383,26.48903049845332,47.6335942586263,3.934000015258789,3.940000057220459,3.943000078201294,3.9549999237060547,3.9539999961853027,3.9570000171661377,3.9630000591278076,3.9570000171661377,3.9590001106262207,3.9609999656677246,3.9609999656677246,3.9590001106262207
2025-07-21T18:11:50.0,9710.0,42.76370398621746,2.9611539609806314,26.565514212045056,26.495514517220837,47.570834850183374,3.934999942779541,3.940999984741211,3.944000005722046,3.9560000896453857,3.9549999237060547,3.9579999446868896,3.9639999866485596,3.9579999446868896,3.9600000381469727,3.9619998931884766,3.9619998931884766,3.9600000381469727
2025-07-21T18:12:00.0,9720.0,43.369998931884766,3.078698640345789,26.56999969482422,26.5,47.58000183105469,3.937000036239624,3.941999912261963,3.944999933242798,3.9570000171661377,3.9560000896453857,3.9590001106262207,3.9649999141693115,3.9590001106262207,3.9609999656677246,3.9630000591278076,3.9630000591278076,3.9609999656677246
2025-07-21T18:12:10.0,9730.0,43.369998931884766,3.1991708596010247,26.56999969482422,26.5,47.58000183105469,3.937999963760376,3.944000005722046,3.947000026702881,3.9579999446868896,3.9570000171661377,3.9600000381469727,3.9660000801086426,3.9600000381469727,3.9619998931884766,3.9639999866485596,3.9639999866485596,3.9619998931884766
2025-07-21T18:12:20.0,9740.0,41.141685298844514,3.3170429323114856,26.56999969482422,26.504949627848504,47.666020481882526,3.938999891281128,3.944000005722046,3.947999954223633,3.9579999446868896,3.9570000171661377,3.9609999656677246,3.9660000801086426,3.9600000381469727,3.9630000591278076,3.9639999866485596,3.9649999141693115,3.9619998931884766
2025-07-21T18:12:30.0,9750.0,50.11000061035156,3.435566492988057,26.571423484782965,26.511424018840582,47.78560501867983,3.947000026702881,3.9519999027252197,3.9549999237060547,3.9660000801086426,3.9649999141693115,3.9690001010894775,3.9749999046325684,3.9679999351501465,3.9709999561309814,3.9649999141693115,3.9660000801086426,3.9639999866485596
2025-07-21T18:12:40.0,9760.0,48.464742863806016,3.5728822618434704,26.577904094517805,26.517904628575423,47.796947461795185,3.947999954223633,3.953000068664551,3.9560000896453857,3.9670000076293945,3.9660000801086426,3.9700000286102295,3.9749999046325684,3.9690001010894775,3.9719998836517334,3.9730000495910645,3.9739999771118164,3.9709999561309814
2025-07-21T18:12:50.0,9770.0,47.633215635701205,3.7054443052952033,26.58439381607663,26.524394350134248,47.810001373291016,3.950000047683716,3.9539999961853027,3.9570000171661377,3.9679999351501465,3.9670000076293945,3.9709999561309814,3.9769999980926514,3.9700000286102295,3.9730000495910645,3.9739999771118164,3.9749999046325684,3.9719998836517334
2025-07-21T18:13:00.0,9780.0,47.869998931884766,3.838316549380939,26.590884390161076,26.530884924218693,47.81999969482422,3.9509999752044678,3.9549999237060547,3.9579999446868896,3.9690001010894775,3.9679999351501465,3.9709999561309814,3.9769999980926514,3.9709999561309814,3.9739999771118164,3.9749999046325684,3.9749999046325684,3.9730000495910645
2025-07-21T18:13:10.0,9790.0,47.7599983215332,3.9715007793249564,26.597352843512848,26.537353377570465,47.84000015258789,3.9509999752044678,3.9560000896453857,3.9590001106262207,3.9690001010894775,3.9690001010894775,3.9719998836517334,3.9779999256134033,3.9719998836517334,3.9739999771118164,3.9760000705718994,3.9760000705718994,3.9739999771118164
2025-07-21T18:13:20.0,9800.0,47.02000045776367,4.103007895831321,26.603818826977484,26.54381863274109,47.869998931884766,3.953000068664551,3.9570000171661377,3.9600000381469727,3.9700000286102295,3.9690001010894775,3.9730000495910645,3.9790000915527344,3.9719998836517334,3.9749999046325684,3.9769999980926514,3.9769999980926514,3.9749999046325684
2025-07-21T18:13:30.0,9810.0,10.050000190734863,4.227447925959741,26.610000610351562,26.549999237060547,47.27000045776367,3.9539999961853027,3.9579999446868896,3.9609999656677246,3.9709999561309814,3.9709999561309814,3.9739999771118164,3.9790000915527344,3.9730000495910645,3.9760000705718994,3.9779999256134033,3.9779999256134033,3.9749999046325684
2025-07-21T18:13:40.0,9820.0,10.170000076293945,4.255248742962726,26.610000610351562,26.549999237060547,47.349998474121094,3.9210000038146973,3.9260001182556152,3.928999900817871,3.938999891281128,3.938999891281128,3.940999984741211,3.944000005722046,3.940999984741211,3.943000078201294,3.944000005722046,3.944000005722046,3.943000078201294
2025-07-21T18:13:50.0,9830.0,9.674823401956015,4.283607673531421,26.610000610351562,26.549999237060547,47.23377850850425,3.9179999828338623,3.9230000972747803,3.9260001182556152,3.936000108718872,3.934999942779541,3.937999963760376,3.940999984741211,3.937999963760376,3.940000057220459,3.941999912261963,3.941999912261963,3.940000057220459
2025-07-21T18:14:00.0,9840.0,9.779999732971191,4.310474539758942,26.610000610351562,26.549999237060547,47.20000076293945,3.9159998893737793,3.9210000038146973,3.9240000247955322,3.934999942779541,3.934999942779541,3.937000036239624,3.940000057220459,3.937000036239624,3.938999891281128,3.940999984741211,3.940000057220459,3.938999891281128
2025-07-21T18:14:10.0,9850.0,10.279999732971191,4.338523927814213,26.610000610351562,26.549999237060547,47.18000030517578,3.9159998893737793,3.9210000038146973,3.9240000247955322,3.933000087738037,3.931999921798706,3.934999942779541,3.937999963760376,3.934000015258789,3.936000108718872,3.937999963760376,3.937999963760376,3.936000108718872
2025-07-21T18:14:20.0,9860.0,9.850000381469727,4.366285119254107,26.610000610351562,26.549999237060547,47.209999084472656,3.9119999408721924,3.9179999828338623,3.9210000038146973,3.930999994277954,3.930000066757202,3.933000087738037,3.934999942779541,3.931999921798706,3.934000015258789,3.936000108718872,3.936000108718872,3.934000015258789
2025-07-21T18:14:30.0,9870.0,27.670000076293945,4.400065214038736,26.610000610351562,26.549999237060547,47.400001525878906,3.9110000133514404,3.9159998893737793,3.9189999103546143,3.928999900817871,3.927999973297119,3.930999994277954,3.933000087738037,3.930999994277954,3.931999921798706,3.934000015258789,3.934000015258789,3.931999921798706
2025-07-21T18:14:40.0,9880.0,25.923502722597338,4.473958805300706,26.610000610351562,26.56119302076815,47.380001068115234,3.924999952316284,3.930000066757202,3.933000087738037,3.943000078201294,3.941999912261963,3.944999933242798,3.9489998817443848,3.944999933242798,3.947000026702881,3.947999954223633,3.947999954223633,3.946000099182129
2025-07-21T18:14:50.0,9890.0,25.209999084472656,4.544663984618498,26.607926070624405,26.56999969482422,47.45000076293945,3.9260001182556152,3.930000066757202,3.933000087738037,3.943000078201294,3.941999912261963,3.944999933242798,3.9489998817443848,3.944999933242798,3.947000026702881,3.9489998817443848,3.9489998817443848,3.947000026702881
2025-07-21T18:15:00.0,9900.0,25.06999969482422,4.615452265762534,26.60143705052069,26.56999969482422,47.400001525878906,3.9260001182556152,3.930999994277954,3.934000015258789,3.944000005722046,3.943000078201294,3.946000099182129,3.9489998817443848,3.944999933242798,3.947000026702881,3.9489998817443848,3.9489998817443848,3.947000026702881
2025-07-21T18:15:10.0,9910.0,25.025013899959,4.6854734149528,26.594970225640928,26.56999969482422,47.394140568688975,3.927000045776367,3.930999994277954,3.934000015258789,3.944000005722046,3.943000078201294,3.946000099182129,3.950000047683716,3.946000099182129,3.947999954223633,3.950000047683716,3.950000047683716,3.947999954223633
2025-07-21T18:15:20.0,9920.0,24.841578398122326,4.755072479667974,26.59000015258789,26.56999969482422,47.4466478160783,3.927000045776367,3.931999921798706,3.934999942779541,3.944000005722046,3.944000005722046,3.946000099182129,3.9509999752044678,3.946000099182129,3.9489998817443848,3.950000047683716,3.950000047683716,3.947999954223633
2025-07-21T18:15:30.0,9930.0,33.90298016118184,4.823925812309893,26.59000015258789,26.56999969482422,47.4818369996314,3.927999973297119,3.931999921798706,3.934999942779541,3.944999933242798,3.944000005722046,3.947000026702881,3.9509999752044678,3.946000099182129,3.9489998817443848,3.950000047683716,3.950000047683716,3.9489998817443848
2025-07-21T18:15:40.0,9940.0,34.130001068115234,4.923225633803253,26.59000015258789,26.56999969482422,47.47999954223633,3.937999963760376,3.941999912261963,3.944999933242798,3.9549999237060547,3.9539999961853027,3.9570000171661377,3.9619998931884766,3.9570000171661377,3.9590001106262207,3.9600000381469727,3.9609999656677246,3.9590001106262207
2025-07-21T18:15:50.0,9950.0,35.66999816894531,5.019000962722346,26.59000015258789,26.56999969482422,47.560001373291016,3.938999891281128,3.943000078201294,3.946000099182129,3.9549999237060547,3.9549999237060547,3.9579999446868896,3.9630000591278076,3.9570000171661377,3.9600000381469727,3.9609999656677246,3.9609999656677246,3.9590001106262207
2025-07-21T18:16:00.0,9960.0,33.47999954223633,5.117846703438009,26.59000015258789,26.56999969482422,47.52194163752534,3.940000057220459,3.944000005722046,3.947000026702881,3.9570000171661377,3.9560000896453857,3.9590001106262207,3.9639999866485596,3.9590001106262207,3.9609999656677246,3.9619998931884766,3.9619998931884766,3.9600000381469727
2025-07-21T18:16:10.0,9970.0,33.0099983215332,5.212036036976489,26.59000015258789,26.56999969482422,47.59000015258789,3.940999984741211,3.944999933242798,3.947999954223633,3.9570000171661377,3.9570000171661377,3.9600000381469727,3.9639999866485596,3.9590001106262207,3.9619998931884766,3.9630000591278076,3.9630000591278076,3.9609999656677246
2025-07-21T18:16:20.0,9980.0,34.08000183105469,5.303873618245433,26.59000015258789,26.570749663542767,47.619998931884766,3.941999912261963,3.944999933242798,3.947999954223633,3.9579999446868896,3.9570000171661377,3.9600000381469727,3.9649999141693115,3.9600000381469727,3.9619998931884766,3.9630000591278076,3.9630000591278076,3.9619998931884766
2025-07-21T18:16:30.0,9990.0,39.724857221327774,5.397780092630164,26.59000015258789,26.590128700197702,47.66967996834153,3.9509999752044678,3.9549999237060547,3.9570000171661377,3.9579999446868896,3.9570000171661377,3.9609999656677246,3.9649999141693115,3.9600000381469727,3.9619998931884766,3.9639999866485596,3.9639999866485596,3.9619998931884766
2025-07-21T18:16:40.0,10000.0,43.0,5.51925585193718,26.59000015258789,26.600000381469727,47.72999954223633,3.9519999027252197,3.9560000896453857,3.9579999446868896,3.9679999351501465,3.9670000076293945,3.9700000286102295,3.9760000705718994,3.9700000286102295,3.9719998836517334,3.9739999771118164,3.9739999771118164,3.9719998836517334
2025-07-21T18:16:50.0,10010.0,42.13999938964844,5.636219541022822,26.59000015258789,26.600000381469727,47.81999969482422,3.9519999027252197,3.9560000896453857,3.9590001106262207,3.9679999351501465,3.9679999351501465,3.9709999561309814,3.9769999980926514,3.9709999561309814,3.9730000495910645,3.9739999771118164,3.9739999771118164,3.9719998836517334
2025-07-21T18:17:00.0,10020.0,40.7400016784668,5.7525069564880695,26.59000015258789,26.606125521659852,47.77000045776367,3.9519999027252197,3.9560000896453857,3.9590001106262207,3.9679999351501465,3.9679999351501465,3.9709999561309814,3.9769999980926514,3.9709999561309814,3.9730000495910645,3.9749999046325684,3.9749999046325684,3.9730000495910645
2025-07-21T18:17:10.0,10030.0,41.77627313651331,5.867486238786688,26.59259333052465,26.612593788288322,47.77000045776367,3.9549999237060547,3.9579999446868896,3.9609999656677246,3.9709999561309814,3.9700000286102295,3.9730000495910645,3.9779999256134033,3.9719998836517334,3.9749999046325684,3.9760000705718994,3.9769999980926514,3.9739999771118164
2025-07-21T18:17:20.0,10040.0,40.8397930937925,5.9799599258727945,26.599048839453598,26.61904929721727,47.803873636456274,3.9560000896453857,3.9590001106262207,3.9619998931884766,3.9719998836517334,3.9709999561309814,3.9739999771118164,3.9790000915527344,3.9730000495910645,3.9760000705718994,3.9779999256134033,3.9779999256134033,3.9749999046325684
2025-07-21T18:17:30.0,10050.0,39.79999923706055,6.094683241795213,26.605501507442145,26.6200008392334,47.810001373291016,3.9570000171661377,3.9600000381469727,3.9630000591278076,3.9719998836517334,3.9709999561309814,3.9749999046325684,3.9800000190734863,3.9739999771118164,3.9769999980926514,3.9779999256134033,3.9779999256134033,3.9760000705718994
2025-07-21T18:17:40.0,10060.0,46.2400016784668,6.21836387798499,26.610000610351562,26.62195720117787,47.86000061035156,3.9609999656677246,3.9639999866485596,3.9670000076293945,3.9760000705718994,3.9749999046325684,3.9779999256134033,3.9839999675750732,3.9779999256134033,3.9809999465942383,3.9820001125335693,3.9820001125335693,3.9800000190734863
2025-07-21T18:17:50.0,10070.0,42.77000045776367,6.341093824873807,26.610000610351562,26.628420240307285,47.849998474121094,3.9609999656677246,3.9639999866485596,3.9670000076293945,3.9760000705718994,3.9749999046325684,3.9790000915527344,3.9839999675750732,3.9779999256134033,3.9809999465942383,3.9820001125335693,3.9830000400543213,3.9800000190734863
2025-07-21T18:18:00.0,10080.0,42.29999923706055,6.459581076869743,26.614888820549496,26.6299991607666,47.869998931884766,3.9609999656677246,3.9639999866485596,3.9670000076293945,3.9760000705718994,3.9760000705718994,3.9790000915527344,3.984999895095825,3.9779999256134033,3.9809999465942383,3.9830000400543213,3.9830000400543213,3.9809999465942383
2025-07-21T18:18:10.0,10090.0,42.13999938964844,6.576904596374078,26.621351772239528,26.63135035148601,47.86000061035156,3.9619998931884766,3.9649999141693115,3.9679999351501465,3.9769999980926514,3.9769999980926514,3.9800000190734863,3.984999895095825,3.9790000915527344,3.9820001125335693,3.9839999675750732,3.9839999675750732,3.9809999465942383
2025-07-21T18:18:20.0,10100.0,41.81460672017021,6.6934538020216525,26.62779398972226,26.63779379793049,47.873881373685954,3.9630000591278076,3.9660000801086426,3.9679999351501465,3.9779999256134033,3.9769999980926514,3.9800000190734863,3.9860000610351562,3.9790000915527344,3.9820001125335693,3.9839999675750732,3.9839999675750732,3.9820001125335693
2025-07-21T18:18:30.0,10110.0,41.22999954223633,6.809138881286824,26.6299991607666,26.644234515556732,47.88999938964844,3.9630000591278076,3.9660000801086426,3.9690001010894775,3.9779999256134033,3.9779999256134033,3.9809999465942383,3.9860000610351562,3.9800000190734863,3.9830000400543213,3.9839999675750732,3.984999895095825,3.9830000400543213
2025-07-21T18:18:40.0,10120.0,0.025682926608058956,6.862274141809927,26.6299991607666,26.649999618530273,47.20603151398947,3.928999900817871,3.931999921798706,3.934999942779541,3.944999933242798,3.944000005722046,3.947000026702881,3.9489998817443848,3.947000026702881,3.9489998817443848,3.950000047683716,3.950000047683716,3.9489998817443848
2025-07-21T18:18:50.0,10130.0,0.009999999776482582,6.862324452920033,26.6299991607666,26.649999618530273,47.15965552574787,3.9230000972747803,3.927000045776367,3.928999900817871,3.938999891281128,3.937999963760376,3.940999984741211,3.943000078201294,3.940000057220459,3.941999912261963,3.944000005722046,3.944000005722046,3.941999912261963
2025-07-21T18:19:00.0,10140.0,-0.0,6.862339044586374,26.626420807309852,26.653578654618357,47.130001068115234,3.9189999103546143,3.9230000972747803,3.924999952316284,3.934999942779541,3.934000015258789,3.936000108718872,3.938999891281128,3.936000108718872,3.937999963760376,3.940000057220459,3.940000057220459,3.937999963760376
2025-07-21T18:19:10.0,10150.0,0.019999999552965164,6.862358139030391,26.619958309746565,26.65999984741211,47.09000015258789,3.9159998893737793,3.9200000762939453,3.921999931335449,3.934000015258789,3.933000087738037,3.934999942779541,3.937999963760376,3.934999942779541,3.937000036239624,3.938999891281128,3.937999963760376,3.937000036239624
2025-07-21T18:19:20.0,10160.0,-0.009999999776482582,6.862383330696494,26.61351444810481,26.65999984741211,47.06131933385675,3.9140000343322754,3.9189999103546143,3.9200000762939453,3.930999994277954,3.930000066757202,3.931999921798706,3.934999942779541,3.931999921798706,3.934000015258789,3.934999942779541,3.934999942779541,3.934000015258789
2025-07-21T18:19:30.0,10170.0,0.0034610388836772464,6.8623944251406925,26.607072661818034,26.65999984741211,47.04544816698347,3.9130001068115234,3.9170000553131104,3.9189999103546143,3.930000066757202,3.927999973297119,3.930999994277954,3.933000087738037,3.930999994277954,3.931999921798706,3.934000015258789,3.934000015258789,3.931999921798706
2025-07-21T18:19:40.0,10180.0,0.019999999552965164,6.862422889028947,26.60063336440539,26.65999984741211,47.02000045776367,3.9100000858306885,3.9149999618530273,3.9159998893737793,3.927000045776367,3.9260001182556152,3.927999973297119,3.930000066757202,3.927999973297119,3.930000066757202,3.931999921798706,3.930999994277954,3.930000066757202
2025-07-21T18:19:50.0,10190.0,0.019999999552965164,6.862461361250308,26.59423121551787,26.65999984741211,47.0,3.9089999198913574,3.9130001068115234,3.9149999618530273,3.9260001182556152,3.924999952316284,3.927000045776367,3.928999900817871,3.927000045776367,3.928999900817871,3.931999921798706,3.930999994277954,3.930000066757202
2025-07-21T18:20:00.0,10200.0,-0.0,6.86249268347183,26.58781916255423,26.66218083744577,46.9873192873868,3.9079999923706055,3.9119999408721924,3.9140000343322754,3.924999952316284,3.9240000247955322,3.9260001182556152,3.927999973297119,3.9260001182556152,3.927999973297119,3.928999900817871,3.928999900817871,3.927999973297119
2025-07-21T18:20:10.0,10210.0,-0.0,6.86249268347183,26.581379865141585,26.668620134858415,46.97760281852458,3.9059998989105225,3.9110000133514404,3.9119999408721924,3.9240000247955322,3.921999931335449,3.9240000247955322,3.9260001182556152,3.9240000247955322,3.9260001182556152,3.927999973297119,3.927000045776367,3.9260001182556152
2025-07-21T18:20:20.0,10220.0,-0.0,6.862499350138346,26.57493077542705,26.670000076293945,46.959999084472656,3.9049999713897705,3.9100000858306885,3.9119999408721924,3.9230000972747803,3.9210000038146973,3.9230000972747803,3.924999952316284,3.9230000972747803,3.924999952316284,3.9260001182556152,3.9260001182556152,3.924999952316284
2025-07-21T18:20:30.0,10230.0,-0.0,6.862499350138346,26.56999969482422,26.670000076293945,46.95000076293945,3.9040000438690186,3.9089999198913574,3.9110000133514404,3.921999931335449,3.9200000762939453,3.921999931335449,3.924999952316284,3.9230000972747803,3.924999952316284,3.9260001182556152,3.9260001182556152,3.9240000247955322
2025-07-21T18:20:40.0,10240.0,9.319999694824219,6.881513888751243,26.56999969482422,26.670000076293945,47.1036233109313,3.9040000438690186,3.9089999198913574,3.9110000133514404,3.921999931335449,3.9200000762939453,3.921999931335449,3.924999952316284,3.921999931335449,3.9240000247955322,3.933000087738037,3.931999921798706,3.930999994277954
2025-07-21T18:20:50.0,10250.0,8.732006286646106,6.9073147687478595,26.56999969482422,26.670000076293945,47.0322914767575,3.9119999408721924,3.9170000553131104,3.9189999103546143,3.928999900817871,3.927999973297119,3.930000066757202,3.933000087738037,3.930000066757202,3.931999921798706,3.933000087738037,3.933000087738037,3.931999921798706
2025-07-21T18:21:00.0,10260.0,9.140000343322754,6.931845482073731,26.56999969482422,26.670000076293945,47.060001373291016,3.9119999408721924,3.9170000553131104,3.9189999103546143,3.928999900817871,3.927999973297119,3.930000066757202,3.933000087738037,3.930000066757202,3.931999921798706,3.934000015258789,3.933000087738037,3.931999921798706
2025-07-21T18:21:10.0,10270.0,8.6899995803833,6.9561466206599345,26.56999969482422,26.670000076293945,47.07577434638875,3.9119999408721924,3.9170000553131104,3.9189999103546143,3.928999900817871,3.927999973297119,3.930000066757202,3.933000087738037,3.930000066757202,3.931999921798706,3.933000087738037,3.933000087738037,3.931999921798706
2025-07-21T18:21:20.0,10280.0,8.829999923706055,6.980510947824955,26.56999969482422,26.670000076293945,47.130001068115234,3.9119999408721924,3.9170000553131104,3.9189999103546143,3.928999900817871,3.927999973297119,3.930000066757202,3.933000087738037,3.930000066757202,3.931999921798706,3.934000015258789,3.933000087738037,3.931999921798706
2025-07-21T18:21:30.0,10290.0,8.710000038146973,7.004946492145434,26.569381384483705,26.670000076293945,46.970001220703125,3.9119999408721924,3.9170000553131104,3.9189999103546143,3.928999900817871,3.927999973297119,3.930000066757202,3.933000087738037,3.930999994277954,3.931999921798706,3.933000087738037,3.933000087738037,3.931999921798706
2025-07-21T18:21:40.0,10300.0,23.670000076293945,7.064800801852382,26.54987632642332,26.670000076293945,47.31999969482422,3.927000045776367,3.930999994277954,3.933000087738037,3.943000078201294,3.941999912261963,3.944000005722046,3.947999954223633,3.944000005722046,3.946000099182129,3.947000026702881,3.947000026702881,3.944999933242798
2025-07-21T18:21:50.0,10310.0,22.850000381469727,7.129324957563451,26.540000915527344,26.670000076293945,47.34000015258789,3.927000045776367,3.930999994277954,3.933000087738037,3.943000078201294,3.941999912261963,3.944999933242798,3.9489998817443848,3.944999933242798,3.947000026702881,3.947999954223633,3.947999954223633,3.946000099182129
2025-07-21T18:22:00.0,10320.0,23.0,7.193345775601436,26.540000915527344,26.670000076293945,47.380001068115234,3.928999900817871,3.934000015258789,3.934999942779541,3.944999933242798,3.944000005722046,3.946000099182129,3.950000047683716,3.946000099182129,3.947999954223633,3.950000047683716,3.9489998817443848,3.947999954223633
2025-07-21T18:22:10.0,10330.0,22.518647726220962,7.256318881420398,26.540000915527344,26.670000076293945,47.348157202028766,3.930000066757202,3.934000015258789,3.936000108718872,3.946000099182129,3.944999933242798,3.947999954223633,3.9519999027252197,3.947000026702881,3.9489998817443848,3.9509999752044678,3.9509999752044678,3.9489998817443848
2025-07-21T18:22:20.0,10340.0,22.190000534057617,7.318886341647939,26.537444800322817,26.670000076293945,47.41999816894531,3.930999994277954,3.934999942779541,3.937000036239624,3.947000026702881,3.946000099182129,3.947999954223633,3.9519999027252197,3.947999954223633,3.950000047683716,3.9519999027252197,3.9519999027252197,3.950000047683716
2025-07-21T18:22:30.0,10350.0,22.450000762939453,7.3810416262937615,26.531001353878334,26.670000076293945,47.380001068115234,3.931999921798706,3.936000108718872,3.937999963760376,3.947999954223633,3.947000026702881,3.9489998817443848,3.953000068664551,3.9489998817443848,3.9509999752044678,3.953000068664551,3.953000068664551,3.9509999752044678
2025-07-21T18:22:40.0,10360.0,22.618234172424696,7.444993243768847,26.530000686645508,26.670000076293945,47.41036365898187,3.934000015258789,3.937000036239624,3.938999891281128,3.9489998817443848,3.947999954223633,3.9509999752044678,3.9549999237060547,3.9509999752044678,3.953000068664551,3.9539999961853027,3.9539999961853027,3.9519999027252197
2025-07-21T18:22:50.0,10370.0,22.089876064940935,7.507443813198774,26.530000686645508,26.670000076293945,47.400001525878906,3.934000015258789,3.937999963760376,3.940000057220459,3.9489998817443848,3.947999954223633,3.9509999752044678,3.9549999237060547,3.9509999752044678,3.953000068664551,3.9539999961853027,3.9539999961853027,3.9519999027252197
2025-07-21T18:23:00.0,10380.0,21.8799991607666,7.568361491496665,26.530000686645508,26.670000076293945,47.380001068115234,3.934000015258789,3.937999963760376,3.940000057220459,3.9489998817443848,3.9489998817443848,3.9509999752044678,3.9549999237060547,3.9509999752044678,3.953000068664551,3.9549999237060547,3.9549999237060547,3.953000068664551
2025-07-21T18:23:10.0,10390.0,21.559999465942383,7.628703284321729,26.530000686645508,26.670000076293945,47.36000061035156,3.934999942779541,3.937999963760376,3.940999984741211,3.950000047683716,3.9489998817443848,3.9519999027252197,3.9560000896453857,3.9519999027252197,3.9539999961853027,3.9549999237060547,3.9549999237060547,3.953000068664551
2025-07-21T18:23:20.0,10400.0,21.84000015258789,7.68895693912331,26.531248782221805,26.672496267446537,47.360520431480666,3.934999942779541,3.938999891281128,3.940999984741211,3.950000047683716,3.9489998817443848,3.9519999027252197,3.9560000896453857,3.9519999027252197,3.9539999961853027,3.9549999237060547,3.9549999237060547,3.953000068664551
2025-07-21T18:23:30.0,10410.0,25.226470260364458,7.749452342510061,26.537692228666284,26.6853831603355,47.44879186270215,3.934999942779541,3.938999891281128,3.941999912261963,3.9509999752044678,3.950000047683716,3.9519999027252197,3.9560000896453857,3.9519999027252197,3.9539999961853027,3.9560000896453857,3.9560000896453857,3.9539999961853027
2025-07-21T18:23:40.0,10420.0,37.119998931884766,7.849377288239106,26.540000915527344,26.690000534057617,47.709999084472656,3.9489998817443848,3.9519999027252197,3.9539999961853027,3.9639999866485596,3.9630000591278076,3.9660000801086426,3.9709999561309814,3.9649999141693115,3.9679999351501465,3.9690001010894775,3.9690001010894775,3.9670000076293945
2025-07-21T18:23:50.0,10430.0,36.060001373291016,7.949471757284108,26.540000915527344,26.690567084492333,47.66617159959748,3.950000047683716,3.9539999961853027,3.9560000896453857,3.9660000801086426,3.9639999866485596,3.9670000076293945,3.9719998836517334,3.9660000801086426,3.9690001010894775,3.9700000286102295,3.9700000286102295,3.9679999351501465
2025-07-21T18:24:00.0,10440.0,35.02713649056173,8.046945138894554,26.540000915527344,26.697027180669227,47.661461590326326,3.9509999752044678,3.9549999237060547,3.9570000171661377,3.9660000801086426,3.9649999141693115,3.9679999351501465,3.9730000495910645,3.9679999351501465,3.9700000286102295,3.9719998836517334,3.9719998836517334,3.9700000286102295
2025-07-21T18:24:10.0,10450.0,34.75,8.143184818814962,26.540000915527344,26.700000762939453,47.68000030517578,3.9519999027252197,3.9560000896453857,3.9579999446868896,3.9679999351501465,3.9660000801086426,3.9690001010894775,3.9739999771118164,3.9690001010894775,3.9709999561309814,3.9730000495910645,3.9730000495910645,3.9709999561309814
2025-07-21T18:24:20.0,10460.0,35.099998474121094,8.240269385831988,26.540000915527344,26.700000762939453,47.720001220703125,3.953000068664551,3.9570000171661377,3.9590001106262207,3.9679999351501465,3.9670000076293945,3.9700000286102295,3.9749999046325684,3.9700000286102295,3.9719998836517334,3.9739999771118164,3.9739999771118164,3.9719998836517334
2025-07-21T18:24:30.0,10470.0,32.849998474121094,8.334349509883825,26.54634692037942,26.700000762939453,47.66999816894531,3.9539999961853027,3.9570000171661377,3.9590001106262207,3.9690001010894775,3.9679999351501465,3.9709999561309814,3.9760000705718994,3.9700000286102295,3.9730000495910645,3.9739999771118164,3.9739999771118164,3.9719998836517334
2025-07-21T18:24:40.0,10480.0,38.36000061035156,8.438471920687723,26.549999237060547,26.702815514876615,47.79999923706055,3.9590001106262207,3.9619998931884766,3.9649999141693115,3.9739999771118164,3.9730000495910645,3.9760000705718994,3.9809999465942383,3.9749999046325684,3.9779999256134033,3.9790000915527344,3.9790000915527344,3.9769999980926514
2025-07-21T18:24:50.0,10490.0,37.47999954223633,8.54214620910999,26.549999237060547,26.709320603707585,47.79697319377552,3.9590001106262207,3.9619998931884766,3.9649999141693115,3.9739999771118164,3.9730000495910645,3.9760000705718994,3.9809999465942383,3.9749999046325684,3.9779999256134033,3.9800000190734863,3.9800000190734863,3.9779999256134033
2025-07-21T18:25:00.0,10500.0,37.11000061035156,8.645292295250728,26.555789285547593,26.709999084472656,47.79999923706055,3.9600000381469727,3.9639999866485596,3.9660000801086426,3.9749999046325684,3.9739999771118164,3.9769999980926514,3.9820001125335693,3.9769999980926514,3.9790000915527344,3.9809999465942383,3.9809999465942383,3.9790000915527344
2025-07-21T18:25:10.0,10510.0,37.119998931884766,8.748383676151006,26.559999465942383,26.712266366534486,47.84000015258789,3.9609999656677246,3.9639999866485596,3.9670000076293945,3.9760000705718994,3.9749999046325684,3.9779999256134033,3.9830000400543213,3.9769999980926514,3.9790000915527344,3.9809999465942383,3.9809999465942383,3.9790000915527344
2025-07-21T18:25:20.0,10520.0,35.689998626708984,8.85090228347921,26.559999465942383,26.7187684659375,47.779998779296875,3.9619998931884766,3.9649999141693115,3.9670000076293945,3.9760000705718994,3.9749999046325684,3.9779999256134033,3.9830000400543213,3.9769999980926514,3.9800000190734863,3.9820001125335693,3.9820001125335693,3.9800000190734863
2025-07-21T18:25:30.0,10530.0,35.91546798062062,8.951168404727877,26.565219804354815,26.719999313354492,47.812128773762915,3.9619998931884766,3.9649999141693115,3.9679999351501465,3.9769999980926514,3.9760000705718994,3.9790000915527344,3.9839999675750732,3.9779999256134033,3.9809999465942383,3.9830000400543213,3.9830000400543213,3.9809999465942383
2025-07-21T18:25:40.0,10540.0,39.728732564851825,9.059423482708766,26.56999969482422,26.721674904370648,47.86205737084865,3.9670000076293945,3.9700000286102295,3.9719998836517334,3.9809999465942383,3.9800000190734863,3.9839999675750732,3.989000082015991,3.9830000400543213,3.984999895095825,3.986999988555908,3.986999988555908,3.984999895095825
2025-07-21T18:25:50.0,10550.0,39.849998474121094,9.169918196470837,26.56999969482422,26.728177003773663,47.880001068115234,3.9679999351501465,3.9700000286102295,3.9730000495910645,3.9820001125335693,3.9809999465942383,3.9839999675750732,3.990000009536743,3.9839999675750732,3.9860000610351562,3.98799991607666,3.98799991607666,3.9860000610351562
2025-07-21T18:26:00.0,10560.0,40.0099983215332,9.28098005854855,26.574643026905676,26.729999542236328,47.880001068115234,3.9690001010894775,3.9719998836517334,3.9749999046325684,3.9830000400543213,3.9820001125335693,3.9860000610351562,3.990999937057495,3.984999895095825,3.98799991607666,3.989000082015991,3.990000009536743,3.986999988555908
2025-07-21T18:26:10.0,10570.0,38.950078097752154,9.39118489360316,26.579999923706055,26.731102231541882,47.88593335825133,3.9690001010894775,3.9719998836517334,3.9749999046325684,3.9830000400543213,3.9820001125335693,3.9860000610351562,3.990999937057495,3.984999895095825,3.98799991607666,3.989000082015991,3.990000009536743,3.986999988555908
2025-07-21T18:26:20.0,10580.0,38.53516180112764,9.499310188585222,26.579999923706055,26.737600106058995,47.88999938964844,3.9700000286102295,3.9719998836517334,3.9749999046325684,3.9839999675750732,3.9830000400543213,3.9860000610351562,3.992000102996826,3.9860000610351562,3.98799991607666,3.990000009536743,3.990000009536743,3.98799991607666
2025-07-21T18:26:30.0,10590.0,38.57478987749886,9.606376335299114,26.584061188584208,26.739999771118164,47.90999984741211,3.9700000286102295,3.9730000495910645,3.9760000705718994,3.9839999675750732,3.9839999675750732,3.986999988555908,3.992000102996826,3.9860000610351562,3.989000082015991,3.990999937057495,3.990999937057495,3.98799991607666
2025-07-21T18:26:40.0,10600.0,29.809999465942383,9.697534470829272,26.59000015258789,26.739999771118164,47.810001373291016,3.9630000591278076,3.9660000801086426,3.9690001010894775,3.9769999980926514,3.9760000705718994,3.9800000190734863,3.9839999675750732,3.9790000915527344,3.9809999465942383,3.9830000400543213,3.9830000400543213,3.9809999465942383
2025-07-21T18:26:50.0,10610.0,27.719999313354492,9.778573212659463,26.59000015258789,26.739999771118164,47.720001220703125,3.9619998931884766,3.9649999141693115,3.9679999351501465,3.9760000705718994,3.9760000705718994,3.9790000915527344,3.9839999675750732,3.9779999256134033,3.9809999465942383,3.9830000400543213,3.9830000400543213,3.9809999465942383
2025-07-21T18:27:00.0,10620.0,29.290000915527344,9.856840987045867,26.59000015258789,26.739999771118164,47.77000045776367,3.9619998931884766,3.9649999141693115,3.9679999351501465,3.9760000705718994,3.9749999046325684,3.9790000915527344,3.9830000400543213,3.9779999256134033,3.9809999465942383,3.9820001125335693,3.9820001125335693,3.9800000190734863
2025-07-21T18:27:10.0,10630.0,28.202999985845853,9.937908331856036,26.59000015258789,26.739999771118164,47.744895151908835,3.9609999656677246,3.9639999866485596,3.9670000076293945,3.9749999046325684,3.9749999046325684,3.9779999256134033,3.9830000400543213,3.9779999256134033,3.9800000190734863,3.9820001125335693,3.9820001125335693,3.9800000190734863
2025-07-21T18:27:20.0,10640.0,28.700000762939453,10.015517923619319,26.59000015258789,26.739999771118164,47.779998779296875,3.9609999656677246,3.9639999866485596,3.9670000076293945,3.9749999046325684,3.9749999046325684,3.9779999256134033,3.9820001125335693,3.9769999980926514,3.9800000190734863,3.9820001125335693,3.9820001125335693,3.9790000915527344
2025-07-21T18:27:30.0,10650.0,28.038405595417807,10.093939128506817,26.60161584394494,26.74580789374322,47.75735359191893,3.9609999656677246,3.9639999866485596,3.9670000076293945,3.9749999046325684,3.9749999046325684,3.9779999256134033,3.9820001125335693,3.9769999980926514,3.9800000190734863,3.9809999465942383,3.9809999465942383,3.9790000915527344
2025-07-21T18:27:40.0,10660.0,32.53490835908238,10.176637803560203,26.62738840076112,26.758694786632184,47.84585742950441,3.9660000801086426,3.9679999351501465,3.9709999561309814,3.9800000190734863,3.9790000915527344,3.9820001125335693,3.986999988555908,3.9820001125335693,3.9839999675750732,3.9860000610351562,3.9860000610351562,3.9839999675750732
2025-07-21T18:27:50.0,10670.0,32.2400016784668,10.265545420969167,26.6299991607666,26.765843665615325,47.790000915527344,3.9649999141693115,3.9679999351501465,3.9709999561309814,3.9790000915527344,3.9790000915527344,3.9820001125335693,3.986999988555908,3.9809999465942383,3.9839999675750732,3.9860000610351562,3.9860000610351562,3.9839999675750732
2025-07-21T18:28:00.0,10680.0,31.219999313354492,10.353791437431811,26.632308432570493,26.772309729567564,47.79999923706055,3.9649999141693115,3.9679999351501465,3.9709999561309814,3.9800000190734863,3.9790000915527344,3.9820001125335693,3.986999988555908,3.9809999465942383,3.9839999675750732,3.9860000610351562,3.9860000610351562,3.9839999675750732
2025-07-21T18:28:10.0,10690.0,30.85791430878466,10.440846306602,26.638710627757327,26.778711924754397,47.84000015258789,3.9660000801086426,3.9679999351501465,3.9709999561309814,3.9800000190734863,3.9790000915527344,3.9820001125335693,3.986999988555908,3.9820001125335693,3.9839999675750732,3.9860000610351562,3.9860000610351562,3.9839999675750732
2025-07-21T18:28:20.0,10700.0,31.864991941080135,10.526718863616887,26.650285523335395,26.785143753488985,47.83000183105469,3.9660000801086426,3.9690001010894775,3.9709999561309814,3.9800000190734863,3.9790000915527344,3.9830000400543213,3.98799991607666,3.9820001125335693,3.984999895095825,3.9860000610351562,3.986999988555908,3.9839999675750732
2025-07-21T18:28:30.0,10710.0,31.57972718231685,10.613845463631256,26.65999984741211,26.791567616803306,47.81830690242044,3.9660000801086426,3.9690001010894775,3.9719998836517334,3.9809999465942383,3.9800000190734863,3.9830000400543213,3.98799991607666,3.9820001125335693,3.984999895095825,3.986999988555908,3.986999988555908,3.984999895095825
2025-07-21T18:28:40.0,10720.0,37.27000045776367,10.713398669409587,26.65999984741211,26.79794409737295,47.90999984741211,3.9719998836517334,3.9749999046325684,3.9779999256134033,3.9860000610351562,3.984999895095825,3.989000082015991,3.99399995803833,3.98799991607666,3.990999937057495,3.992000102996826,3.993000030517578,3.990000009536743
2025-07-21T18:28:50.0,10730.0,36.22999954223633,10.815988425410955,26.664363759268657,26.804363148917094,47.91999816894531,3.9719998836517334,3.9749999046325684,3.9769999980926514,3.9860000610351562,3.984999895095825,3.989000082015991,3.99399995803833,3.98799991607666,3.990999937057495,3.993000030517578,3.993000030517578,3.990999937057495
2025-07-21T18:29:00.0,10740.0,35.46004210227778,10.915850963553687,26.670797919250802,26.81079730889924,47.93000030517578,3.9730000495910645,3.9749999046325684,3.9779999256134033,3.986999988555908,3.9860000610351562,3.990000009536743,3.99399995803833,3.98799991607666,3.990999937057495,3.993000030517578,3.993000030517578,3.990999937057495
2025-07-21T18:29:10.0,10750.0,35.75,11.014559266889727,26.677196018343466,26.817195407991903,47.90999984741211,3.9730000495910645,3.9760000705718994,3.9779999256134033,3.986999988555908,3.9860000610351562,3.990000009536743,3.994999885559082,3.989000082015991,3.992000102996826,3.99399995803833,3.99399995803833,3.990999937057495
2025-07-21T18:29:20.0,10760.0,35.54819615847099,11.113170219121876,26.687234211889145,26.823616648180902,47.936281842485194,3.9739999771118164,3.9760000705718994,3.9790000915527344,3.98799991607666,3.986999988555908,3.990999937057495,3.996000051498413,3.990000009536743,3.992000102996826,3.99399995803833,3.99399995803833,3.992000102996826
2025-07-21T18:29:30.0,10770.0,35.439998626708984,11.210822527068823,26.700000762939453,26.829999923706055,47.93172869719276,3.9739999771118164,3.9769999980926514,3.9790000915527344,3.98799991607666,3.986999988555908,3.990999937057495,3.996000051498413,3.990000009536743,3.993000030517578,3.994999885559082,3.994999885559082,3.992000102996826
2025-07-21T18:29:40.0,10780.0,33.4900016784668,11.306334763716958,26.700000762939453,26.829999923706055,47.90999984741211,3.9719998836517334,3.9749999046325684,3.9779999256134033,3.9860000610351562,3.984999895095825,3.989000082015991,3.99399995803833,3.98799991607666,3.990999937057495,3.992000102996826,3.993000030517578,3.990000009536743
2025-07-21T18:29:50.0,10790.0,31.1299991607666,11.398689289883345,26.705891738649946,26.832945692485275,47.83000183105469,3.9709999561309814,3.9739999771118164,3.9769999980926514,3.984999895095825,3.984999895095825,3.98799991607666,3.993000030517578,3.986999988555908,3.990000009536743,3.992000102996826,3.992000102996826,3.990000009536743
2025-07-21T18:30:00.0,10800.0,30.43000030517578,11.484133983317848,26.7188190498426,26.839409964548516,47.88999938964844,3.9709999561309814,3.9739999771118164,3.9760000705718994,3.984999895095825,3.9839999675750732,3.98799991607666,3.992000102996826,3.986999988555908,3.990000009536743,3.992000102996826,3.992000102996826,3.990000009536743
2025-07-21T18:30:10.0,10810.0,30.20335670198708,11.56943327857531,26.725854473138593,26.84585531237199,47.84000015258789,3.9709999561309814,3.9730000495910645,3.9760000705718994,3.984999895095825,3.9839999675750732,3.98799991607666,3.992000102996826,3.986999988555908,3.990000009536743,3.990999937057495,3.992000102996826,3.989000082015991
2025-07-21T18:30:20.0,10820.0,29.643314102273006,11.65367939844751,26.729999542236328,26.852301724464663,47.880001068115234,3.9709999561309814,3.9730000495910645,3.9760000705718994,3.984999895095825,3.9839999675750732,3.98799991607666,3.992000102996826,3.986999988555908,3.990000009536743,3.992000102996826,3.992000102996826,3.989000082015991
2025-07-21T18:30:30.0,10830.0,29.324470710754113,11.73706781032069,26.729999542236328,26.85875348503359,47.851313417721414,3.9709999561309814,3.9739999771118164,3.9760000705718994,3.984999895095825,3.9839999675750732,3.98799991607666,3.993000030517578,3.986999988555908,3.990000009536743,3.992000102996826,3.992000102996826,3.990000009536743
2025-07-21T18:30:40.0,10840.0,29.559999465942383,11.819078820227354,26.73514443039894,26.865145498514174,47.869998931884766,3.9749999046325684,3.9769999980926514,3.9800000190734863,3.989000082015991,3.98799991607666,3.990999937057495,3.996999979019165,3.990999937057495,3.993000030517578,3.994999885559082,3.994999885559082,3.993000030517578
2025-07-21T18:30:50.0,10850.0,33.91999816894531,11.911229748487838,26.741543790933232,26.8715445645568,47.939998626708984,3.9749999046325684,3.9769999980926514,3.9800000190734863,3.989000082015991,3.98799991607666,3.992000102996826,3.996999979019165,3.990999937057495,3.99399995803833,3.996000051498413,3.996000051498413,3.99399995803833
2025-07-21T18:31:00.0,10860.0,34.11282330722344,12.005607192599344,26.748012244285,26.87801178417724,47.94118348796193,3.9760000705718994,3.9779999256134033,3.9809999465942383,3.990000009536743,3.989000082015991,3.993000030517578,3.997999906539917,3.992000102996826,3.994999885559082,3.996999979019165,3.996999979019165,3.994999885559082
2025-07-21T18:31:10.0,10870.0,34.040000915527344,12.099973011654054,26.75,26.88446541385909,47.939998626708984,3.9769999980926514,3.9790000915527344,3.9820001125335693,3.990999937057495,3.990000009536743,3.99399995803833,3.999000072479248,3.993000030517578,3.994999885559082,3.996999979019165,3.997999906539917,3.994999885559082
2025-07-21T18:31:20.0,10880.0,33.84000015258789,12.194285343592266,26.750914214472616,26.890913604121053,47.9540044042723,3.9769999980926514,3.9800000190734863,3.9820001125335693,3.990999937057495,3.990999937057495,3.99399995803833,3.999000072479248,3.993000030517578,3.996000051498413,3.997999906539917,3.997999906539917,3.996000051498413
2025-07-21T18:31:30.0,10890.0,33.43000030517578,12.287574659279024,26.757365975041544,26.897365364689982,47.95000076293945,3.9769999980926514,3.9790000915527344,3.9820001125335693,3.990999937057495,3.990000009536743,3.99399995803833,3.999000072479248,3.993000030517578,3.996000051498413,3.997999906539917,3.997999906539917,3.994999885559082
2025-07-21T18:31:40.0,10900.0,0.03973376657088579,12.34856714316942,26.763810361160896,26.899999618530273,47.44479901450021,3.947999954223633,3.9509999752044678,3.9539999961853027,3.9630000591278076,3.9619998931884766,3.9649999141693115,3.999000072479248,3.993000030517578,3.996000051498413,3.997999906539917,3.997999906539917,3.996000051498413
2025-07-21T18:31:50.0,10910.0,0.009999999776482582,12.348623259835358,26.770000457763672,26.90024962425232,47.400001525878906,3.944999933242798,3.9489998817443848,3.9509999752044678,3.9609999656677246,3.9600000381469727,3.9630000591278076,3.9649999141693115,3.9619998931884766,3.9639999866485596,3.9660000801086426,3.9660000801086426,3.9639999866485596
2025-07-21T18:32:00.0,10920.0,-0.0,12.348619212613226,26.770000457763672,26.906709720429216,47.36000061035156,3.941999912261963,3.944999933242798,3.947999954223633,3.9570000171661377,3.9560000896453857,3.9590001106262207,3.9619998931884766,3.9590001106262207,3.9609999656677246,3.9630000591278076,3.9619998931884766,3.9609999656677246
2025-07-21T18:32:10.0,10930.0,-0.0,12.348647709834811,26.770000457763672,26.913159610652492,47.33000183105469,3.940000057220459,3.944000005722046,3.946000099182129,3.9560000896453857,3.9549999237060547,3.9570000171661377,3.9600000381469727,3.9570000171661377,3.9590001106262207,3.9609999656677246,3.9609999656677246,3.9590001106262207
2025-07-21T18:32:20.0,10940.0,-0.0,12.348647709834811,26.770000457763672,26.919598908065137,47.29999923706055,3.937999963760376,3.940999984741211,3.943000078201294,3.953000068664551,3.9519999027252197,3.9539999961853027,3.9570000171661377,3.9539999961853027,3.9560000896453857,3.9579999446868896,3.9579999446868896,3.9560000896453857
2025-07-21T18:32:30.0,10950.0,0.009999999776482582,12.348651145945846,26.76395843803268,26.920000076293945,47.290000915527344,3.937000036239624,3.940999984741211,3.941999912261963,3.9519999027252197,3.9509999752044678,3.9539999961853027,3.9560000896453857,3.9539999961853027,3.9560000896453857,3.9579999446868896,3.9570000171661377,3.9549999237060547
2025-07-21T18:32:40.0,10960.0,7.670438032080746,12.359807373561289,26.760000228881836,26.920000076293945,47.396561949792535,3.940999984741211,3.944999933242798,3.947000026702881,3.9560000896453857,3.9549999237060547,3.9579999446868896,3.9609999656677246,3.9570000171661377,3.9600000381469727,3.9609999656677246,3.9609999656677246,3.9590001106262207
2025-07-21T18:32:50.0,10970.0,7.21999979019165,12.380692554373303,26.760000228881836,26.920000076293945,47.400001525878906,3.940999984741211,3.944000005722046,3.947000026702881,3.9549999237060547,3.9549999237060547,3.9570000171661377,3.9600000381469727,3.9570000171661377,3.9590001106262207,3.9609999656677246,3.9609999656677246,3.9590001106262207
2025-07-21T18:33:00.0,10980.0,7.463181589300024,12.40096627364923,26.760000228881836,26.920000076293945,47.29161878341666,3.940000057220459,3.944000005722046,3.946000099182129,3.9549999237060547,3.9539999961853027,3.9570000171661377,3.9600000381469727,3.9570000171661377,3.9590001106262207,3.9609999656677246,3.9600000381469727,3.9579999446868896
2025-07-21T18:33:10.0,10990.0,7.049153351957795,12.420987151244839,26.760000228881836,26.920000076293945,47.25,3.940000057220459,3.943000078201294,3.946000099182129,3.9549999237060547,3.9539999961853027,3.9560000896453857,3.9590001106262207,3.9560000896453857,3.9579999446868896,3.9600000381469727,3.9600000381469727,3.9579999446868896
2025-07-21T18:33:20.0,11000.0,7.092673387402838,12.441257798529955,26.760000228881836,26.920000076293945,47.34000015258789,3.938999891281128,3.943000078201294,3.944999933242798,3.9539999961853027,3.953000068664551,3.9560000896453857,3.9590001106262207,3.9560000896453857,3.9579999446868896,3.9590001106262207,3.9590001106262207,3.9579999446868896
2025-07-21T18:33:30.0,11010.0,7.159999847412109,12.460838104585502,26.760000228881836,26.920000076293945,47.31999969482422,3.938999891281128,3.943000078201294,3.944999933242798,3.9539999961853027,3.953000068664551,3.9560000896453857,3.9590001106262207,3.9549999237060547,3.9579999446868896,3.9590001106262207,3.9590001106262207,3.9570000171661377
2025-07-21T18:33:40.0,11020.0,18.84446609973904,12.490572979249915,26.760000228881836,26.920000076293945,47.5,3.938999891281128,3.941999912261963,3.944999933242798,3.9539999961853027,3.953000068664551,3.9549999237060547,3.9579999446868896,3.9549999237060547,3.9570000171661377,3.9590001106262207,3.9590001106262207,3.9570000171661377
2025-07-21T18:33:50.0,11030.0,18.799999237060547,12.542963848893338,26.760000228881836,26.920000076293945,47.540000915527344,3.950000047683716,3.953000068664551,3.9549999237060547,3.9639999866485596,3.9630000591278076,3.9660000801086426,3.9700000286102295,3.9660000801086426,3.9679999351501465,3.9700000286102295,3.9700000286102295,3.9679999351501465
2025-07-21T18:34:00.0,11040.0,18.420000076293945,12.59492502565804,26.760000228881836,26.920000076293945,47.529998779296875,3.9509999752044678,3.9539999961853027,3.9560000896453857,3.9649999141693115,3.9639999866485596,3.9670000076293945,3.9709999561309814,3.9670000076293945,3.9690001010894775,3.9709999561309814,3.9709999561309814,3.9690001010894775
2025-07-21T18:34:10.0,11050.0,18.780000686645508,12.6465255591212,26.760000228881836,26.920000076293945,47.560001373291016,3.9509999752044678,3.9549999237060547,3.9570000171661377,3.9660000801086426,3.9649999141693115,3.9679999351501465,3.9719998836517334,3.9679999351501465,3.9700000286102295,3.9719998836517334,3.9719998836517334,3.9690001010894775
2025-07-21T18:34:20.0,11060.0,18.627300666360306,12.698286984114608,26.760000228881836,26.920000076293945,47.60052913590974,3.9519999027252197,3.9549999237060547,3.9579999446868896,3.9670000076293945,3.9660000801086426,3.9690001010894775,3.9730000495910645,3.9679999351501465,3.9709999561309814,3.9719998836517334,3.9719998836517334,3.9700000286102295
2025-07-21T18:34:30.0,11070.0,18.3303852704615,12.74997677620513,26.760000228881836,26.920000076293945,47.599998474121094,3.9519999027252197,3.9560000896453857,3.9579999446868896,3.9670000076293945,3.9660000801086426,3.9690001010894775,3.9730000495910645,3.9690001010894775,3.9709999561309814,3.9730000495910645,3.9730000495910645,3.9709999561309814
2025-07-21T18:34:40.0,11080.0,18.095919605370533,12.800631809015234,26.760000228881836,26.920000076293945,47.586425340414415,3.953000068664551,3.9560000896453857,3.9590001106262207,3.9679999351501465,3.9670000076293945,3.9700000286102295,3.9739999771118164,3.9690001010894775,3.9719998836517334,3.9730000495910645,3.9730000495910645,3.9709999561309814
2025-07-21T18:34:50.0,11090.0,17.8799991607666,12.850883086199191,26.760000228881836,26.920000076293945,47.63999938964844,3.953000068664551,3.9570000171661377,3.9590001106262207,3.9679999351501465,3.9670000076293945,3.9700000286102295,3.9739999771118164,3.9700000286102295,3.9719998836517334,3.9739999771118164,3.9739999771118164,3.9719998836517334
2025-07-21T18:35:00.0,11100.0,17.704746687257447,12.90059980077316,26.760000228881836,26.920000076293945,47.575916163126614,3.9539999961853027,3.9570000171661377,3.9590001106262207,3.9679999351501465,3.9679999351501465,3.9700000286102295,3.9739999771118164,3.9700000286102295,3.9719998836517334,3.9739999771118164,3.9739999771118164,3.9719998836517334
2025-07-21T18:35:10.0,11110.0,17.829999923706055,12.949625460742277,26.760000228881836,26.920000076293945,47.536306353799695,3.9539999961853027,3.9570000171661377,3.9590001106262207,3.9690001010894775,3.9679999351501465,3.9709999561309814,3.9739999771118164,3.9700000286102295,3.9719998836517334,3.9739999771118164,3.9739999771118164,3.9719998836517334
2025-07-21T18:35:20.0,11120.0,17.440000534057617,12.998946646964775,26.760000228881836,26.942764179788043,47.599998474121094,3.9539999961853027,3.9570000171661377,3.9600000381469727,3.9690001010894775,3.9679999351501465,3.9709999561309814,3.9749999046325684,3.9700000286102295,3.9719998836517334,3.9739999771118164,3.9739999771118164,3.9719998836517334
2025-07-21T18:35:30.0,11130.0,17.06999969482422,13.047131482786034,26.760000228881836,26.959999084472656,47.650001525878906,3.9539999961853027,3.9570000171661377,3.9600000381469727,3.9690001010894775,3.9679999351501465,3.9709999561309814,3.9749999046325684,3.9709999561309814,3.9730000495910645,3.9739999771118164,3.9739999771118164,3.9719998836517334
2025-07-21T18:35:40.0,11140.0,17.60264255969551,13.095320351704453,26.760000228881836,26.959999084472656,47.611450531903444,3.9539999961853027,3.9579999446868896,3.9600000381469727,3.9690001010894775,3.9679999351501465,3.9709999561309814,3.9749999046325684,3.9709999561309814,3.9730000495910645,3.9749999046325684,3.9749999046325684,3.9719998836517334
2025-07-21T18:35:50.0,11150.0,17.440000534057617,13.144036146380069,26.760000228881836,26.959999084472656,47.53413602655584,3.9549999237060547,3.9579999446868896,3.9600000381469727,3.9690001010894775,3.9690001010894775,3.9709999561309814,3.9749999046325684,3.9709999561309814,3.9730000495910645,3.9749999046325684,3.9749999046325684,3.9730000495910645
2025-07-21T18:36:00.0,11160.0,17.43000030517578,13.192722071910925,26.760000228881836,26.959999084472656,47.52000045776367,3.9549999237060547,3.9579999446868896,3.9609999656677246,3.9700000286102295,3.9690001010894775,3.9719998836517334,3.9749999046325684,3.9709999561309814,3.9730000495910645,3.9749999046325684,3.9749999046325684,3.9730000495910645
2025-07-21T18:36:10.0,11170.0,17.559999465942383,13.241198268326613,26.760000228881836,26.959999084472656,47.59000015258789,3.9549999237060547,3.9579999446868896,3.9609999656677246,3.9700000286102295,3.9690001010894775,3.9719998836517334,3.9749999046325684,3.9709999561309814,3.9739999771118164,3.9749999046325684,3.9749999046325684,3.9730000495910645
2025-07-21T18:36:20.0,11180.0,17.239999771118164,13.289623561976711,26.760000228881836,26.968834125395745,47.630001068115234,3.9549999237060547,3.9579999446868896,3.9609999656677246,3.9700000286102295,3.9690001010894775,3.9719998836517334,3.9760000705718994,3.9719998836517334,3.9739999771118164,3.9749999046325684,3.9760000705718994,3.9739999771118164
2025-07-21T18:36:30.0,11190.0,17.450000762939453,13.337601470946698,26.760000228881836,26.979999542236328,47.55739350727624,3.9549999237060547,3.9590001106262207,3.9609999656677246,3.9700000286102295,3.9690001010894775,3.9719998836517334,3.9760000705718994,3.9719998836517334,3.9739999771118164,3.9760000705718994,3.9760000705718994,3.9739999771118164
2025-07-21T18:36:40.0,11200.0,17.494317687641406,13.386002806655526,26.760000228881836,26.979999542236328,47.599998474121094,3.9560000896453857,3.9590001106262207,3.9619998931884766,3.9709999561309814,3.9700000286102295,3.9730000495910645,3.9769999980926514,3.9719998836517334,3.9749999046325684,3.9760000705718994,3.9760000705718994,3.9739999771118164
2025-07-21T18:36:50.0,11210.0,17.984183709138424,13.435168257029282,26.760000228881836,26.979999542236328,47.59327452915166,3.9560000896453857,3.9600000381469727,3.9619998931884766,3.9709999561309814,3.9700000286102295,3.9730000495910645,3.9769999980926514,3.9730000495910645,3.9749999046325684,3.9769999980926514,3.9769999980926514,3.9749999046325684
2025-07-21T18:37:00.0,11220.0,17.68000030517578,13.48464169620457,26.760000228881836,26.979999542236328,47.619998931884766,3.9560000896453857,3.9600000381469727,3.9619998931884766,3.9709999561309814,3.9700000286102295,3.9730000495910645,3.9769999980926514,3.9730000495910645,3.9749999046325684,3.9769999980926514,3.9769999980926514,3.9749999046325684
2025-07-21T18:37:10.0,11230.0,17.25,13.533489194087416,26.760000228881836,26.979999542236328,47.58000183105469,3.9560000896453857,3.9600000381469727,3.9619998931884766,3.9709999561309814,3.9700000286102295,3.9730000495910645,3.9769999980926514,3.9730000495910645,3.9749999046325684,3.9769999980926514,3.9769999980926514,3.9749999046325684
2025-07-21T18:37:20.0,11240.0,16.969999313354492,13.580934759598797,26.760000228881836,26.979999542236328,47.53905093453147,3.9560000896453857,3.9590001106262207,3.9609999656677246,3.9709999561309814,3.9700000286102295,3.9730000495910645,3.9769999980926514,3.9730000495910645,3.9749999046325684,3.9769999980926514,3.9769999980926514,3.9749999046325684
2025-07-21T18:37:30.0,11250.0,16.666609870203352,13.627482995449661,26.760000228881836,26.979999542236328,47.58000183105469,3.9560000896453857,3.9600000381469727,3.9609999656677246,3.9709999561309814,3.9700000286102295,3.9730000495910645,3.9769999980926514,3.9730000495910645,3.9749999046325684,3.9769999980926514,3.9769999980926514,3.9749999046325684
2025-07-21T18:37:40.0,11260.0,26.3700008392334,13.684561730995139,26.760000228881836,26.979999542236328,47.7400016784668,3.9639999866485596,3.9670000076293945,3.9690001010894775,3.9790000915527344,3.9779999256134033,3.9809999465942383,3.9769999980926514,3.9730000495910645,3.9749999046325684,3.9769999980926514,3.9769999980926514,3.9749999046325684
2025-07-21T18:37:50.0,11270.0,24.39821119795702,13.754225681561323,26.760000228881836,26.98486594654818,47.68751643468553,3.9639999866485596,3.9670000076293945,3.9690001010894775,3.9790000915527344,3.9779999256134033,3.9809999465942383,3.984999895095825,3.9800000190734863,3.9820001125335693,3.9839999675750732,3.9839999675750732,3.9820001125335693
2025-07-21T18:38:00.0,11280.0,22.6200008392334,13.81878499468269,26.760000228881836,26.997753669831685,47.7400016784668,3.9639999866485596,3.9670000076293945,3.9690001010894775,3.9790000915527344,3.9779999256134033,3.9809999465942383,3.984999895095825,3.9800000190734863,3.9820001125335693,3.9839999675750732,3.9839999675750732,3.9820001125335693
2025-07-21T18:38:10.0,11290.0,22.71254977057941,13.881618330347234,26.760000228881836,27.0,47.7400016784668,3.9639999866485596,3.9670000076293945,3.9690001010894775,3.9790000915527344,3.9779999256134033,3.9809999465942383,3.984999895095825,3.9800000190734863,3.9830000400543213,3.984999895095825,3.984999895095825,3.9820001125335693
2025-07-21T18:38:20.0,11300.0,22.6299991607666,13.945322543936793,26.760000228881836,27.00181036401564,47.689998626708984,3.9639999866485596,3.9670000076293945,3.9690001010894775,3.9790000915527344,3.9779999256134033,3.9809999465942383,3.984999895095825,3.9809999465942383,3.9830000400543213,3.984999895095825,3.984999895095825,3.9830000400543213
2025-07-21T18:38:30.0,11310.0,22.967642770494823,14.008969002948824,26.760000228881836,27.00826212458457,47.70664670607623,3.9649999141693115,3.9679999351501465,3.9700000286102295,3.9800000190734863,3.9790000915527344,3.9820001125335693,3.9860000610351562,3.9809999465942383,3.9839999675750732,3.984999895095825,3.984999895095825,3.9830000400543213
2025-07-21T18:38:40.0,11320.0,32.50341484020303,14.08125524971057,26.760000228881836,27.010000228881836,47.88999938964844,3.9739999771118164,3.9769999980926514,3.9790000915527344,3.98799991607666,3.986999988555908,3.990000009536743,3.994999885559082,3.990000009536743,3.992000102996826,3.99399995803833,3.99399995803833,3.992000102996826
2025-07-21T18:38:50.0,11330.0,31.09000015258789,14.17004138052459,26.760000228881836,27.010000228881836,47.900001525878906,3.9739999771118164,3.9769999980926514,3.9790000915527344,3.989000082015991,3.98799991607666,3.990999937057495,3.996000051498413,3.990999937057495,3.993000030517578,3.994999885559082,3.994999885559082,3.993000030517578
2025-07-21T18:39:00.0,11340.0,30.6299991607666,14.2555889291943,26.760000228881836,27.010000228881836,47.88999938964844,3.9749999046325684,3.9779999256134033,3.9800000190734863,3.990000009536743,3.989000082015991,3.992000102996826,3.996999979019165,3.990999937057495,3.99399995803833,3.996000051498413,3.996000051498413,3.99399995803833
2025-07-21T18:39:10.0,11350.0,30.229999542236328,14.340137204948487,26.760000228881836,27.014037214482872,47.900001525878906,3.9749999046325684,3.9779999256134033,3.9809999465942383,3.990000009536743,3.989000082015991,3.992000102996826,3.996999979019165,3.990999937057495,3.99399995803833,3.996000051498413,3.996000051498413,3.99399995803833
2025-07-21T18:39:20.0,11360.0,29.986399197772492,14.424054385409843,26.760000228881836,27.020000457763672,47.89163474106205,3.9760000705718994,3.9790000915527344,3.9809999465942383,3.990999937057495,3.990000009536743,3.993000030517578,3.997999906539917,3.993000030517578,3.994999885559082,3.996999979019165,3.996999979019165,3.994999885559082
2025-07-21T18:39:30.0,11370.0,29.719999313354492,14.507256075053704,26.760000228881836,27.020000457763672,47.89709506862113,3.9769999980926514,3.9800000190734863,3.9820001125335693,3.992000102996826,3.990999937057495,3.99399995803833,3.999000072479248,3.99399995803833,3.996000051498413,3.997999906539917,3.997999906539917,3.996000051498413
2025-07-21T18:39:40.0,11380.0,32.27000045776367,14.592493672373518,26.763415523039612,27.023415751921448,47.959999084472656,3.9800000190734863,3.9820001125335693,3.984999895095825,3.99399995803833,3.993000030517578,3.996999979019165,4.001999855041504,3.996000051498413,3.999000072479248,4.000999927520752,4.000999927520752,3.999000072479248
2025-07-21T18:39:50.0,11390.0,31.219999313354492,14.680775576291573,26.76986312386607,27.029863352747906,47.93000030517578,3.9790000915527344,3.9820001125335693,3.984999895095825,3.99399995803833,3.993000030517578,3.996999979019165,4.001999855041504,3.996000051498413,3.999000072479248,4.000999927520752,4.000999927520752,3.997999906539917
2025-07-21T18:40:00.0,11400.0,29.659071922302093,14.766188306469875,26.770000457763672,27.030000686645508,47.93000030517578,3.9790000915527344,3.9820001125335693,3.984999895095825,3.99399995803833,3.993000030517578,3.996999979019165,4.000999927520752,3.996000051498413,3.997999906539917,4.0,4.0,3.997999906539917
2025-07-21T18:40:10.0,11410.0,29.399999618530273,14.848533341855958,26.77258862343717,27.032588852319005,47.93000030517578,3.9790000915527344,3.9820001125335693,3.984999895095825,3.99399995803833,3.993000030517578,3.996999979019165,4.001999855041504,3.996000051498413,3.999000072479248,4.000999927520752,4.000999927520752,3.997999906539917
2025-07-21T18:40:20.0,11420.0,29.59000015258789,14.930083850002774,26.77903165473788,27.039031883619717,47.939998626708984,3.9800000190734863,3.9820001125335693,3.984999895095825,3.994999885559082,3.99399995803833,3.996999979019165,4.001999855041504,3.996999979019165,3.999000072479248,4.000999927520752,4.000999927520752,3.999000072479248
2025-07-21T18:40:30.0,11430.0,29.488772799751985,15.011500673294023,26.780000686645508,27.040000915527344,47.967448727496254,3.9800000190734863,3.9830000400543213,3.9860000610351562,3.994999885559082,3.99399995803833,3.997999906539917,4.001999855041504,3.996999979019165,4.0,4.000999927520752,4.000999927520752,3.999000072479248
2025-07-21T18:40:40.0,11440.0,29.190000534057617,15.093418461903422,26.780000686645508,27.040000915527344,47.959999084472656,3.9820001125335693,3.984999895095825,3.986999988555908,3.996999979019165,3.996000051498413,3.999000072479248,4.004000186920166,3.997999906539917,4.000999927520752,4.002999782562256,4.002999782562256,4.000999927520752
2025-07-21T18:40:50.0,11450.0,29.09000015258789,15.174337878779792,26.780000686645508,27.040000915527344,47.9900016784668,3.9809999465942383,3.9839999675750732,3.986999988555908,3.996000051498413,3.994999885559082,3.999000072479248,4.004000186920166,3.997999906539917,4.000999927520752,4.001999855041504,4.002999782562256,4.0
2025-07-21T18:41:00.0,11460.0,29.299999237060547,15.254194843590483,26.780000686645508,27.04475523248658,47.95000076293945,3.9809999465942383,3.9839999675750732,3.9860000610351562,3.996000051498413,3.994999885559082,3.999000072479248,4.002999782562256,3.997999906539917,4.0,4.001999855041504,4.002999782562256,4.0
2025-07-21T18:41:10.0,11470.0,28.252016880886153,15.333706323713155,26.781163820063025,27.049999237060547,47.960000356038414,3.9809999465942383,3.9839999675750732,3.986999988555908,3.996000051498413,3.994999885559082,3.999000072479248,4.002999782562256,3.997999906539917,4.000999927520752,4.001999855041504,4.002999782562256,4.0
2025-07-21T18:41:20.0,11480.0,27.892169799056866,15.412797234522987,26.787636460115994,27.049999237060547,47.9569210919467,3.9809999465942383,3.9839999675750732,3.986999988555908,3.996999979019165,3.994999885559082,3.999000072479248,4.004000186920166,3.997999906539917,4.000999927520752,4.002999782562256,4.002999782562256,4.000999927520752
2025-07-21T18:41:30.0,11490.0,27.1299991607666,15.490028650664179,26.794089790963636,27.05408889251886,47.95000076293945,3.9820001125335693,3.984999895095825,3.986999988555908,3.996999979019165,3.996000051498413,3.999000072479248,4.004000186920166,3.999000072479248,4.000999927520752,4.002999782562256,4.002999782562256,4.000999927520752
2025-07-21T18:41:40.0,11500.0,28.360000610351562,15.567344430628307,26.799999237060547,27.06053718956301,47.9900016784668,3.9830000400543213,3.9860000610351562,3.989000082015991,3.997999906539917,3.996999979019165,4.000999927520752,4.00600004196167,4.0,4.002999782562256,4.005000114440918,4.005000114440918,4.001999855041504
2025-07-21T18:41:50.0,11510.0,28.729999542236328,15.646397345418357,26.799999237060547,27.067039288966026,48.0,3.9830000400543213,3.9860000610351562,3.98799991607666,3.997999906539917,3.996999979019165,4.000999927520752,4.005000114440918,4.0,4.001999855041504,4.004000186920166,4.005000114440918,4.001999855041504
2025-07-21T18:42:00.0,11520.0,27.342967894170325,15.724624051854828,26.799999237060547,27.06999969482422,47.959999084472656,3.9830000400543213,3.9860000610351562,3.98799991607666,3.997999906539917,3.996999979019165,4.000999927520752,4.005000114440918,4.0,4.001999855041504,4.004000186920166,4.005000114440918,4.001999855041504
2025-07-21T18:42:10.0,11530.0,26.34000015258789,15.801921699078303,26.799999237060547,27.06999969482422,48.0,3.9820001125335693,3.984999895095825,3.98799991607666,3.997999906539917,3.996999979019165,4.0,4.005000114440918,4.0,4.001999855041504,4.004000186920166,4.005000114440918,4.001999855041504
2025-07-21T18:42:20.0,11540.0,26.00500701309706,15.874612900464225,26.799999237060547,27.076430207079895,47.95119637185061,3.9820001125335693,3.984999895095825,3.98799991607666,3.996999979019165,3.996000051498413,4.0,4.004000186920166,3.999000072479248,4.001999855041504,4.004000186920166,4.004000186920166,4.000999927520752
2025-07-21T18:42:30.0,11550.0,25.34000015258789,15.94789544947037,26.799999237060547,27.079999923706055,47.93000030517578,3.9820001125335693,3.984999895095825,3.98799991607666,3.996999979019165,3.996000051498413,4.0,4.004000186920166,3.999000072479248,4.001999855041504,4.004000186920166,4.004000186920166,4.000999927520752
2025-07-21T18:42:40.0,11560.0,26.799999237060547,16.020716453924663,26.799999237060547,27.079999923706055,47.939998626708984,3.9820001125335693,3.984999895095825,3.98799991607666,3.996999979019165,3.996000051498413,4.0,4.005000114440918,3.999000072479248,4.001999855041504,4.004000186920166,4.004000186920166,4.001999855041504
2025-07-21T18:42:50.0,11570.0,6.650000095367432,16.082024216253846,26.799999237060547,27.079999923706055,47.54549556487107,3.9639999866485596,3.9670000076293945,3.9700000286102295,3.9800000190734863,3.9790000915527344,3.9820001125335693,3.984999895095825,3.9809999465942383,3.9839999675750732,3.98799991607666,3.98799991607666,3.984999895095825
2025-07-21T18:43:00.0,11580.0,6.46999979019165,16.099996032927923,26.799999237060547,27.079999923706055,47.58000183105469,3.9639999866485596,3.9670000076293945,3.9700000286102295,3.9800000190734863,3.9790000915527344,3.9820001125335693,3.984999895095825,3.9809999465942383,3.9839999675750732,3.984999895095825,3.984999895095825,3.9830000400543213
2025-07-21T18:43:10.0,11590.0,6.409999847412109,16.117754332853114,26.799999237060547,27.079999923706055,47.58000183105469,3.9600000381469727,3.9639999866485596,3.9660000801086426,3.9760000705718994,3.9749999046325684,3.9779999256134033,3.9809999465942383,3.9779999256134033,3.9800000190734863,3.9809999465942383,3.9809999465942383,3.9790000915527344
2025-07-21T18:43:20.0,11600.0,6.282402745159993,16.135221880189935,26.799999237060547,27.079999923706055,47.525293347742654,3.9590001106262207,3.9619998931884766,3.9649999141693115,3.9739999771118164,3.9739999771118164,3.9769999980926514,3.9800000190734863,3.9760000705718994,3.9790000915527344,3.9809999465942383,3.9809999465942383,3.9779999256134033
2025-07-21T18:43:30.0,11610.0,6.230000019073486,16.15258106620533,26.799999237060547,27.079999923706055,47.47999954223633,3.9570000171661377,3.9609999656677246,3.9630000591278076,3.9730000495910645,3.9719998836517334,3.9749999046325684,3.9779999256134033,3.9749999046325684,3.9769999980926514,3.9790000915527344,3.9790000915527344,3.9769999980926514
2025-07-21T18:43:40.0,11620.0,6.340000152587891,16.170143502681217,26.799999237060547,27.079999923706055,47.58000183105469,3.9560000896453857,3.9600000381469727,3.9630000591278076,3.9719998836517334,3.9709999561309814,3.9739999771118164,3.9779999256134033,3.9739999771118164,3.9760000705718994,3.9860000610351562,3.986999988555908,3.9839999675750732
2025-07-21T18:43:50.0,11630.0,16.469999313354492,16.20523947787837,26.799999237060547,27.079999923706055,47.67586843317202,3.9560000896453857,3.9600000381469727,3.9630000591278076,3.9719998836517334,3.9709999561309814,3.9739999771118164,3.9779999256134033,3.9739999771118164,3.9760000705718994,3.9860000610351562,3.986999988555908,3.9839999675750732
2025-07-21T18:44:00.0,11640.0,15.60304113216078,16.249999708244495,26.799999237060547,27.079999923706055,47.72254902573882,3.9649999141693115,3.9690001010894775,3.9709999561309814,3.9809999465942383,3.9800000190734863,3.9830000400543213,3.986999988555908,3.9830000400543213,3.984999895095825,3.986999988555908,3.986999988555908,3.984999895095825
2025-07-21T18:44:10.0,11650.0,15.310259444373036,16.29323563625305,26.799999237060547,27.079999923706055,47.7400016784668,3.9649999141693115,3.9690001010894775,3.9709999561309814,3.9809999465942383,3.9800000190734863,3.9830000400543213,3.986999988555908,3.9830000400543213,3.984999895095825,3.986999988555908,3.986999988555908,3.984999895095825
2025-07-21T18:44:20.0,11660.0,14.949999809265137,16.335272911134254,26.799999237060547,27.0874570881335,47.7400016784668,3.9649999141693115,3.9690001010894775,3.9709999561309814,3.9809999465942383,3.9800000190734863,3.9830000400543213,3.986999988555908,3.9830000400543213,3.984999895095825,3.986999988555908,3.986999988555908,3.984999895095825
2025-07-21T18:44:30.0,11670.0,15.15999984741211,16.377147818807188,26.799999237060547,27.100000381469727,47.70000076293945,3.9649999141693115,3.9690001010894775,3.9709999561309814,3.9809999465942383,3.9800000190734863,3.9830000400543213,3.986999988555908,3.9830000400543213,3.984999895095825,3.986999988555908,3.986999988555908,3.984999895095825
2025-07-21T18:44:40.0,11680.0,23.03501302050318,16.423229176901405,26.799999237060547,27.100000381469727,47.78986373841569,3.9649999141693115,3.9690001010894775,3.9709999561309814,3.9809999465942383,3.9800000190734863,3.9830000400543213,3.986999988555908,3.9830000400543213,3.984999895095825,3.986999988555908,3.986999988555908,3.984999895095825
2025-07-21T18:44:50.0,11690.0,21.97325990107174,16.48522952650092,26.799999237060547,27.10308692805634,47.785343791912105,3.9719998836517334,3.9749999046325684,3.9779999256134033,3.98799991607666,3.986999988555908,3.990000009536743,3.99399995803833,3.990000009536743,3.992000102996826,3.99399995803833,3.99399995803833,3.992000102996826
2025-07-21T18:45:00.0,11700.0,21.770000457763672,16.546471365883306,26.799999237060547,27.10958902745935,47.810001373291016,3.9730000495910645,3.9760000705718994,3.9790000915527344,3.989000082015991,3.98799991607666,3.990999937057495,3.994999885559082,3.990999937057495,3.993000030517578,3.994999885559082,3.994999885559082,3.993000030517578
2025-07-21T18:45:10.0,11710.0,21.760000228881836,16.60518162574419,26.79394139244208,27.116059610606165,47.810001373291016,3.9730000495910645,3.9760000705718994,3.9779999256134033,3.989000082015991,3.98799991607666,3.990999937057495,3.994999885559082,3.990000009536743,3.993000030517578,3.994999885559082,3.994999885559082,3.993000030517578
2025-07-21T18:45:20.0,11720.0,20.12448099433603,16.66294903702069,26.790000915527344,27.1200008392334,47.817901740977966,3.9730000495910645,3.9769999980926514,3.9790000915527344,3.989000082015991,3.98799991607666,3.990999937057495,3.994999885559082,3.990999937057495,3.993000030517578,3.994999885559082,3.994999885559082,3.993000030517578
2025-07-21T18:45:30.0,11730.0,19.667598318124835,16.718703533770462,26.790000915527344,27.1200008392334,47.81999969482422,3.9730000495910645,3.9769999980926514,3.9790000915527344,3.989000082015991,3.98799991607666,3.990999937057495,3.994999885559082,3.990999937057495,3.993000030517578,3.994999885559082,3.994999885559082,3.993000030517578
2025-07-21T18:45:40.0,11740.0,24.863156060609445,16.774541562655457,26.790000915527344,27.1200008392334,47.88456534965613,3.9779999256134033,3.9809999465942383,3.9839999675750732,3.99399995803833,3.993000030517578,3.996000051498413,3.996000051498413,3.990999937057495,3.993000030517578,3.994999885559082,3.996000051498413,3.993000030517578
2025-07-21T18:45:50.0,11750.0,25.43000030517578,16.844051208725194,26.790000915527344,27.12182849633325,47.88999938964844,3.9779999256134033,3.9820001125335693,3.9839999675750732,3.99399995803833,3.993000030517578,3.996000051498413,4.000999927520752,3.996000051498413,3.997999906539917,4.0,4.0,3.997999906539917
2025-07-21T18:46:00.0,11760.0,24.4162148531748,16.912960656766053,26.790000915527344,27.128270713815983,47.91772552629765,3.9790000915527344,3.9820001125335693,3.984999895095825,3.994999885559082,3.99399995803833,3.996999979019165,4.000999927520752,3.996000051498413,3.999000072479248,4.000999927520752,4.000999927520752,3.999000072479248
2025-07-21T18:46:10.0,11770.0,24.959999084472656,16.980777711280407,26.790000915527344,27.1299991607666,47.880001068115234,3.9790000915527344,3.9830000400543213,3.984999895095825,3.994999885559082,3.99399995803833,3.996999979019165,4.001999855041504,3.996999979019165,3.999000072479248,4.000999927520752,4.000999927520752,3.999000072479248
2025-07-21T18:46:20.0,11780.0,24.809999465942383,17.049328835073798,26.790000915527344,27.1299991607666,47.90999984741211,3.9790000915527344,3.9830000400543213,3.984999895095825,3.994999885559082,3.99399995803833,3.997999906539917,4.001999855041504,3.996999979019165,3.999000072479248,4.000999927520752,4.001999855041504,3.999000072479248
2025-07-21T18:46:30.0,11790.0,23.56999969482422,17.11695831160567,26.790000915527344,27.1299991607666,47.939998626708984,3.9800000190734863,3.9830000400543213,3.984999895095825,3.996000051498413,3.99399995803833,3.997999906539917,4.001999855041504,3.996999979019165,4.0,4.001999855041504,4.001999855041504,4.0
2025-07-21T18:46:40.0,11800.0,28.40999984741211,17.183821556016294,26.790000915527344,27.1299991607666,47.97999954223633,3.9800000190734863,3.9830000400543213,3.9860000610351562,3.996000051498413,3.994999885559082,3.997999906539917,4.002999782562256,3.997999906539917,4.0,4.00600004196167,4.00600004196167,4.004000186920166
2025-07-21T18:46:50.0,11810.0,27.456021037782726,17.261545655632236,26.790533343853678,27.130531690662625,47.98912748627317,3.984999895095825,3.98799991607666,3.990000009536743,4.0,3.999000072479248,4.001999855041504,4.006999969482422,4.001999855041504,4.004000186920166,4.00600004196167,4.006999969482422,4.004000186920166
2025-07-21T18:47:00.0,11820.0,26.690000534057617,17.337922934947233,26.79697141309592,27.13697098807527,48.0,3.984999895095825,3.98799991607666,3.990999937057495,4.000999927520752,4.0,4.002999782562256,4.007999897003174,4.001999855041504,4.005000114440918,4.006999969482422,4.006999969482422,4.005000114440918
2025-07-21T18:47:10.0,11830.0,26.729999542236328,17.412515262635768,26.799999237060547,27.139999389648438,47.9900016784668,3.9860000610351562,3.989000082015991,3.990999937057495,4.000999927520752,4.0,4.004000186920166,4.007999897003174,4.002999782562256,4.00600004196167,4.007999897003174,4.007999897003174,4.00600004196167
2025-07-21T18:47:20.0,11840.0,26.665688699128673,17.486765261364205,26.799999237060547,27.139999389648438,47.97322135606769,3.9860000610351562,3.989000082015991,3.992000102996826,4.001999855041504,4.000999927520752,4.004000186920166,4.008999824523926,4.004000186920166,4.00600004196167,4.007999897003174,4.007999897003174,4.00600004196167
2025-07-21T18:47:30.0,11850.0,26.40140835278985,17.560578608896158,26.799999237060547,27.146337807915874,47.970001220703125,3.9860000610351562,3.989000082015991,3.992000102996826,4.001999855041504,4.000999927520752,4.005000114440918,4.008999824523926,4.004000186920166,4.00600004196167,4.007999897003174,4.008999824523926,4.00600004196167
2025-07-21T18:47:40.0,11860.0,6.369999885559082,17.62393914535889,26.799999237060547,27.14721798270019,47.720001220703125,3.986999988555908,3.990000009536743,3.993000030517578,4.002999782562256,4.001999855041504,4.005000114440918,4.010000228881836,4.004000186920166,4.006999969482422,4.008999824523926,4.008999824523926,4.006999969482422
2025-07-21T18:47:50.0,11870.0,6.730000019073486,17.641979734171585,26.799999237060547,27.14077453625571,47.77000045776367,3.9679999351501465,3.9719998836517334,3.9749999046325684,3.984999895095825,3.9839999675750732,3.986999988555908,3.990000009536743,3.986999988555908,3.989000082015991,3.990999937057495,3.990999937057495,3.989000082015991
2025-07-21T18:48:00.0,11880.0,6.048227326900849,17.6598428756581,26.799999237060547,27.139999389648438,47.575025783885614,3.9660000801086426,3.9700000286102295,3.9719998836517334,3.9820001125335693,3.9809999465942383,3.984999895095825,3.98799991607666,3.984999895095825,3.986999988555908,3.989000082015991,3.989000082015991,3.986999988555908
2025-07-21T18:48:10.0,11890.0,5.949999809265137,17.676970273176256,26.799999237060547,27.139999389648438,47.54999923706055,3.9649999141693115,3.9679999351501465,3.9709999561309814,3.9809999465942383,3.9800000190734863,3.9830000400543213,3.9860000610351562,3.9830000400543213,3.984999895095825,3.986999988555908,3.986999988555908,3.984999895095825
2025-07-21T18:48:20.0,11900.0,6.239999771118164,17.693505058756628,26.799999237060547,27.139999389648438,47.49674166394521,3.9639999866485596,3.9679999351501465,3.9700000286102295,3.9800000190734863,3.9790000915527344,3.9820001125335693,3.984999895095825,3.9820001125335693,3.9839999675750732,3.9860000610351562,3.9860000610351562,3.9839999675750732
2025-07-21T18:48:30.0,11910.0,5.940000057220459,17.71049572531762,26.799999237060547,27.139999389648438,47.630001068115234,3.9630000591278076,3.9670000076293945,3.9690001010894775,3.9790000915527344,3.9779999256134033,3.9809999465942383,3.9839999675750732,3.9809999465942383,3.9830000400543213,3.984999895095825,3.984999895095825,3.9830000400543213
2025-07-21T18:48:40.0,11920.0,15.472396541626118,17.732108472651596,26.798623090737014,27.141375798495115,47.720215984980264,3.9619998931884766,3.9660000801086426,3.9679999351501465,3.9779999256134033,3.9769999980926514,3.9800000190734863,3.9830000400543213,3.9800000190734863,3.9820001125335693,3.990999937057495,3.990999937057495,3.989000082015991
2025-07-21T18:48:50.0,11930.0,14.834137320050944,17.775323458402113,26.792180458136198,27.147819660136868,47.684405634761625,3.9690001010894775,3.9730000495910645,3.9749999046325684,3.9860000610351562,3.984999895095825,3.98799991607666,3.990999937057495,3.986999988555908,3.990000009536743,3.990999937057495,3.992000102996826,3.989000082015991
2025-07-21T18:49:00.0,11940.0,14.619999885559082,17.816135686587184,26.790000915527344,27.15427979411314,47.753187532132166,3.9690001010894775,3.9730000495910645,3.9749999046325684,3.9860000610351562,3.984999895095825,3.98799991607666,3.990999937057495,3.986999988555908,3.990000009536743,3.990999937057495,3.992000102996826,3.989000082015991
2025-07-21T18:49:10.0,11950.0,14.170000076293945,17.85596825609812,26.790000915527344,27.15999984741211,47.7400016784668,3.9690001010894775,3.9730000495910645,3.9749999046325684,3.9860000610351562,3.984999895095825,3.98799991607666,3.990999937057495,3.986999988555908,3.990000009536743,3.990999937057495,3.992000102996826,3.990000009536743
2025-07-21T18:49:20.0,11960.0,14.185111292047461,17.895453141513887,26.790000915527344,27.15999984741211,47.758797804101725,3.9690001010894775,3.9730000495910645,3.9749999046325684,3.9860000610351562,3.984999895095825,3.98799991607666,3.992000102996826,3.98799991607666,3.990000009536743,3.992000102996826,3.992000102996826,3.990000009536743
2025-07-21T18:49:30.0,11970.0,14.088980662900715,17.93452883919844,26.78636616859286,27.15999984741211,47.73207188026577,3.9700000286102295,3.9730000495910645,3.9749999046325684,3.9860000610351562,3.984999895095825,3.98799991607666,3.992000102996826,3.98799991607666,3.990000009536743,3.992000102996826,3.992000102996826,3.990000009536743
2025-07-21T18:49:40.0,11980.0,14.489918316384024,17.973610478485647,26.780000686645508,27.15999984741211,47.7400016784668,3.9700000286102295,3.9730000495910645,3.9749999046325684,3.9860000610351562,3.984999895095825,3.98799991607666,3.992000102996826,3.98799991607666,3.990000009536743,3.992000102996826,3.992000102996826,3.990000009536743
2025-07-21T18:49:50.0,11990.0,23.130363750457647,18.035581439382987,26.780000686645508,27.15999984741211,47.89098075584129,3.9790000915527344,3.9820001125335693,3.9839999675750732,3.994999885559082,3.99399995803833,3.996999979019165,4.000999927520752,3.996999979019165,3.999000072479248,4.000999927520752,4.000999927520752,3.999000072479248
2025-07-21T18:50:00.0,12000.0,23.100000381469727,18.09851621026909,26.780000686645508,27.15999984741211,47.90999984741211,3.9790000915527344,3.9830000400543213,3.984999895095825,3.994999885559082,3.99399995803833,3.997999906539917,4.001999855041504,3.996999979019165,3.999000072479248,4.000999927520752,4.001999855041504,3.999000072479248
2025-07-21T18:50:10.0,12010.0,22.649999618530273,18.162454252607777,26.780000686645508,27.15999984741211,47.93000030517578,3.9800000190734863,3.9839999675750732,3.9860000610351562,3.996000051498413,3.994999885559082,3.997999906539917,4.002999782562256,3.997999906539917,4.0,4.001999855041504,4.001999855041504,4.0
2025-07-21T18:50:20.0,12020.0,21.455046032924265,18.223347174278587,26.780000686645508,27.16580929160118,47.8828620088404,3.9800000190734863,3.9839999675750732,3.9860000610351562,3.996999979019165,3.994999885559082,3.997999906539917,4.002999782562256,3.997999906539917,4.000999927520752,4.001999855041504,4.002999782562256,4.0
2025-07-21T18:50:30.0,12030.0,22.3700008392334,18.284095025289542,26.777789804322115,27.170000076293945,47.939998626708984,3.9809999465942383,3.9839999675750732,3.9860000610351562,3.996999979019165,3.996000051498413,3.999000072479248,4.002999782562256,3.999000072479248,4.000999927520752,4.002999782562256,4.002999782562256,4.000999927520752
2025-07-21T18:50:40.0,12040.0,21.889999389648438,18.344650408330185,26.771342203495657,27.170000076293945,47.91999816894531,3.9809999465942383,3.984999895095825,3.986999988555908,3.997999906539917,3.996999979019165,4.0,4.004000186920166,3.999000072479248,4.001999855041504,4.004000186920166,4.004000186920166,4.001999855041504
2025-07-21T18:50:50.0,12050.0,22.68000030517578,18.40891166188421,26.770000457763672,27.170000076293945,47.939998626708984,3.9830000400543213,3.986999988555908,3.989000082015991,3.999000072479248,3.997999906539917,4.000999927520752,4.00600004196167,4.000999927520752,4.004000186920166,4.00600004196167,4.00600004196167,4.002999782562256
2025-07-21T18:51:00.0,12060.0,21.510000228881836,18.46995595920161,26.770000457763672,27.170000076293945,47.90999984741211,3.9830000400543213,3.9860000610351562,3.989000082015991,3.999000072479248,3.997999906539917,4.000999927520752,4.00600004196167,4.000999927520752,4.002999782562256,4.005000114440918,4.005000114440918,4.002999782562256
2025-07-21T18:51:10.0,12070.0,21.530000686645508,18.529711843305385,26.770000457763672,27.170000076293945,47.93000030517578,3.9830000400543213,3.9860000610351562,3.989000082015991,3.999000072479248,3.997999906539917,4.000999927520752,4.00600004196167,4.000999927520752,4.002999782562256,4.005000114440918,4.00600004196167,4.002999782562256
2025-07-21T18:51:20.0,12080.0,20.65999984741211,18.589215418132895,26.770000457763672,27.170000076293945,47.91999816894531,3.9830000400543213,3.9860000610351562,3.989000082015991,3.999000072479248,3.997999906539917,4.000999927520752,4.00600004196167,4.000999927520752,4.002999782562256,4.005000114440918,4.005000114440918,4.002999782562256
2025-07-21T18:51:30.0,12090.0,21.229999542236328,18.64745753760201,26.770000457763672,27.170000076293945,47.88999938964844,3.9830000400543213,3.986999988555908,3.989000082015991,3.999000072479248,3.997999906539917,4.000999927520752,4.00600004196167,4.000999927520752,4.002999782562256,4.005000114440918,4.00600004196167,4.002999782562256
2025-07-21T18:51:40.0,12100.0,21.34139591687603,18.705447345386833,26.770000457763672,27.170000076293945,47.978000929899096,3.9830000400543213,3.986999988555908,3.989000082015991,4.0,3.997999906539917,4.001999855041504,4.00600004196167,4.000999927520752,4.004000186920166,4.00600004196167,4.00600004196167,4.002999782562256
2025-07-21T18:51:50.0,12110.0,24.1299991607666,18.773814091625436,26.770000457763672,27.170000076293945,47.959999084472656,3.986999988555908,3.990999937057495,3.993000030517578,4.004000186920166,4.001999855041504,4.00600004196167,4.010000228881836,4.005000114440918,4.007999897003174,4.010000228881836,4.010000228881836,4.007999897003174
2025-07-21T18:52:00.0,12120.0,23.6200008392334,18.840445343377016,26.770000457763672,27.170232594569114,48.02000045776367,3.986999988555908,3.990999937057495,3.993000030517578,4.002999782562256,4.001999855041504,4.00600004196167,4.010000228881836,4.005000114440918,4.007999897003174,4.010000228881836,4.010000228881836,4.007999897003174
2025-07-21T18:52:10.0,12130.0,23.350000381469727,18.906663142652732,26.770000457763672,27.176709426746466,48.02000045776367,3.986999988555908,3.990999937057495,3.993000030517578,4.004000186920166,4.001999855041504,4.00600004196167,4.010000228881836,4.005000114440918,4.007999897003174,4.010000228881836,4.010000228881836,4.007999897003174
2025-07-21T18:52:20.0,12140.0,23.530000686645508,18.971387036596095,26.770000457763672,27.18000030517578,48.0099983215332,3.98799991607666,3.990999937057495,3.993000030517578,4.004000186920166,4.002999782562256,4.00600004196167,4.011000156402588,4.00600004196167,4.007999897003174,4.010000228881836,4.010000228881836,4.007999897003174
2025-07-21T18:52:30.0,12150.0,23.729999542236328,19.036303230342554,26.770000457763672,27.18000030517578,47.97999954223633,3.98799991607666,3.990999937057495,3.99399995803833,4.004000186920166,4.002999782562256,4.006999969482422,4.011000156402588,4.00600004196167,4.007999897003174,4.010000228881836,4.011000156402588,4.007999897003174
2025-07-21T18:52:40.0,12160.0,23.559999465942383,19.101539360086875,26.770000457763672,27.18000030517578,47.97999954223633,3.98799991607666,3.992000102996826,3.99399995803833,4.005000114440918,4.002999782562256,4.006999969482422,4.011000156402588,4.00600004196167,4.008999824523926,4.011000156402588,4.011000156402588,4.008999824523926
2025-07-21T18:52:50.0,12170.0,23.059999465942383,19.16645627559048,26.770000457763672,27.18000030517578,47.959999084472656,3.98799991607666,3.990999937057495,3.99399995803833,4.005000114440918,4.002999782562256,4.006999969482422,4.011000156402588,4.00600004196167,4.008999824523926,4.011000156402588,4.011000156402588,4.008999824523926
2025-07-21T18:53:00.0,12180.0,21.360000610351562,19.227594303332125,26.770000457763672,27.18000030517578,47.9900016784668,3.98799991607666,3.990999937057495,3.99399995803833,4.004000186920166,4.002999782562256,4.006999969482422,4.011000156402588,4.00600004196167,4.007999897003174,4.010000228881836,4.011000156402588,4.007999897003174
2025-07-21T18:53:10.0,12190.0,21.020000457763672,19.286895453292747,26.775456483099436,27.18000030517578,47.970001220703125,3.98799991607666,3.990999937057495,3.99399995803833,4.004000186920166,4.002999782562256,4.006999969482422,4.011000156402588,4.00600004196167,4.007999897003174,4.010000228881836,4.011000156402588,4.007999897003174
2025-07-21T18:53:20.0,12200.0,21.3799991607666,19.345876019803374,26.780000686645508,27.18000030517578,47.95348989389238,3.98799991607666,3.990999937057495,3.99399995803833,4.004000186920166,4.002999782562256,4.006999969482422,4.011000156402588,4.00600004196167,4.007999897003174,4.010000228881836,4.011000156402588,4.007999897003174
2025-07-21T18:53:30.0,12210.0,21.55052957347812,19.404946735450118,26.780000686645508,27.18000030517578,47.96420558179461,3.98799991607666,3.990999937057495,3.99399995803833,4.004000186920166,4.002999782562256,4.006999969482422,4.011000156402588,4.00600004196167,4.007999897003174,4.010000228881836,4.011000156402588,4.007999897003174
2025-07-21T18:53:40.0,12220.0,23.020000457763672,19.46407103553953,26.784838861896144,27.18000030517578,48.04999923706055,3.98799991607666,3.990999937057495,3.99399995803833,4.004000186920166,4.002999782562256,4.006999969482422,4.011000156402588,4.00600004196167,4.007999897003174,4.011000156402588,4.011000156402588,4.007999897003174
2025-07-21T18:53:50.0,12230.0,23.925574669837925,19.53182610625554,26.790000915527344,27.181290844719666,48.024367224375425,3.990999937057495,3.99399995803833,3.996999979019165,4.006999969482422,4.00600004196167,4.010000228881836,4.013999938964844,4.008999824523926,4.011000156402588,4.013999938964844,4.013999938964844,4.011000156402588
2025-07-21T18:54:00.0,12240.0,22.70706419635137,19.596627081947016,26.790000915527344,27.187746770401937,48.034275294285216,3.990999937057495,3.99399995803833,3.996000051498413,4.006999969482422,4.00600004196167,4.008999824523926,4.013999938964844,4.007999897003174,4.011000156402588,4.013000011444092,4.013000011444092,4.011000156402588
2025-07-21T18:54:10.0,12250.0,21.924816723567996,19.65852278286002,26.79421042877829,27.190000534057617,48.00838147712478,3.990000009536743,3.99399995803833,3.996000051498413,4.006999969482422,4.00600004196167,4.008999824523926,4.013999938964844,4.007999897003174,4.011000156402588,4.013000011444092,4.013000011444092,4.011000156402588
2025-07-21T18:54:20.0,12260.0,21.440000534057617,19.720229138345935,26.799999237060547,27.190000534057617,48.0099983215332,3.990999937057495,3.99399995803833,3.996000051498413,4.006999969482422,4.00600004196167,4.008999824523926,4.013999938964844,4.008999824523926,4.011000156402588,4.013000011444092,4.013999938964844,4.011000156402588
2025-07-21T18:54:30.0,12270.0,22.719999313354492,19.780968171627475,26.799999237060547,27.190000534057617,48.040000915527344,3.990999937057495,3.99399995803833,3.996000051498413,4.006999969482422,4.00600004196167,4.008999824523926,4.013999938964844,4.008999824523926,4.011000156402588,4.013000011444092,4.013999938964844,4.011000156402588
2025-07-21T18:54:40.0,12280.0,21.530000686645508,19.841860391516377,26.799999237060547,27.190000534057617,48.02000045776367,3.990999937057495,3.99399995803833,3.996000051498413,4.006999969482422,4.00600004196167,4.008999824523926,4.013999938964844,4.008999824523926,4.011000156402588,4.013000011444092,4.013999938964844,4.011000156402588
2025-07-21T18:54:50.0,12290.0,14.329999923706055,19.896027948381857,26.800024382703768,27.190000534057617,47.90999984741211,3.9839999675750732,3.98799991607666,3.990000009536743,4.000999927520752,4.0,4.002999782562256,4.006999969482422,4.002999782562256,4.005000114440918,4.006999969482422,4.006999969482422,4.005000114440918
2025-07-21T18:55:00.0,12300.0,13.359999656677246,19.934999301221062,26.806471983530226,27.190000534057617,47.88699932098389,3.9820001125335693,3.9860000610351562,3.98799991607666,4.0,3.999000072479248,4.001999855041504,4.00600004196167,4.001999855041504,4.004000186920166,4.00600004196167,4.00600004196167,4.004000186920166
2025-07-21T18:55:10.0,12310.0,13.600000381469727,19.972624234956854,26.809999465942383,27.190000534057617,47.83000183105469,3.9820001125335693,3.9860000610351562,3.98799991607666,3.999000072479248,3.997999906539917,4.000999927520752,4.005000114440918,4.0,4.002999782562256,4.005000114440918,4.005000114440918,4.002999782562256
2025-07-21T18:55:20.0,12320.0,12.975302470746866,20.009457190759402,26.809999465942383,27.190000534057617,47.87053392986918,3.9809999465942383,3.984999895095825,3.986999988555908,3.997999906539917,3.996999979019165,4.0,4.004000186920166,4.0,4.001999855041504,4.004000186920166,4.004000186920166,4.001999855041504
2025-07-21T18:55:30.0,12330.0,13.050000190734863,20.04574916674186,26.809999465942383,27.190000534057617,47.84000015258789,3.9809999465942383,3.984999895095825,3.986999988555908,3.997999906539917,3.996999979019165,4.0,4.004000186920166,4.0,4.001999855041504,4.004000186920166,4.004000186920166,4.001999855041504
2025-07-21T18:55:40.0,12340.0,12.960000038146973,20.08184819201571,26.812312018871307,27.19231308698654,47.81999969482422,3.9809999465942383,3.9839999675750732,3.986999988555908,3.997999906539917,3.996999979019165,4.0,4.002999782562256,3.999000072479248,4.000999927520752,4.002999782562256,4.004000186920166,4.000999927520752
2025-07-21T18:55:50.0,12350.0,18.96509849697949,20.130601926270813,26.81875546531579,27.198756533431023,47.96617572833966,3.984999895095825,3.989000082015991,3.992000102996826,4.001999855041504,4.000999927520752,4.004000186920166,4.008999824523926,4.004000186920166,4.00600004196167,4.007999897003174,4.007999897003174,4.00600004196167
2025-07-21T18:56:00.0,12360.0,17.95937666211811,20.181569505182065,26.81999969482422,27.200000762939453,47.92403938443055,3.984999895095825,3.989000082015991,3.990999937057495,4.001999855041504,4.000999927520752,4.004000186920166,4.007999897003174,4.004000186920166,4.00600004196167,4.007999897003174,4.007999897003174,4.00600004196167
2025-07-21T18:56:10.0,12370.0,17.030000686645508,20.230761008093843,26.81999969482422,27.200000762939453,47.93000030517578,3.984999895095825,3.989000082015991,3.990999937057495,4.001999855041504,4.000999927520752,4.004000186920166,4.007999897003174,4.004000186920166,4.00600004196167,4.007999897003174,4.007999897003174,4.00600004196167
2025-07-21T18:56:20.0,12380.0,17.14403255811737,20.279213779925463,26.81999969482422,27.200000762939453,47.90651565751222,3.9860000610351562,3.989000082015991,3.990999937057495,4.001999855041504,4.000999927520752,4.004000186920166,4.007999897003174,4.004000186920166,4.00600004196167,4.007999897003174,4.007999897003174,4.00600004196167
2025-07-21T18:56:30.0,12390.0,17.1200008392334,20.327877983551776,26.81999969482422,27.200000762939453,47.95000076293945,3.9860000610351562,3.989000082015991,3.992000102996826,4.002999782562256,4.000999927520752,4.005000114440918,4.008999824523926,4.004000186920166,4.00600004196167,4.007999897003174,4.008999824523926,4.00600004196167
2025-07-21T18:56:40.0,12400.0,18.802750596999072,20.375433541438536,26.81999969482422,27.20095541223239,47.97693319095723,3.9860000610351562,3.990000009536743,3.992000102996826,4.002999782562256,4.000999927520752,4.005000114440918,4.008999824523926,4.004000186920166,4.006999969482422,4.007999897003174,4.008999824523926,4.006999969482422
2025-07-21T18:56:50.0,12410.0,20.989999771118164,20.431886717807675,26.81999969482422,27.20741010657274,48.0099983215332,3.990000009536743,3.99399995803833,3.996000051498413,4.006999969482422,4.00600004196167,4.008999824523926,4.013000011444092,4.007999897003174,4.011000156402588,4.007999897003174,4.008999824523926,4.006999969482422
2025-07-21T18:57:00.0,12420.0,20.420000076293945,20.49087454203787,26.81999969482422,27.209999084472656,48.00771765864752,3.990000009536743,3.99399995803833,3.996000051498413,4.006999969482422,4.00600004196167,4.008999824523926,4.013000011444092,4.007999897003174,4.011000156402588,4.013000011444092,4.013000011444092,4.011000156402588
2025-07-21T18:57:10.0,12430.0,20.77084055010051,20.54715155430551,26.820335842414224,27.209999084472656,48.00909354146322,3.990000009536743,3.99399995803833,3.996000051498413,4.006999969482422,4.00600004196167,4.008999824523926,4.013000011444092,4.007999897003174,4.011000156402588,4.013000011444092,4.013000011444092,4.011000156402588
2025-07-21T18:57:20.0,12440.0,19.65999984741211,20.603233808615165,26.82681267459158,27.209999084472656,48.0,3.990000009536743,3.99399995803833,3.996000051498413,4.006999969482422,4.00600004196167,4.008999824523926,4.013000011444092,4.007999897003174,4.011000156402588,4.013000011444092,4.013000011444092,4.011000156402588
2025-07-21T18:57:30.0,12450.0,19.469999313354492,20.657713610669994,26.829999923706055,27.209999084472656,48.0,3.990000009536743,3.99399995803833,3.996000051498413,4.006999969482422,4.00600004196167,4.008999824523926,4.013999938964844,4.008999824523926,4.011000156402588,4.013000011444092,4.013999938964844,4.011000156402588
2025-07-21T18:57:40.0,12460.0,19.309999465942383,20.71207943152609,26.829999923706055,27.209999084472656,48.0,3.990999937057495,3.99399995803833,3.996999979019165,4.006999969482422,4.00600004196167,4.008999824523926,4.013999938964844,4.008999824523926,4.011000156402588,4.013000011444092,4.013999938964844,4.011000156402588
2025-07-21T18:57:50.0,12470.0,21.894111922520317,20.773665193931485,26.829999923706055,27.209999084472656,48.04237006179342,3.993000030517578,3.996999979019165,3.999000072479248,4.010000228881836,4.007999897003174,4.01200008392334,4.015999794006348,4.011000156402588,4.013999938964844,4.015999794006348,4.015999794006348,4.013999938964844
2025-07-21T18:58:00.0,12480.0,20.899999618530273,20.833250294440276,26.829999923706055,27.209999084472656,48.040000915527344,3.993000030517578,3.996000051498413,3.999000072479248,4.008999824523926,4.007999897003174,4.01200008392334,4.015999794006348,4.011000156402588,4.013999938964844,4.014999866485596,4.015999794006348,4.013999938964844
2025-07-21T18:58:10.0,12490.0,20.889999389648438,20.891541490306018,26.829999923706055,27.209999084472656,48.02000045776367,3.993000030517578,3.996999979019165,3.999000072479248,4.010000228881836,4.008999824523926,4.01200008392334,4.015999794006348,4.011000156402588,4.013999938964844,4.015999794006348,4.015999794006348,4.013999938964844
2025-07-21T18:58:20.0,12500.0,20.211845923430726,20.949394529440358,26.829999923706055,27.21558758100924,48.04916171532173,3.993000030517578,3.996999979019165,3.999000072479248,4.010000228881836,4.007999897003174,4.01200008392334,4.015999794006348,4.011000156402588,4.013999938964844,4.015999794006348,4.015999794006348,4.013999938964844
2025-07-21T18:58:30.0,12510.0,20.15999984741211,21.005089092658583,26.832058205691677,27.219999313354492,48.02000045776367,3.993000030517578,3.996999979019165,3.999000072479248,4.010000228881836,4.007999897003174,4.01200008392334,4.015999794006348,4.011000156402588,4.013999938964844,4.015999794006348,4.015999794006348,4.013999938964844
2025-07-21T18:58:40.0,12520.0,19.690000534057617,21.06115038890172,26.83851454818108,27.219999313354492,48.02000045776367,3.993000030517578,3.996999979019165,3.999000072479248,4.010000228881836,4.008999824523926,4.01200008392334,4.015999794006348,4.011000156402588,4.013999938964844,4.015999794006348,4.015999794006348,4.013999938964844
2025-07-21T18:58:50.0,12530.0,-0.0,21.07705780322157,26.84000015258789,27.219999313354492,47.72999954223633,3.9749999046325684,3.9790000915527344,3.9809999465942383,3.992000102996826,3.990999937057495,3.99399995803833,3.996999979019165,3.99399995803833,3.996000051498413,4.0,4.0,3.997999906539917
2025-07-21T18:59:00.0,12540.0,0.04945378040722284,21.077068911554658,26.838575858114925,27.219999313354492,47.684341243108115,3.9719998836517334,3.9769999980926514,3.9790000915527344,3.990000009536743,3.989000082015991,3.992000102996826,3.994999885559082,3.992000102996826,3.99399995803833,3.994999885559082,3.996000051498413,3.99399995803833
2025-07-21T18:59:10.0,12550.0,0.009999999776482582,21.07717960599663,26.832157225969972,27.219999313354492,47.65999984741211,3.9709999561309814,3.9749999046325684,3.9769999980926514,3.98799991607666,3.986999988555908,3.990000009536743,3.993000030517578,3.990000009536743,3.992000102996826,3.99399995803833,3.99399995803833,3.992000102996826
2025-07-21T18:59:20.0,12560.0,0.05000000074505806,21.077266100442262,26.829999923706055,27.219999313354492,47.63275930117939,3.9690001010894775,3.9730000495910645,3.9749999046325684,3.986999988555908,3.984999895095825,3.98799991607666,3.990999937057495,3.98799991607666,3.990000009536743,3.992000102996826,3.992000102996826,3.990000009536743
2025-07-21T18:59:30.0,12570.0,0.019999999552965164,21.077395830999524,26.829999923706055,27.22073398490086,47.619998931884766,3.9670000076293945,3.9719998836517334,3.9739999771118164,3.9860000610351562,3.9839999675750732,3.986999988555908,3.990000009536743,3.986999988555908,3.989000082015991,3.990999937057495,3.990999937057495,3.989000082015991
2025-07-21T18:59:40.0,12580.0,0.019999999552965164,21.077459914331428,26.829999923706055,27.22712799313733,47.599998474121094,3.9670000076293945,3.9719998836517334,3.9739999771118164,3.984999895095825,3.9839999675750732,3.9860000610351562,3.989000082015991,3.9860000610351562,3.98799991607666,3.990000009536743,3.990000009536743,3.98799991607666
2025-07-21T18:59:50.0,12590.0,5.336999988555865,21.08843111116378,26.829999923706055,27.229999542236328,47.655203763176424,3.9700000286102295,3.9749999046325684,3.9760000705718994,3.98799991607666,3.986999988555908,3.989000082015991,3.992000102996826,3.989000082015991,3.990999937057495,3.993000030517578,3.993000030517578,3.990999937057495
2025-07-21T19:00:00.0,12600.0,5.349999904632568,21.103551683682287,26.829999923706055,27.229999542236328,47.72999954223633,3.9700000286102295,3.9739999771118164,3.9760000705718994,3.98799991607666,3.9860000610351562,3.989000082015991,3.992000102996826,3.989000082015991,3.990999937057495,3.993000030517578,3.993000030517578,3.990999937057495
2025-07-21T19:00:10.0,12610.0,4.960000038146973,21.11768815335362,26.829999923706055,27.229999542236328,47.709999084472656,3.9700000286102295,3.9739999771118164,3.9760000705718994,3.986999988555908,3.9860000610351562,3.989000082015991,3.992000102996826,3.989000082015991,3.990999937057495,3.992000102996826,3.993000030517578,3.990999937057495
2025-07-21T19:00:20.0,12620.0,5.139999866485596,21.131887380835433,26.829999923706055,27.229999542236328,47.650001525878906,3.9690001010894775,3.9739999771118164,3.9760000705718994,3.986999988555908,3.9860000610351562,3.98799991607666,3.992000102996826,3.98799991607666,3.990999937057495,3.992000102996826,3.992000102996826,3.990000009536743
2025-07-21T19:00:30.0,12630.0,4.954581456960647,21.145956213997156,26.829999923706055,27.229999542236328,47.68000030517578,3.9690001010894775,3.9730000495910645,3.9749999046325684,3.986999988555908,3.984999895095825,3.98799991607666,3.990999937057495,3.98799991607666,3.990000009536743,3.992000102996826,3.992000102996826,3.990000009536743
2025-07-21T19:00:40.0,12640.0,5.03000020980835,21.160272105637343,26.829999923706055,27.224265430413404,47.68000030517578,3.9690001010894775,3.9730000495910645,3.9749999046325684,3.986999988555908,3.984999895095825,3.98799991607666,3.990999937057495,3.98799991607666,3.990000009536743,3.992000102996826,3.992000102996826,3.990000009536743
2025-07-21T19:00:50.0,12650.0,5.409999847412109,21.175222138923623,26.829999923706055,27.219999313354492,47.72999954223633,3.9690001010894775,3.9730000495910645,3.9749999046325684,3.9860000610351562,3.984999895095825,3.98799991607666,3.990999937057495,3.98799991607666,3.990000009536743,3.992000102996826,3.992000102996826,3.990000009536743
2025-07-21T19:01:00.0,12660.0,5.199999809265137,21.18953325272251,26.829999923706055,27.219999313354492,47.70000076293945,3.9679999351501465,3.9730000495910645,3.9749999046325684,3.9860000610351562,3.984999895095825,3.98799991607666,3.990999937057495,3.986999988555908,3.990000009536743,3.990999937057495,3.990999937057495,3.989000082015991
2025-07-21T19:01:10.0,12670.0,5.079999923706055,21.20401142468673,26.829999923706055,27.219999313354492,47.59000015258789,3.9679999351501465,3.9730000495910645,3.9749999046325684,3.9860000610351562,3.984999895095825,3.986999988555908,3.990999937057495,3.986999988555908,3.990000009536743,3.990999937057495,3.990999937057495,3.989000082015991
2025-07-21T19:01:20.0,12680.0,5.090000152587891,21.21812742180886,26.829999923706055,27.219999313354492,47.619998931884766,3.9679999351501465,3.9730000495910645,3.9739999771118164,3.9860000610351562,3.984999895095825,3.986999988555908,3.990999937057495,3.986999988555908,3.989000082015991,3.990999937057495,3.990999937057495,3.989000082015991
2025-07-21T19:01:30.0,12690.0,5.090000152587891,21.232138394373607,26.829999923706055,27.219999313354492,47.63999938964844,3.9679999351501465,3.9719998836517334,3.9739999771118164,3.9860000610351562,3.984999895095825,3.986999988555908,3.990000009536743,3.986999988555908,3.989000082015991,3.990999937057495,3.990999937057495,3.989000082015991
2025-07-21T19:01:40.0,12700.0,5.049928293664468,21.246139352724636,26.82554380619202,27.219999313354492,47.597111426459435,3.9679999351501465,3.9719998836517334,3.9739999771118164,3.9860000610351562,3.9839999675750732,3.986999988555908,3.990000009536743,3.986999988555908,3.989000082015991,3.990999937057495,3.990999937057495,3.989000082015991
2025-07-21T19:01:50.0,12710.0,12.376323955179114,21.274843300550334,26.81999969482422,27.219999313354492,47.76771870345521,3.9739999771118164,3.9790000915527344,3.9809999465942383,3.992000102996826,3.990999937057495,3.993000030517578,3.996999979019165,3.993000030517578,3.994999885559082,3.996999979019165,3.996999979019165,3.994999885559082
2025-07-21T19:02:00.0,12720.0,12.090751349380614,21.3087852664249,26.81999969482422,27.219999313354492,47.72999954223633,3.9749999046325684,3.9800000190734863,3.9809999465942383,3.993000030517578,3.990999937057495,3.99399995803833,3.997999906539917,3.99399995803833,3.996000051498413,3.997999906539917,3.997999906539917,3.996000051498413
2025-07-21T19:02:10.0,12730.0,12.09000015258789,21.342162616690086,26.81999969482422,27.219999313354492,47.7507531483968,3.9749999046325684,3.9800000190734863,3.9809999465942383,3.993000030517578,3.992000102996826,3.99399995803833,3.997999906539917,3.99399995803833,3.996000051498413,3.997999906539917,3.997999906539917,3.996000051498413
2025-07-21T19:02:20.0,12740.0,11.792066636403458,21.375642395291152,26.81999969482422,27.219999313354492,47.77000045776367,3.9760000705718994,3.9800000190734863,3.9820001125335693,3.99399995803833,3.992000102996826,3.994999885559082,3.997999906539917,3.994999885559082,3.996999979019165,3.997999906539917,3.999000072479248,3.996999979019165
2025-07-21T19:02:30.0,12750.0,11.630000114440918,21.408407217498706,26.81999969482422,27.219999313354492,47.790000915527344,3.9760000705718994,3.9809999465942383,3.9820001125335693,3.99399995803833,3.993000030517578,3.994999885559082,3.999000072479248,3.994999885559082,3.997999906539917,3.999000072479248,4.0,3.997999906539917
2025-07-21T19:02:40.0,12760.0,11.833532852875571,21.440768215240194,26.816693037044313,27.219999313354492,47.790000915527344,3.9769999980926514,3.9809999465942383,3.9830000400543213,3.994999885559082,3.993000030517578,3.996000051498413,4.0,3.996000051498413,3.997999906539917,4.0,4.0,3.997999906539917
2025-07-21T19:02:50.0,12770.0,17.100000381469727,21.48286878208699,26.810220815905335,27.219999313354492,47.880001068115234,3.9820001125335693,3.9860000610351562,3.98799991607666,4.0,3.997999906539917,4.000999927520752,4.005000114440918,4.000999927520752,4.002999782562256,4.005000114440918,4.005000114440918,4.002999782562256
2025-07-21T19:03:00.0,12780.0,15.710000038146973,21.528967056540733,26.809999465942383,27.219999313354492,47.880001068115234,3.9820001125335693,3.986999988555908,3.98799991607666,4.0,3.999000072479248,4.000999927520752,4.005000114440918,4.000999927520752,4.002999782562256,4.005000114440918,4.00600004196167,4.002999782562256
2025-07-21T19:03:10.0,12790.0,15.239999771118164,21.572226159208704,26.809999465942383,27.219999313354492,47.869998931884766,3.9830000400543213,3.986999988555908,3.989000082015991,4.0,3.999000072479248,4.001999855041504,4.00600004196167,4.000999927520752,4.004000186920166,4.00600004196167,4.00600004196167,4.004000186920166
2025-07-21T19:03:20.0,12800.0,16.136973854115237,21.61670864082345,26.809999465942383,27.219999313354492,47.882880805668066,3.9830000400543213,3.98799991607666,3.990000009536743,4.000999927520752,4.0,4.001999855041504,4.00600004196167,4.001999855041504,4.004000186920166,4.00600004196167,4.00600004196167,4.004000186920166
2025-07-21T19:03:30.0,12810.0,15.34000015258789,21.661024184430527,26.809999465942383,27.219999313354492,47.869998931884766,3.9839999675750732,3.98799991607666,3.990000009536743,4.001999855041504,4.0,4.002999782562256,4.006999969482422,4.002999782562256,4.005000114440918,4.006999969482422,4.006999969482422,4.005000114440918
2025-07-21T19:03:40.0,12820.0,15.359999656677246,21.704159345520157,26.809999465942383,27.219999313354492,47.90999984741211,3.9839999675750732,3.989000082015991,3.990000009536743,4.001999855041504,4.000999927520752,4.002999782562256,4.006999969482422,4.002999782562256,4.005000114440918,4.006999969482422,4.007999897003174,4.005000114440918
2025-07-21T19:03:50.0,12830.0,20.345288351470295,21.75600042651503,26.809999465942383,27.219999313354492,47.959999084472656,3.989000082015991,3.993000030517578,3.994999885559082,4.006999969482422,4.005000114440918,4.007999897003174,4.01200008392334,4.007999897003174,4.010000228881836,4.01200008392334,4.01200008392334,4.010000228881836
2025-07-21T19:04:00.0,12840.0,20.15999984741211,21.811752706639584,26.804987399551447,27.219999313354492,48.0,3.990000009536743,3.99399995803833,3.994999885559082,4.006999969482422,4.00600004196167,4.008999824523926,4.013000011444092,4.007999897003174,4.010000228881836,4.01200008392334,4.013000011444092,4.010000228881836
2025-07-21T19:04:10.0,12850.0,18.989999771118164,21.867028281168494,26.799999237060547,27.219999313354492,47.970001220703125,3.990000009536743,3.99399995803833,3.996000051498413,4.007999897003174,4.00600004196167,4.008999824523926,4.013000011444092,4.007999897003174,4.011000156402588,4.013000011444092,4.013000011444092,4.011000156402588
2025-07-21T19:04:20.0,12860.0,19.1200008392334,21.92017927296435,26.799999237060547,27.219999313354492,48.0,3.990000009536743,3.99399995803833,3.996000051498413,4.007999897003174,4.00600004196167,4.008999824523926,4.013000011444092,4.008999824523926,4.011000156402588,4.013000011444092,4.013000011444092,4.011000156402588
2025-07-21T19:04:30.0,12870.0,18.65690186070441,21.972649950152586,26.799999237060547,27.219999313354492,47.98072518741384,3.990999937057495,3.994999885559082,3.996999979019165,4.007999897003174,4.006999969482422,4.010000228881836,4.013999938964844,4.010000228881836,4.01200008392334,4.013999938964844,4.013999938964844,4.01200008392334
2025-07-21T19:04:40.0,12880.0,19.027450685501098,22.025944296702363,26.799999237060547,27.219999313354492,47.99411574191735,3.990999937057495,3.996000051498413,3.997999906539917,4.008999824523926,4.007999897003174,4.011000156402588,4.014999866485596,4.010000228881836,4.013000011444092,4.013999938964844,4.014999866485596,4.013000011444092
2025-07-21T19:04:50.0,12890.0,20.9655025856169,22.08213224640378,26.799999237060547,27.219999313354492,48.029998779296875,3.99399995803833,3.997999906539917,4.0,4.011000156402588,4.010000228881836,4.013000011444092,4.017000198364258,4.01200008392334,4.014999866485596,4.017000198364258,4.017000198364258,4.014999866485596
2025-07-21T19:05:00.0,12900.0,20.889999389648438,22.140192111344422,26.799999237060547,27.219999313354492,48.029998779296875,3.99399995803833,3.997999906539917,4.0,4.011000156402588,4.010000228881836,4.013000011444092,4.017000198364258,4.013000011444092,4.014999866485596,4.017000198364258,4.017000198364258,4.014999866485596
2025-07-21T19:05:10.0,12910.0,19.597368676545145,22.19583558891146,26.799999237060547,27.219999313354492,48.029998779296875,3.99399995803833,3.997999906539917,4.0,4.011000156402588,4.010000228881836,4.013000011444092,4.017000198364258,4.013000011444092,4.014999866485596,4.017000198364258,4.017000198364258,4.014999866485596
2025-07-21T19:05:20.0,12920.0,19.37565321330159,22.250536664120443,26.799999237060547,27.219999313354492,48.029998779296875,3.99399995803833,3.997999906539917,4.0,4.01200008392334,4.010000228881836,4.013999938964844,4.01800012588501,4.013000011444092,4.014999866485596,4.017000198364258,4.01800012588501,4.014999866485596
2025-07-21T19:05:30.0,12930.0,19.200000762939453,22.30397395574843,26.799999237060547,27.21698823407524,48.029998779296875,3.994999885559082,3.999000072479248,4.000999927520752,4.01200008392334,4.011000156402588,4.013999938964844,4.01800012588501,4.013000011444092,4.015999794006348,4.01800012588501,4.01800012588501,4.015999794006348
2025-07-21T19:05:40.0,12940.0,19.249421861767765,22.357422076464314,26.799999237060547,27.210511401897886,48.04861187306486,3.994999885559082,3.999000072479248,4.000999927520752,4.01200008392334,4.011000156402588,4.013999938964844,4.01800012588501,4.013999938964844,4.015999794006348,4.01800012588501,4.01800012588501,4.015999794006348
2025-07-21T19:05:50.0,12950.0,20.56999969482422,22.412133882181994,26.799999237060547,27.209999084472656,48.06999969482422,3.996000051498413,4.0,4.001999855041504,4.013999938964844,4.01200008392334,4.015999794006348,4.019999980926514,4.014999866485596,4.017000198364258,4.019000053405762,4.019999980926514,4.01800012588501
2025-07-21T19:06:00.0,12960.0,19.710280489454117,22.468271983517095,26.799999237060547,27.212444606170862,48.04999923706055,3.996999979019165,4.000999927520752,4.001999855041504,4.013999938964844,4.013000011444092,4.015999794006348,4.019999980926514,4.014999866485596,4.01800012588501,4.019000053405762,4.019999980926514,4.01800012588501
2025-07-21T19:06:10.0,12970.0,19.124026165510507,22.52189222941354,26.799999237060547,27.218917665192052,48.06999969482422,3.996000051498413,4.0,4.001999855041504,4.013000011444092,4.01200008392334,4.014999866485596,4.019000053405762,4.014999866485596,4.017000198364258,4.019000053405762,4.019000053405762,4.017000198364258
2025-07-21T19:06:20.0,12980.0,18.920000076293945,22.57490592155041,26.799999237060547,27.214583714761723,48.04999923706055,3.996000051498413,4.0,4.001999855041504,4.013999938964844,4.01200008392334,4.014999866485596,4.019999980926514,4.014999866485596,4.017000198364258,4.019000053405762,4.019999980926514,4.017000198364258
2025-07-21T19:06:30.0,12990.0,18.971333185831718,22.62771816080526,26.799999237060547,27.21190910228176,48.04999923706055,3.996000051498413,4.0,4.001999855041504,4.013999938964844,4.013000011444092,4.015999794006348,4.019999980926514,4.014999866485596,4.017000198364258,4.019000053405762,4.019999980926514,4.01800012588501
2025-07-21T19:06:40.0,13000.0,18.89711824304911,22.68027657993272,26.799999237060547,27.218385934459114,48.049763783666336,3.996999979019165,4.000999927520752,4.002999782562256,4.013999938964844,4.013000011444092,4.015999794006348,4.019999980926514,4.014999866485596,4.01800012588501,4.019999980926514,4.019999980926514,4.01800012588501
2025-07-21T19:06:50.0,13010.0,5.119999885559082,22.731261895800515,26.799999237060547,27.215188825290834,47.779998779296875,3.996999979019165,4.000999927520752,4.002999782562256,4.013999938964844,4.013000011444092,4.015999794006348,4.019999980926514,4.014999866485596,4.01800012588501,4.008999824523926,4.008999824523926,4.006999969482422
2025-07-21T19:07:00.0,13020.0,4.599999904632568,22.74477717356253,26.799999237060547,27.209999084472656,47.79999923706055,3.9830000400543213,3.98799991607666,3.990000009536743,4.000999927520752,4.0,4.002999782562256,4.005000114440918,4.001999855041504,4.004000186920166,4.00600004196167,4.00600004196167,4.004000186920166
2025-07-21T19:07:10.0,13030.0,4.909999847412109,22.758043615357163,26.799999237060547,27.209999084472656,47.7400016784668,3.9809999465942383,3.9860000610351562,3.98799991607666,3.999000072479248,3.997999906539917,4.000999927520752,4.005000114440918,4.000999927520752,4.002999782562256,4.005000114440918,4.005000114440918,4.002999782562256
2025-07-21T19:07:20.0,13040.0,4.725562028947239,22.771150162598378,26.795846236495727,27.209999084472656,47.80409838109234,3.9800000190734863,3.984999895095825,3.986999988555908,3.997999906539917,3.996999979019165,4.0,4.002999782562256,3.999000072479248,4.001999855041504,4.002999782562256,4.004000186920166,4.000999927520752
2025-07-21T19:07:30.0,13050.0,4.460000038146973,22.78420810146049,26.790589166289394,27.209999084472656,47.86448502969097,3.9790000915527344,3.9839999675750732,3.9860000610351562,3.996999979019165,3.996000051498413,3.999000072479248,4.001999855041504,3.997999906539917,4.000999927520752,4.002999782562256,4.002999782562256,4.000999927520752
2025-07-21T19:07:40.0,13060.0,4.420000076293945,22.79665886282055,26.7970605718125,27.209999084472656,47.84000015258789,3.9779999256134033,3.9830000400543213,3.984999895095825,3.996999979019165,3.994999885559082,3.997999906539917,4.000999927520752,3.997999906539917,4.0,4.001999855041504,4.001999855041504,4.0
2025-07-21T19:07:50.0,13070.0,4.842529546513256,22.80944862976573,26.79646649678548,27.209999084472656,47.772105081096974,3.9779999256134033,3.9830000400543213,3.9839999675750732,3.996000051498413,3.994999885559082,3.997999906539917,4.000999927520752,3.996999979019165,4.0,4.000999927520752,4.001999855041504,4.0
2025-07-21T19:08:00.0,13080.0,4.671761664017982,22.822469221692966,26.790000915527344,27.209999084472656,47.71563978555426,3.9779999256134033,3.9820001125335693,3.9839999675750732,3.996000051498413,3.99399995803833,3.996999979019165,4.0,3.996999979019165,3.999000072479248,4.000999927520752,4.000999927520752,3.999000072479248
2025-07-21T19:08:10.0,13090.0,4.688294118993396,22.83521219969864,26.790000915527344,27.209999084472656,47.808576504077784,3.9769999980926514,3.9809999465942383,3.9830000400543213,3.994999885559082,3.99399995803833,3.996000051498413,4.0,3.996000051498413,3.997999906539917,4.0,4.0,3.997999906539917
2025-07-21T19:08:20.0,13100.0,4.666243432070045,22.84826416065092,26.790000915527344,27.209999084472656,47.767541277868595,3.9760000705718994,3.9809999465942383,3.9820001125335693,3.99399995803833,3.993000030517578,3.994999885559082,3.999000072479248,3.996000051498413,3.997999906539917,4.0,4.0,3.997999906539917
2025-07-21T19:08:30.0,13110.0,4.489999771118164,22.861140982905315,26.790000915527344,27.209999084472656,47.790000915527344,3.9760000705718994,3.9809999465942383,3.9820001125335693,3.99399995803833,3.993000030517578,3.994999885559082,3.997999906539917,3.994999885559082,3.996999979019165,3.999000072479248,3.999000072479248,3.996999979019165
2025-07-21T19:08:40.0,13120.0,4.71999979019165,22.87405077952804,26.784279748984524,27.209999084472656,47.7400016784668,3.9760000705718994,3.9800000190734863,3.9820001125335693,3.99399995803833,3.992000102996826,3.994999885559082,3.997999906539917,3.994999885559082,3.996999979019165,3.999000072479248,3.999000072479248,3.996999979019165
2025-07-21T19:08:50.0,13130.0,11.539999961853027,22.89115727349025,26.780000686645508,27.209999084472656,47.84000015258789,3.9809999465942383,3.9860000610351562,3.986999988555908,3.99399995803833,3.992000102996826,3.994999885559082,3.997999906539917,3.994999885559082,3.996999979019165,3.999000072479248,3.999000072479248,3.996999979019165
2025-07-21T19:09:00.0,13140.0,10.65999984741211,22.921031543131758,26.780000686645508,27.209999084472656,47.849998474121094,3.9809999465942383,3.9860000610351562,3.986999988555908,3.999000072479248,3.997999906539917,4.000999927520752,4.004000186920166,4.0,4.001999855041504,4.004000186920166,4.004000186920166,4.001999855041504
2025-07-21T19:09:10.0,13150.0,10.449999809265137,22.950117350752173,26.780000686645508,27.209999084472656,47.81999969482422,3.9809999465942383,3.9860000610351562,3.98799991607666,3.999000072479248,3.997999906539917,4.000999927520752,4.004000186920166,4.000999927520752,4.002999782562256,4.004000186920166,4.005000114440918,4.002999782562256
2025-07-21T19:09:20.0,13160.0,10.171142000357467,22.97876941716971,26.778466424472004,27.209999084472656,47.849998474121094,3.9820001125335693,3.9860000610351562,3.98799991607666,4.0,3.997999906539917,4.000999927520752,4.005000114440918,4.000999927520752,4.002999782562256,4.005000114440918,4.005000114440918,4.002999782562256
2025-07-21T19:09:30.0,13170.0,10.134464023939154,23.007746389519987,26.77199001175143,27.209999084472656,47.81410794354795,3.9820001125335693,3.986999988555908,3.98799991607666,4.0,3.999000072479248,4.000999927520752,4.005000114440918,4.000999927520752,4.002999782562256,4.005000114440918,4.005000114440918,4.002999782562256
2025-07-21T19:09:40.0,13180.0,10.079999923706055,23.03576953655066,26.770000457763672,27.209999084472656,47.81999969482422,3.9820001125335693,3.986999988555908,3.98799991607666,4.0,3.999000072479248,4.000999927520752,4.005000114440918,4.000999927520752,4.004000186920166,4.005000114440918,4.00600004196167,4.002999782562256
2025-07-21T19:09:50.0,13190.0,15.029999732971191,23.07065132792481,26.770000457763672,27.209999084472656,47.91999816894531,3.9820001125335693,3.986999988555908,3.98799991607666,4.0,3.999000072479248,4.000999927520752,4.005000114440918,4.000999927520752,4.004000186920166,4.00600004196167,4.008999824523926,4.006999969482422
2025-07-21T19:10:00.0,13200.0,14.624339559343134,23.11215617186131,26.770000457763672,27.209999084472656,47.914626521690224,3.986999988555908,3.992000102996826,3.99399995803833,4.005000114440918,4.004000186920166,4.006999969482422,4.010000228881836,4.00600004196167,4.007999897003174,4.010000228881836,4.010000228881836,4.007999897003174
2025-07-21T19:10:10.0,13210.0,14.289999961853027,23.15339619917984,26.770000457763672,27.206170728457764,47.91999816894531,3.98799991607666,3.992000102996826,3.99399995803833,4.00600004196167,4.004000186920166,4.006999969482422,4.011000156402588,4.006999969482422,4.008999824523926,4.011000156402588,4.011000156402588,4.008999824523926
2025-07-21T19:10:20.0,13220.0,13.949999809265137,23.19410584913898,26.769670787005843,27.200000762939453,47.939998626708984,3.98799991607666,3.993000030517578,3.99399995803833,4.00600004196167,4.005000114440918,4.006999969482422,4.011000156402588,4.006999969482422,4.008999824523926,4.011000156402588,4.01200008392334,4.008999824523926
2025-07-21T19:10:30.0,13230.0,14.5600004196167,23.233926374188616,26.76319395482849,27.200000762939453,47.93000030517578,3.989000082015991,3.993000030517578,3.994999885559082,4.006999969482422,4.005000114440918,4.007999897003174,4.01200008392334,4.007999897003174,4.010000228881836,4.01200008392334,4.01200008392334,4.010000228881836
2025-07-21T19:10:40.0,13240.0,13.91246390186887,23.273868333065067,26.760000228881836,27.200000762939453,47.90302062689089,3.989000082015991,3.993000030517578,3.994999885559082,4.006999969482422,4.005000114440918,4.007999897003174,4.01200008392334,4.007999897003174,4.010000228881836,4.01200008392334,4.01200008392334,4.010000228881836
2025-07-21T19:10:50.0,13250.0,17.98761223933493,23.315800380766476,26.760000228881836,27.200000762939453,48.0,3.993000030517578,3.997999906539917,3.999000072479248,4.006999969482422,4.00600004196167,4.007999897003174,4.01200008392334,4.007999897003174,4.010000228881836,4.015999794006348,4.015999794006348,4.013999938964844
2025-07-21T19:11:00.0,13260.0,17.5277243187553,23.364777229732226,26.760000228881836,27.200000762939453,48.00127095674213,3.993000030517578,3.997999906539917,3.999000072479248,4.011000156402588,4.008999824523926,4.01200008392334,4.015999794006348,4.01200008392334,4.013999938964844,4.015999794006348,4.015999794006348,4.013999938964844
2025-07-21T19:11:10.0,13270.0,16.719999313354492,23.41196363589375,26.760000228881836,27.200000762939453,48.0099983215332,3.99399995803833,3.997999906539917,4.0,4.011000156402588,4.010000228881836,4.013000011444092,4.017000198364258,4.01200008392334,4.014999866485596,4.015999794006348,4.017000198364258,4.014999866485596
2025-07-21T19:11:20.0,13280.0,17.21483634682575,23.4586471928049,26.760000228881836,27.200000762939453,48.01566730075413,3.99399995803833,3.997999906539917,4.0,4.01200008392334,4.010000228881836,4.013000011444092,4.017000198364258,4.013000011444092,4.014999866485596,4.017000198364258,4.017000198364258,4.014999866485596
2025-07-21T19:11:30.0,13290.0,16.579999923706055,23.506758424985495,26.760000228881836,27.200000762939453,48.0099983215332,3.99399995803833,3.999000072479248,4.0,4.01200008392334,4.011000156402588,4.013999938964844,4.017000198364258,4.013000011444092,4.014999866485596,4.017000198364258,4.01800012588501,4.014999866485596
2025-07-21T19:11:40.0,13300.0,16.680520407777117,23.552669005083327,26.757819737580114,27.19782027163773,48.03462824353985,3.994999885559082,3.999000072479248,4.000999927520752,4.01200008392334,4.011000156402588,4.013999938964844,4.01800012588501,4.013999938964844,4.015999794006348,4.01800012588501,4.01800012588501,4.015999794006348
2025-07-21T19:11:50.0,13310.0,19.190000534057617,23.601338311346723,26.751347516441136,27.191348050498753,48.02000045776367,3.994999885559082,3.999000072479248,4.000999927520752,4.013000011444092,4.011000156402588,4.013999938964844,4.01800012588501,4.013999938964844,4.015999794006348,4.019999980926514,4.019999980926514,4.01800012588501
2025-07-21T19:12:00.0,13320.0,16.807151345202794,23.65141483112847,26.75,27.195125902190593,48.02000045776367,3.996000051498413,4.0,4.001999855041504,4.013999938964844,4.013000011444092,4.014999866485596,4.019000053405762,4.014999866485596,4.017000198364258,4.019000053405762,4.019999980926514,4.017000198364258
2025-07-21T19:12:10.0,13330.0,16.899999618530273,23.697877586929355,26.75,27.200000762939453,48.00298240965998,3.996000051498413,4.0,4.001999855041504,4.013999938964844,4.01200008392334,4.014999866485596,4.019000053405762,4.014999866485596,4.017000198364258,4.019000053405762,4.019999980926514,4.017000198364258
2025-07-21T19:12:20.0,13340.0,16.540000915527344,23.744104632763683,26.75,27.200000762939453,48.040000915527344,3.996000051498413,4.000999927520752,4.001999855041504,4.013999938964844,4.013000011444092,4.014999866485596,4.019000053405762,4.014999866485596,4.017000198364258,4.019000053405762,4.019999980926514,4.017000198364258
2025-07-21T19:12:30.0,13350.0,16.450000762939453,23.78979476867499,26.75,27.195409984292144,48.05953722187117,3.996000051498413,4.000999927520752,4.001999855041504,4.013999938964844,4.013000011444092,4.015999794006348,4.019999980926514,4.014999866485596,4.017000198364258,4.019000053405762,4.019999980926514,4.01800012588501
2025-07-21T19:12:40.0,13360.0,16.23320199019612,23.83508522217521,26.75,27.190000534057617,48.035676250869415,3.996000051498413,4.000999927520752,4.001999855041504,4.013999938964844,4.013000011444092,4.015999794006348,4.019999980926514,4.014999866485596,4.017000198364258,4.019000053405762,4.019999980926514,4.01800012588501
2025-07-21T19:12:50.0,13370.0,18.530000686645508,23.883086497738976,26.75,27.190000534057617,48.08156366036608,3.999000072479248,4.002999782562256,4.005000114440918,4.015999794006348,4.014999866485596,4.01800012588501,4.021999835968018,4.01800012588501,4.019999980926514,4.021999835968018,4.021999835968018,4.019999980926514
2025-07-21T19:13:00.0,13380.0,17.979999542236328,23.934306706499875,26.75,27.190000534057617,48.08000183105469,3.999000072479248,4.002999782562256,4.005000114440918,4.015999794006348,4.014999866485596,4.01800012588501,4.021999835968018,4.01800012588501,4.019999980926514,4.021999835968018,4.021999835968018,4.019999980926514
2025-07-21T19:13:10.0,13390.0,17.431514806332814,23.983386525902567,26.75,27.190000534057617,48.060001373291016,3.999000072479248,4.002999782562256,4.005000114440918,4.015999794006348,4.014999866485596,4.01800012588501,4.021999835968018,4.01800012588501,4.019999980926514,4.021999835968018,4.021999835968018,4.019999980926514
2025-07-21T19:13:20.0,13400.0,17.540000915527344,24.032067164326065,26.75,27.190000534057617,48.060001373291016,3.999000072479248,4.002999782562256,4.005000114440918,4.017000198364258,4.014999866485596,4.01800012588501,4.021999835968018,4.01800012588501,4.019999980926514,4.021999835968018,4.0229997634887695,4.019999980926514
2025-07-21T19:13:30.0,13410.0,17.170000076293945,24.08051760243716,26.746608871801353,27.190000534057617,48.060001373291016,3.999000072479248,4.002999782562256,4.005000114440918,4.017000198364258,4.014999866485596,4.01800012588501,4.021999835968018,4.01800012588501,4.019999980926514,4.021999835968018,4.0229997634887695,4.020999908447266
2025-07-21T19:13:40.0,13420.0,17.1200008392334,24.12806189369184,26.74012363906346,27.190000534057617,48.060001373291016,4.0,4.004000186920166,4.00600004196167,4.017000198364258,4.015999794006348,4.019000053405762,4.0229997634887695,4.01800012588501,4.020999908447266,4.021999835968018,4.0229997634887695,4.020999908447266
2025-07-21T19:13:50.0,13430.0,14.388587805803976,24.172073432123746,26.746352895800932,27.190000534057617,48.02000045776367,3.996999979019165,4.001999855041504,4.002999782562256,4.014999866485596,4.013999938964844,4.017000198364258,4.019999980926514,4.015999794006348,4.01800012588501,4.019999980926514,4.020999908447266,4.019000053405762
2025-07-21T19:14:00.0,13440.0,13.479999542236328,24.210775765427304,26.75,27.190000534057617,48.0099983215332,3.996999979019165,4.000999927520752,4.002999782562256,4.013999938964844,4.013000011444092,4.015999794006348,4.019999980926514,4.015999794006348,4.01800012588501,4.019999980926514,4.019999980926514,4.01800012588501
2025-07-21T19:14:10.0,13450.0,13.65999984741211,24.248060659540318,26.75,27.190000534057617,48.060001373291016,3.996999979019165,4.000999927520752,4.002999782562256,4.013999938964844,4.013000011444092,4.015999794006348,4.019999980926514,4.015999794006348,4.01800012588501,4.019999980926514,4.019999980926514,4.01800012588501
2025-07-21T19:14:20.0,13460.0,13.66705222659634,24.28657912271614,26.744191549969152,27.190000534057617,48.04834643027765,3.996000051498413,4.000999927520752,4.002999782562256,4.013999938964844,4.013000011444092,4.015999794006348,4.019999980926514,4.014999866485596,4.01800012588501,4.019999980926514,4.019999980926514,4.01800012588501
2025-07-21T19:14:30.0,13470.0,13.640000343322754,24.3240334425233,26.739999771118164,27.190000534057617,48.029998779296875,3.996000051498413,4.000999927520752,4.001999855041504,4.013999938964844,4.013000011444092,4.015999794006348,4.019000053405762,4.014999866485596,4.01800012588501,4.019000053405762,4.019999980926514,4.01800012588501
2025-07-21T19:14:40.0,13480.0,13.739999771118164,24.36160358188982,26.739999771118164,27.190000534057617,47.9900016784668,3.996000051498413,4.0,4.001999855041504,4.013999938964844,4.013000011444092,4.014999866485596,4.019000053405762,4.014999866485596,4.017000198364258,4.019000053405762,4.019999980926514,4.017000198364258
2025-07-21T19:14:50.0,13490.0,15.936954546909789,24.40092130657814,26.739999771118164,27.190000534057617,48.05317036227176,3.999000072479248,4.002999782562256,4.005000114440918,4.015999794006348,4.014999866485596,4.01800012588501,4.021999835968018,4.01800012588501,4.019999980926514,4.020999908447266,4.021999835968018,4.019999980926514
2025-07-21T19:15:00.0,13500.0,15.704786532767338,24.446033492194363,26.739999771118164,27.190000534057617,48.060001373291016,3.997999906539917,4.001999855041504,4.004000186920166,4.015999794006348,4.014999866485596,4.01800012588501,4.020999908447266,4.017000198364258,4.019000053405762,4.020999908447266,4.021999835968018,4.019000053405762
2025-07-21T19:15:10.0,13510.0,14.928692923028503,24.487532255647,26.739999771118164,27.190000534057617,48.046265396906556,3.997999906539917,4.001999855041504,4.004000186920166,4.015999794006348,4.013999938964844,4.01800012588501,4.020999908447266,4.017000198364258,4.019000053405762,4.020999908447266,4.021999835968018,4.019000053405762
2025-07-21T19:15:20.0,13520.0,15.239999771118164,24.528989358758214,26.739999771118164,27.190000534057617,48.04999923706055,3.997999906539917,4.001999855041504,4.004000186920166,4.015999794006348,4.013999938964844,4.01800012588501,4.020999908447266,4.017000198364258,4.019000053405762,4.020999908447266,4.021999835968018,4.019000053405762
2025-07-21T19:15:30.0,13530.0,15.140000343322754,24.570212941856997,26.739999771118164,27.190000534057617,48.060001373291016,3.997999906539917,4.001999855041504,4.004000186920166,4.015999794006348,4.014999866485596,4.01800012588501,4.020999908447266,4.017000198364258,4.019000053405762,4.020999908447266,4.021999835968018,4.019000053405762
2025-07-21T19:15:40.0,13540.0,14.745533188393374,24.610732034207533,26.739999771118164,27.190000534057617,48.02000045776367,3.997999906539917,4.002999782562256,4.004000186920166,4.015999794006348,4.014999866485596,4.01800012588501,4.020999908447266,4.017000198364258,4.019000053405762,4.020999908447266,4.021999835968018,4.019000053405762
2025-07-21T19:15:50.0,13550.0,16.60396762521481,24.650156837550618,26.739999771118164,27.190000534057617,48.07038601146026,4.000999927520752,4.005000114440918,4.006999969482422,4.01800012588501,4.017000198364258,4.019999980926514,4.02400016784668,4.019999980926514,4.021999835968018,4.0229997634887695,4.02400016784668,4.021999835968018
2025-07-21T19:16:00.0,13560.0,16.219999313354492,24.696695199109,26.739999771118164,27.190000534057617,48.08000183105469,4.0,4.005000114440918,4.006999969482422,4.01800012588501,4.017000198364258,4.019999980926514,4.02400016784668,4.019000053405762,4.020999908447266,4.0229997634887695,4.02400016784668,4.021999835968018
2025-07-21T19:16:10.0,13570.0,15.829999923706055,24.741485444839086,26.739999771118164,27.190000534057617,48.06999969482422,4.000999927520752,4.005000114440918,4.006999969482422,4.01800012588501,4.017000198364258,4.019999980926514,4.0229997634887695,4.019000053405762,4.020999908447266,4.0229997634887695,4.02400016784668,4.021999835968018
2025-07-21T19:16:20.0,13580.0,15.819348787633972,24.785730846884068,26.736470010855538,27.190000534057617,48.078831646489164,4.000999927520752,4.005000114440918,4.006999969482422,4.01800012588501,4.017000198364258,4.019999980926514,4.02400016784668,4.019999980926514,4.021999835968018,4.0229997634887695,4.02400016784668,4.021999835968018
2025-07-21T19:16:30.0,13590.0,15.930000305175781,24.829896971930218,26.729999542236328,27.190000534057617,48.060001373291016,4.000999927520752,4.005000114440918,4.006999969482422,4.01800012588501,4.017000198364258,4.019999980926514,4.02400016784668,4.019999980926514,4.021999835968018,4.02400016784668,4.02400016784668,4.021999835968018
2025-07-21T19:16:40.0,13600.0,15.949999809265137,24.87395707731997,26.729999542236328,27.190000534057617,48.09000015258789,4.000999927520752,4.005000114440918,4.006999969482422,4.019000053405762,4.017000198364258,4.019999980926514,4.02400016784668,4.019999980926514,4.021999835968018,4.02400016784668,4.02400016784668,4.021999835968018
2025-07-21T19:16:50.0,13610.0,-0.0021372548541865703,24.90652447397732,26.729999542236328,27.190000534057617,47.849998474121094,4.000999927520752,4.005000114440918,4.006999969482422,4.007999897003174,4.00600004196167,4.008999824523926,4.01200008392334,4.008999824523926,4.011000156402588,4.013000011444092,4.013000011444092,4.011000156402588
2025-07-21T19:17:00.0,13620.0,0.03999999910593033,24.906548496199008,26.729999542236328,27.190000534057617,47.81999969482422,3.9860000610351562,3.990999937057495,3.993000030517578,4.005000114440918,4.002999782562256,4.00600004196167,4.007999897003174,4.00600004196167,4.007999897003174,4.008999824523926,4.010000228881836,4.007999897003174
2025-07-21T19:17:10.0,13630.0,0.009999999776482582,24.90665294897445,26.729999542236328,27.190000534057617,47.79999923706055,3.9839999675750732,3.989000082015991,3.990999937057495,4.002999782562256,4.001999855041504,4.004000186920166,4.006999969482422,4.004000186920166,4.00600004196167,4.006999969482422,4.007999897003174,4.00600004196167
2025-07-21T19:17:20.0,13640.0,-0.009999999776482582,24.90670478786218,26.729999542236328,27.190000534057617,47.770605221459306,3.9830000400543213,3.98799991607666,3.989000082015991,4.000999927520752,4.0,4.001999855041504,4.005000114440918,4.001999855041504,4.004000186920166,4.005000114440918,4.00600004196167,4.004000186920166
2025-07-21T19:17:30.0,13650.0,0.029568628018425566,24.906685482307054,26.729999542236328,27.190000534057617,47.765107326370355,3.9809999465942383,3.9860000610351562,3.98799991607666,4.0,3.997999906539917,4.000999927520752,4.004000186920166,4.000999927520752,4.002999782562256,4.005000114440918,4.005000114440918,4.002999782562256
2025-07-21T19:17:40.0,13660.0,0.03888235207208683,24.906791193418428,26.724606218026036,27.184607209847325,47.75281836270818,3.9800000190734863,3.984999895095825,3.986999988555908,3.999000072479248,3.996999979019165,4.0,4.001999855041504,4.0,4.001999855041504,4.002999782562256,4.004000186920166,4.001999855041504
2025-07-21T19:17:50.0,13670.0,-0.0,24.906871757305517,26.719999313354492,27.18000030517578,47.75,3.9790000915527344,3.9839999675750732,3.9860000610351562,3.997999906539917,3.996000051498413,3.997999906539917,4.000999927520752,3.997999906539917,4.000999927520752,4.001999855041504,4.001999855041504,4.000999927520752
2025-07-21T19:18:00.0,13680.0,0.03999999910593033,24.90689063508287,26.719999313354492,27.18000030517578,47.7400016784668,3.9779999256134033,3.9830000400543213,3.984999895095825,3.996999979019165,3.994999885559082,3.997999906539917,4.000999927520752,3.997999906539917,4.0,4.001999855041504,4.001999855041504,4.0
2025-07-21T19:18:10.0,13690.0,0.0070921051046283125,24.906954785081435,26.715187919186246,27.18000030517578,47.731823461196,3.9779999256134033,3.9830000400543213,3.984999895095825,3.996999979019165,3.994999885559082,3.997999906539917,4.0,3.997999906539917,4.0,4.000999927520752,4.000999927520752,3.999000072479248
2025-07-21T19:18:20.0,13700.0,0.022637680653440337,24.90703721285737,26.709999084472656,27.18000030517578,47.717403543595786,3.9769999980926514,3.9820001125335693,3.9839999675750732,3.996000051498413,3.99399995803833,3.996000051498413,4.0,3.996999979019165,3.999000072479248,4.0,4.0,3.997999906539917
2025-07-21T19:18:30.0,13710.0,0.029999999329447746,24.907100110078186,26.709999084472656,27.18000030517578,47.70000076293945,3.9760000705718994,3.9809999465942383,3.9830000400543213,3.994999885559082,3.99399995803833,3.996000051498413,3.997999906539917,3.996000051498413,3.997999906539917,3.999000072479248,4.0,3.997999906539917
2025-07-21T19:18:40.0,13720.0,0.05000000074505806,24.90718546563329,26.70570482126921,27.18000030517578,47.70000076293945,3.9760000705718994,3.9809999465942383,3.9820001125335693,3.994999885559082,3.993000030517578,3.994999885559082,3.997999906539917,3.994999885559082,3.996999979019165,3.999000072479248,3.999000072479248,3.996999979019165
2025-07-21T19:18:50.0,13730.0,0.019999999552965164,24.90726852952124,26.700000762939453,27.18000030517578,47.70000076293945,3.9749999046325684,3.9809999465942383,3.9820001125335693,3.99399995803833,3.993000030517578,3.994999885559082,3.997999906539917,3.994999885559082,3.996999979019165,3.997999906539917,3.999000072479248,3.996999979019165
2025-07-21T19:19:00.0,13740.0,0.019999999552965164,24.907362168410398,26.700000762939453,27.18000030517578,47.69887552261353,3.9749999046325684,3.9800000190734863,3.9809999465942383,3.99399995803833,3.992000102996826,3.99399995803833,3.996999979019165,3.994999885559082,3.996000051498413,3.997999906539917,3.997999906539917,3.996000051498413
2025-07-21T19:19:10.0,13750.0,0.019999999552965164,24.907417723964713,26.69626017507245,27.176259717308778,47.689998626708984,3.9739999771118164,3.9800000190734863,3.9809999465942383,3.993000030517578,3.992000102996826,3.99399995803833,3.996999979019165,3.99399995803833,3.996000051498413,3.997999906539917,3.997999906539917,3.996000051498413
2025-07-21T19:19:20.0,13760.0,0.019999999552965164,24.90746055729709,26.690000534057617,27.170000076293945,47.68000030517578,3.9739999771118164,3.9790000915527344,3.9809999465942383,3.993000030517578,3.990999937057495,3.993000030517578,3.996000051498413,3.99399995803833,3.994999885559082,3.996999979019165,3.996999979019165,3.994999885559082
2025-07-21T19:19:30.0,13770.0,0.019999999552965164,24.907494951740766,26.690000534057617,27.170000076293945,47.68000030517578,3.9739999771118164,3.9790000915527344,3.9800000190734863,3.993000030517578,3.990999937057495,3.993000030517578,3.996000051498413,3.993000030517578,3.994999885559082,3.996999979019165,3.996999979019165,3.994999885559082
2025-07-21T19:19:40.0,13780.0,0.016197368059012937,24.907557198961598,26.686840825139665,27.170000076293945,47.66999816894531,3.9730000495910645,3.9790000915527344,3.9800000190734863,3.992000102996826,3.990999937057495,3.993000030517578,3.994999885559082,3.993000030517578,3.994999885559082,3.996000051498413,3.996000051498413,3.994999885559082
2025-07-21T19:19:50.0,13790.0,0.014919999666519967,24.907587593405363,26.680351383944444,27.170000076293945,47.66933827972412,3.9730000495910645,3.9779999256134033,3.9790000915527344,3.992000102996826,3.990999937057495,3.992000102996826,3.994999885559082,3.993000030517578,3.994999885559082,3.996000051498413,3.996000051498413,3.994999885559082
2025-07-21T19:20:00.0,13800.0,0.019999999552965164,24.907652368403916,26.68000030517578,27.16387006754576,47.66999816894531,3.9730000495910645,3.9779999256134033,3.9790000915527344,3.992000102996826,3.990000009536743,3.992000102996826,3.994999885559082,3.992000102996826,3.99399995803833,3.996000051498413,3.996000051498413,3.99399995803833
2025-07-21T19:20:10.0,13810.0,0.019999999552965164,24.907694535069638,26.677408058445874,27.15999984741211,47.65999984741211,3.9719998836517334,3.9779999256134033,3.9790000915527344,3.990999937057495,3.990000009536743,3.992000102996826,3.994999885559082,3.992000102996826,3.99399995803833,3.994999885559082,3.996000051498413,3.99399995803833
2025-07-21T19:20:20.0,13820.0,0.013661764400513553,24.90772740173557,26.670972490596053,27.15999984741211,47.650001525878906,3.9719998836517334,3.9779999256134033,3.9790000915527344,3.990999937057495,3.990000009536743,3.992000102996826,3.99399995803833,3.992000102996826,3.99399995803833,3.994999885559082,3.994999885559082,3.99399995803833
2025-07-21T19:20:30.0,13830.0,0.020519736383451434,24.907762701734782,26.664494762222745,27.15999984741211,47.66999816894531,3.9719998836517334,3.9769999980926514,3.9779999256134033,3.990999937057495,3.989000082015991,3.990999937057495,3.99399995803833,3.990999937057495,3.993000030517578,3.994999885559082,3.994999885559082,3.993000030517578
2025-07-21T19:20:40.0,13840.0,-0.0,24.90780037395616,26.65999984741211,27.15801081938629,47.65999984741211,3.9719998836517334,3.9769999980926514,3.9779999256134033,3.990999937057495,3.989000082015991,3.990999937057495,3.99399995803833,3.990999937057495,3.993000030517578,3.994999885559082,3.994999885559082,3.993000030517578
2025-07-21T19:20:50.0,13850.0,4.28000020980835,24.908287462868017,26.65999984741211,27.15152978965082,47.709999084472656,3.9719998836517334,3.9769999980926514,3.9779999256134033,3.990999937057495,3.989000082015991,3.990999937057495,3.99399995803833,3.990999937057495,3.993000030517578,3.994999885559082,3.994999885559082,3.993000030517578
2025-07-21T19:21:00.0,13860.0,4.076750043034514,24.920131649452305,26.655036121068488,27.149999618530273,47.709999084472656,3.9749999046325684,3.9809999465942383,3.9820001125335693,3.99399995803833,3.993000030517578,3.994999885559082,3.997999906539917,3.994999885559082,3.996999979019165,3.997999906539917,3.997999906539917,3.996999979019165
2025-07-21T19:21:10.0,13870.0,4.032764718111839,24.93126959114246,26.649999618530273,27.149999618530273,47.7292931820537,3.9749999046325684,3.9809999465942383,3.9820001125335693,3.99399995803833,3.993000030517578,3.994999885559082,3.997999906539917,3.994999885559082,3.996999979019165,3.999000072479248,3.999000072479248,3.996999979019165
2025-07-21T19:21:20.0,13880.0,3.920591969392771,24.942458610991363,26.649999618530273,27.149999618530273,47.728314336140954,3.9760000705718994,3.9809999465942383,3.9820001125335693,3.994999885559082,3.993000030517578,3.994999885559082,3.997999906539917,3.994999885559082,3.996999979019165,3.999000072479248,3.999000072479248,3.996999979019165
2025-07-21T19:21:30.0,13890.0,3.9800658084844422,24.953533794541812,26.649999618530273,27.149999618530273,47.689998626708984,3.9760000705718994,3.9809999465942383,3.9820001125335693,3.994999885559082,3.99399995803833,3.994999885559082,3.997999906539917,3.996000051498413,3.997999906539917,3.999000072479248,3.999000072479248,3.996999979019165
2025-07-21T19:21:40.0,13900.0,4.039999961853027,24.96468611394696,26.649156640119013,27.149156640119013,47.75,3.9760000705718994,3.9820001125335693,3.9830000400543213,3.994999885559082,3.99399995803833,3.994999885559082,3.999000072479248,3.996000051498413,3.997999906539917,3.999000072479248,3.999000072479248,3.996999979019165
2025-07-21T19:21:50.0,13910.0,7.36921579448196,24.977346072264236,26.642667198923792,27.142667198923792,47.84000015258789,3.9760000705718994,3.9820001125335693,3.9830000400543213,3.994999885559082,3.99399995803833,3.996000051498413,3.999000072479248,3.996000051498413,3.997999906539917,3.999000072479248,3.999000072479248,3.997999906539917
2025-07-21T19:22:00.0,13920.0,9.399999618530273,25.002461680396916,26.639999389648438,27.139999389648438,47.849998474121094,3.9820001125335693,3.986999988555908,3.98799991607666,4.000999927520752,3.999000072479248,4.000999927520752,4.005000114440918,4.000999927520752,4.002999782562256,4.005000114440918,4.005000114440918,4.002999782562256
2025-07-21T19:22:10.0,13930.0,8.850000381469727,25.027661055198767,26.639999389648438,27.139999389648438,47.779998779296875,3.9820001125335693,3.98799991607666,3.989000082015991,4.000999927520752,4.0,4.001999855041504,4.005000114440918,4.000999927520752,4.002999782562256,4.005000114440918,4.005000114440918,4.002999782562256
2025-07-21T19:22:20.0,13940.0,8.970000267028809,25.052417550335715,26.639999389648438,27.139999389648438,47.81999969482422,3.9830000400543213,3.98799991607666,3.990000009536743,4.001999855041504,4.0,4.001999855041504,4.00600004196167,4.001999855041504,4.004000186920166,4.00600004196167,4.00600004196167,4.004000186920166
2025-07-21T19:22:30.0,13950.0,8.789999961853027,25.076896684130816,26.63668414927745,27.13668414927745,47.86000061035156,3.9839999675750732,3.989000082015991,3.990000009536743,4.001999855041504,4.000999927520752,4.002999782562256,4.006999969482422,4.002999782562256,4.005000114440918,4.006999969482422,4.006999969482422,4.005000114440918
2025-07-21T19:22:40.0,13960.0,8.720000267028809,25.101301509076478,26.630195129173735,27.130195129173735,47.86000061035156,3.9839999675750732,3.989000082015991,3.990999937057495,4.002999782562256,4.000999927520752,4.002999782562256,4.006999969482422,4.002999782562256,4.005000114440918,4.006999969482422,4.006999969482422,4.005000114440918
2025-07-21T19:22:50.0,13970.0,14.8100004196167,25.12869465132686,26.6299991607666,27.1299991607666,47.939998626708984,3.9839999675750732,3.989000082015991,3.990999937057495,4.002999782562256,4.000999927520752,4.002999782562256,4.006999969482422,4.004000186920166,4.00600004196167,4.007999897003174,4.007999897003174,4.00600004196167
2025-07-21T19:23:00.0,13980.0,13.520000457763672,25.16802164861837,26.627229815818602,27.1299991607666,47.931235391953415,3.990000009536743,3.994999885559082,3.996000051498413,4.007999897003174,4.006999969482422,4.008999824523926,4.013000011444092,4.008999824523926,4.011000156402588,4.013000011444092,4.013000011444092,4.011000156402588
2025-07-21T19:23:10.0,13990.0,13.644776393865323,25.204925507649573,26.620741191291895,27.1299991607666,47.94217672348022,3.990999937057495,3.996000051498413,3.996999979019165,4.008999824523926,4.007999897003174,4.010000228881836,4.013999938964844,4.010000228881836,4.01200008392334,4.013999938964844,4.013999938964844,4.01200008392334
2025-07-21T19:23:20.0,14000.0,12.960000038146973,25.241690694157537,26.6200008392334,27.1299991607666,47.970001220703125,3.990999937057495,3.996000051498413,3.997999906539917,4.010000228881836,4.007999897003174,4.010000228881836,4.013999938964844,4.010000228881836,4.013000011444092,4.013999938964844,4.014999866485596,4.013000011444092
2025-07-21T19:23:30.0,14010.0,13.09000015258789,25.277909213589552,26.61784330443446,27.12784203747535,47.970001220703125,3.992000102996826,3.996999979019165,3.997999906539917,4.010000228881836,4.008999824523926,4.011000156402588,4.014999866485596,4.011000156402588,4.013000011444092,4.014999866485596,4.014999866485596,4.013000011444092
2025-07-21T19:23:40.0,14020.0,13.039999961853027,25.314214283488845,26.611362274698987,27.121362243869903,47.959999084472656,3.992000102996826,3.997999906539917,3.999000072479248,4.011000156402588,4.010000228881836,4.01200008392334,4.014999866485596,4.011000156402588,4.013000011444092,4.014999866485596,4.014999866485596,4.013000011444092
2025-07-21T19:23:50.0,14030.0,15.279999732971191,25.351460493923547,26.610000610351562,27.1200008392334,48.0,3.993000030517578,3.997999906539917,3.999000072479248,4.011000156402588,4.010000228881836,4.01200008392334,4.015999794006348,4.01200008392334,4.013999938964844,4.015999794006348,4.015999794006348,4.013999938964844
2025-07-21T19:24:00.0,14040.0,14.709338502322765,25.393003733003656,26.610000610351562,27.1200008392334,47.970001220703125,3.994999885559082,4.0,4.001999855041504,4.013999938964844,4.01200008392334,4.014999866485596,4.01800012588501,4.013999938964844,4.017000198364258,4.01800012588501,4.019000053405762,4.017000198364258
2025-07-21T19:24:10.0,14050.0,13.9399995803833,25.432319561197218,26.610000610351562,27.1200008392334,48.0,3.996000051498413,4.000999927520752,4.001999855041504,4.013999938964844,4.013000011444092,4.014999866485596,4.019000053405762,4.014999866485596,4.017000198364258,4.019000053405762,4.019000053405762,4.017000198364258
2025-07-21T19:24:20.0,14060.0,13.880000114440918,25.471305410658243,26.605442231713152,27.1200008392334,48.0099983215332,3.996000051498413,4.000999927520752,4.001999855041504,4.013999938964844,4.013000011444092,4.014999866485596,4.019000053405762,4.014999866485596,4.017000198364258,4.019000053405762,4.019000053405762,4.017000198364258
2025-07-21T19:24:30.0,14070.0,14.15999984741211,25.50997755530939,26.600000381469727,27.119006018442317,47.9900016784668,3.996000051498413,4.000999927520752,4.002999782562256,4.014999866485596,4.013000011444092,4.015999794006348,4.019000053405762,4.014999866485596,4.01800012588501,4.019000053405762,4.019999980926514,4.01800012588501
2025-07-21T19:24:40.0,14080.0,13.869999885559082,25.548480524215954,26.600000381469727,27.112583676343647,48.0099983215332,3.996999979019165,4.001999855041504,4.002999782562256,4.014999866485596,4.013999938964844,4.015999794006348,4.019999980926514,4.015999794006348,4.01800012588501,4.019999980926514,4.019999980926514,4.01800012588501
2025-07-21T19:24:50.0,14090.0,15.027451171126895,25.586795377219243,26.600000381469727,27.110000610351562,48.029998779296875,3.999000072479248,4.002999782562256,4.005000114440918,4.017000198364258,4.014999866485596,4.01800012588501,4.021999835968018,4.01800012588501,4.019999980926514,4.020999908447266,4.021999835968018,4.019999980926514
2025-07-21T19:25:00.0,14100.0,14.979999542236328,25.629744966599137,26.59965419499784,27.110000610351562,48.04999923706055,3.999000072479248,4.004000186920166,4.005000114440918,4.017000198364258,4.015999794006348,4.01800012588501,4.021999835968018,4.01800012588501,4.019999980926514,4.021999835968018,4.021999835968018,4.019999980926514
2025-07-21T19:25:10.0,14110.0,14.792000293731718,25.671118597108777,26.59323144041734,27.110000610351562,48.04870449038718,3.999000072479248,4.004000186920166,4.005000114440918,4.017000198364258,4.015999794006348,4.01800012588501,4.021999835968018,4.01800012588501,4.019999980926514,4.021999835968018,4.021999835968018,4.019999980926514
2025-07-21T19:25:20.0,14120.0,14.510000228881836,25.711615403259586,26.59000015258789,27.110000610351562,48.029998779296875,3.999000072479248,4.004000186920166,4.00600004196167,4.017000198364258,4.015999794006348,4.019000053405762,4.021999835968018,4.01800012588501,4.019999980926514,4.021999835968018,4.021999835968018,4.019999980926514
2025-07-21T19:25:30.0,14130.0,14.300000190734863,25.751605434393607,26.59000015258789,27.110000610351562,48.040000915527344,3.999000072479248,4.004000186920166,4.00600004196167,4.017000198364258,4.015999794006348,4.019000053405762,4.021999835968018,4.01800012588501,4.020999908447266,4.021999835968018,4.0229997634887695,4.020999908447266
2025-07-21T19:25:40.0,14140.0,14.283313746857484,25.791212556715003,26.59000015258789,27.103785950938217,48.04999923706055,4.0,4.004000186920166,4.00600004196167,4.01800012588501,4.015999794006348,4.019000053405762,4.0229997634887695,4.019000053405762,4.020999908447266,4.021999835968018,4.0229997634887695,4.020999908447266
2025-07-21T19:25:50.0,14150.0,14.744542287065494,25.830555151267305,26.587301193994797,27.10269934006282,48.05520537322139,4.0,4.005000114440918,4.00600004196167,4.01800012588501,4.017000198364258,4.019000053405762,4.0229997634887695,4.019000053405762,4.020999908447266,4.0229997634887695,4.0229997634887695,4.020999908447266
2025-07-21T19:26:00.0,14160.0,14.819999694824219,25.872427372558903,26.580811752799576,27.10918878125804,48.06999969482422,4.000999927520752,4.00600004196167,4.006999969482422,4.019000053405762,4.01800012588501,4.019999980926514,4.02400016784668,4.019999980926514,4.021999835968018,4.02400016784668,4.02400016784668,4.021999835968018
2025-07-21T19:26:10.0,14170.0,14.797189367830363,25.91342684495448,26.579999923706055,27.104322998249863,48.06174640032201,4.000999927520752,4.00600004196167,4.006999969482422,4.019000053405762,4.01800012588501,4.019999980926514,4.02400016784668,4.019999980926514,4.021999835968018,4.02400016784668,4.02400016784668,4.021999835968018
2025-07-21T19:26:20.0,14180.0,14.720000267028809,25.954348539952957,26.579999923706055,27.100000381469727,48.09000015258789,4.000999927520752,4.00600004196167,4.007999897003174,4.019000053405762,4.01800012588501,4.019999980926514,4.02400016784668,4.019999980926514,4.021999835968018,4.02400016784668,4.025000095367432,4.021999835968018
2025-07-21T19:26:30.0,14190.0,14.50432013094042,25.99495647581894,26.579999923706055,27.100000381469727,48.060001373291016,4.000999927520752,4.00600004196167,4.007999897003174,4.019000053405762,4.01800012588501,4.020999908447266,4.02400016784668,4.019999980926514,4.021999835968018,4.02400016784668,4.025000095367432,4.021999835968018
2025-07-21T19:26:40.0,14200.0,14.470000267028809,26.034882636910268,26.57484198596274,27.100000381469727,48.060001373291016,4.001999855041504,4.00600004196167,4.007999897003174,4.019999980926514,4.01800012588501,4.020999908447266,4.025000095367432,4.020999908447266,4.0229997634887695,4.02400016784668,4.025000095367432,4.0229997634887695
2025-07-21T19:26:50.0,14210.0,15.430000305175781,26.074678731933687,26.56999969482422,27.100000381469727,48.08000183105469,4.001999855041504,4.006999969482422,4.007999897003174,4.019999980926514,4.01800012588501,4.020999908447266,4.025000095367432,4.020999908447266,4.0229997634887695,4.025000095367432,4.025000095367432,4.0229997634887695
2025-07-21T19:27:00.0,14220.0,15.109999656677246,26.11745101583347,26.56999969482422,27.100000381469727,48.09000015258789,4.002999782562256,4.007999897003174,4.008999824523926,4.020999908447266,4.019000053405762,4.021999835968018,4.026000022888184,4.021999835968018,4.02400016784668,4.026000022888184,4.026000022888184,4.02400016784668
2025-07-21T19:27:10.0,14230.0,14.579999923706055,26.15874685680547,26.56999969482422,27.095396864730425,48.08000183105469,4.001999855041504,4.006999969482422,4.008999824523926,4.020999908447266,4.019000053405762,4.021999835968018,4.026000022888184,4.020999908447266,4.02400016784668,4.025000095367432,4.026000022888184,4.02400016784668
2025-07-21T19:27:20.0,14240.0,13.970000267028809,26.199062331697398,26.56999969482422,27.09000015258789,48.060001373291016,4.002999782562256,4.006999969482422,4.008999824523926,4.020999908447266,4.019000053405762,4.021999835968018,4.026000022888184,4.020999908447266,4.0229997634887695,4.025000095367432,4.026000022888184,4.02400016784668
2025-07-21T19:27:30.0,14250.0,13.800000190734863,26.23780571301433,26.56999969482422,27.09000015258789,48.09000015258789,4.001999855041504,4.006999969482422,4.008999824523926,4.019999980926514,4.019000053405762,4.021999835968018,4.025000095367432,4.020999908447266,4.0229997634887695,4.025000095367432,4.026000022888184,4.02400016784668
2025-07-21T19:27:40.0,14260.0,13.569999694824219,26.276157471836928,26.56999969482422,27.09000015258789,48.08000183105469,4.001999855041504,4.006999969482422,4.008999824523926,4.019999980926514,4.019000053405762,4.021999835968018,4.025000095367432,4.020999908447266,4.0229997634887695,4.025000095367432,4.026000022888184,4.02400016784668
2025-07-21T19:27:50.0,14270.0,14.979999542236328,26.31395363548013,26.56999969482422,27.09000015258789,48.08041455864821,4.001999855041504,4.006999969482422,4.008999824523926,4.019999980926514,4.019000053405762,4.021999835968018,4.025000095367432,4.020999908447266,4.0229997634887695,4.025000095367432,4.026000022888184,4.02400016784668
2025-07-21T19:28:00.0,14280.0,14.744587926303703,26.35566851633124,26.56999969482422,27.09000015258789,48.099998474121094,4.004000186920166,4.007999897003174,4.010000228881836,4.020999908447266,4.019999980926514,4.0229997634887695,4.0269999504089355,4.0229997634887695,4.025000095367432,4.026000022888184,4.0269999504089355,4.025000095367432
2025-07-21T19:28:10.0,14290.0,14.452184256126996,26.396069918840976,26.56646153190122,27.09000015258789,48.09000015258789,4.004000186920166,4.007999897003174,4.010000228881836,4.021999835968018,4.019999980926514,4.0229997634887695,4.0269999504089355,4.0229997634887695,4.025000095367432,4.026000022888184,4.0269999504089355,4.025000095367432
2025-07-21T19:28:20.0,14300.0,14.619999885559082,26.436117624413956,26.559999465942383,27.09000015258789,48.11000061035156,4.004000186920166,4.008999824523926,4.010000228881836,4.021999835968018,4.020999908447266,4.0229997634887695,4.0269999504089355,4.0229997634887695,4.025000095367432,4.026000022888184,4.0269999504089355,4.025000095367432
2025-07-21T19:28:30.0,14310.0,14.270000457763672,26.476183610647507,26.559999465942383,27.09000015258789,48.11777529021042,4.004000186920166,4.008999824523926,4.010000228881836,4.021999835968018,4.020999908447266,4.0229997634887695,4.0269999504089355,4.0229997634887695,4.025000095367432,4.0269999504089355,4.0269999504089355,4.025000095367432
2025-07-21T19:28:40.0,14320.0,14.30005912032783,26.515858895042197,26.559999465942383,27.09000015258789,48.11000061035156,4.004000186920166,4.008999824523926,4.010000228881836,4.021999835968018,4.020999908447266,4.0229997634887695,4.0269999504089355,4.0229997634887695,4.025000095367432,4.0269999504089355,4.0269999504089355,4.025000095367432
2025-07-21T19:28:50.0,14330.0,8.5,26.55483421491516,26.559999465942383,27.09000015258789,47.941296236138655,4.004000186920166,4.008999824523926,4.011000156402588,4.021999835968018,4.020999908447266,4.0229997634887695,4.0269999504089355,4.0229997634887695,4.025000095367432,4.0269999504089355,4.0279998779296875,4.025000095367432
2025-07-21T19:29:00.0,14340.0,3.6700000762939453,26.570766695572125,26.559999465942383,27.08400584818555,47.900001525878906,3.994999885559082,4.0,4.000999927520752,4.013000011444092,4.01200008392334,4.013999938964844,4.017000198364258,4.013999938964844,4.015999794006348,4.01800012588501,4.01800012588501,4.015999794006348
2025-07-21T19:29:10.0,14350.0,3.759999990463257,26.58105536513864,26.559999465942383,27.08247824129851,47.90999984741211,3.99399995803833,3.997999906539917,4.0,4.01200008392334,4.010000228881836,4.013000011444092,4.015999794006348,4.013000011444092,4.013999938964844,4.017000198364258,4.01800012588501,4.015999794006348
2025-07-21T19:29:20.0,14360.0,3.6644803447158734,26.59125419590194,26.559999465942383,27.08896768249373,47.88523612273366,3.993000030517578,3.997999906539917,3.999000072479248,4.011000156402588,4.010000228881836,4.01200008392334,4.014999866485596,4.01200008392334,4.013999938964844,4.014999866485596,4.015999794006348,4.013999938964844
2025-07-21T19:29:30.0,14370.0,3.5299999713897705,26.601537762579706,26.554574530475808,27.084575217121316,47.900001525878906,3.990999937057495,3.996999979019165,3.997999906539917,4.010000228881836,4.007999897003174,4.011000156402588,4.013999938964844,4.011000156402588,4.013000011444092,4.013999938964844,4.014999866485596,4.013000011444092
2025-07-21T19:29:40.0,14380.0,3.609999895095825,26.611690518012104,26.549999237060547,27.079999923706055,47.880001068115234,3.990999937057495,3.996000051498413,3.996999979019165,4.008999824523926,4.007999897003174,4.010000228881836,4.013000011444092,4.010000228881836,4.01200008392334,4.013000011444092,4.013999938964844,4.01200008392334
2025-07-21T19:29:50.0,14390.0,5.567333205541666,26.62135228195865,26.549999237060547,27.079999923706055,47.977693704458375,3.990000009536743,3.994999885559082,3.996999979019165,4.007999897003174,4.006999969482422,4.008999824523926,4.01200008392334,4.008999824523926,4.011000156402588,4.013000011444092,4.013000011444092,4.011000156402588
2025-07-21T19:30:00.0,14400.0,11.739999771118164,26.65125359247829,26.549999237060547,27.079999923706055,47.9900016784668,3.996999979019165,4.001999855041504,4.002999782562256,4.014999866485596,4.013000011444092,4.015999794006348,4.019000053405762,4.015999794006348,4.01800012588501,4.019000053405762,4.019999980926514,4.01800012588501
2025-07-21T19:30:10.0,14410.0,10.788538016792097,26.681706253961842,26.548638820279027,27.07863924740207,47.9900016784668,3.996999979019165,4.001999855041504,4.002999782562256,4.014999866485596,4.013999938964844,4.015999794006348,4.019000053405762,4.015999794006348,4.01800012588501,4.019999980926514,4.019999980926514,4.01800012588501
2025-07-21T19:30:20.0,14420.0,10.960000038146973,26.711782837751297,26.542188290257606,27.07218748683314,48.0,3.997999906539917,4.001999855041504,4.004000186920166,4.015999794006348,4.013999938964844,4.017000198364258,4.019999980926514,4.015999794006348,4.01800012588501,4.019999980926514,4.020999908447266,4.019000053405762
2025-07-21T19:30:30.0,14430.0,10.460131616968884,26.741779004590633,26.540000915527344,27.06999969482422,47.98688990375387,3.997999906539917,4.002999782562256,4.004000186920166,4.015999794006348,4.014999866485596,4.017000198364258,4.019999980926514,4.017000198364258,4.019000053405762,4.019999980926514,4.020999908447266,4.019000053405762
2025-07-21T19:30:40.0,14440.0,10.329999923706055,26.77114373517128,26.540000915527344,27.06999969482422,48.01687427736678,3.997999906539917,4.002999782562256,4.004000186920166,4.015999794006348,4.014999866485596,4.017000198364258,4.020999908447266,4.017000198364258,4.019000053405762,4.020999908447266,4.020999908447266,4.019000053405762
2025-07-21T19:30:50.0,14450.0,10.739999771118164,26.79986764876775,26.540000915527344,27.06999969482422,48.0,3.997999906539917,4.002999782562256,4.005000114440918,4.015999794006348,4.014999866485596,4.017000198364258,4.020999908447266,4.017000198364258,4.019000053405762,4.020999908447266,4.020999908447266,4.019000053405762
2025-07-21T19:31:00.0,14460.0,13.0600004196167,26.83115033742599,26.536271785341974,27.06999969482422,48.060001373291016,4.000999927520752,4.00600004196167,4.006999969482422,4.019000053405762,4.017000198364258,4.019999980926514,4.0229997634887695,4.019000053405762,4.020999908447266,4.0229997634887695,4.02400016784668,4.020999908447266
2025-07-21T19:31:10.0,14470.0,12.970000267028809,26.866909751805323,26.530000686645508,27.06999969482422,48.06999969482422,4.000999927520752,4.00600004196167,4.006999969482422,4.019000053405762,4.01800012588501,4.019999980926514,4.02400016784668,4.019999980926514,4.021999835968018,4.0229997634887695,4.02400016784668,4.020999908447266
2025-07-21T19:31:20.0,14480.0,12.872671274762398,26.90276710766116,26.530000686645508,27.06999969482422,48.06882226090682,4.000999927520752,4.00600004196167,4.007999897003174,4.019000053405762,4.01800012588501,4.020999908447266,4.02400016784668,4.019999980926514,4.021999835968018,4.02400016784668,4.025000095367432,4.021999835968018
2025-07-21T19:31:30.0,14490.0,12.354555490281815,26.937438521963614,26.530000686645508,27.06999969482422,48.0531436994964,4.001999855041504,4.006999969482422,4.007999897003174,4.019999980926514,4.01800012588501,4.020999908447266,4.02400016784668,4.019999980926514,4.021999835968018,4.02400016784668,4.025000095367432,4.021999835968018
2025-07-21T19:31:40.0,14500.0,12.199999809265137,26.97156185487548,26.530000686645508,27.06999969482422,48.04999923706055,4.001999855041504,4.006999969482422,4.007999897003174,4.019999980926514,4.019000053405762,4.020999908447266,4.02400016784668,4.020999908447266,4.0229997634887695,4.02400016784668,4.025000095367432,4.0229997634887695
2025-07-21T19:31:50.0,14510.0,12.130000114440918,27.00515681905388,26.530000686645508,27.06388862446649,48.06999969482422,4.001999855041504,4.006999969482422,4.007999897003174,4.019999980926514,4.019000053405762,4.020999908447266,4.025000095367432,4.020999908447266,4.0229997634887695,4.025000095367432,4.025000095367432,4.0229997634887695
2025-07-21T19:32:00.0,14520.0,13.649999618530273,27.04182125831484,26.527390886653553,27.059999465942383,48.09000015258789,4.001999855041504,4.006999969482422,4.007999897003174,4.019999980926514,4.019000053405762,4.020999908447266,4.025000095367432,4.020999908447266,4.0229997634887695,4.02400016784668,4.025000095367432,4.0229997634887695
2025-07-21T19:32:10.0,14530.0,13.0,27.078743383112343,26.52089723153548,27.059999465942383,48.08000183105469,4.002999782562256,4.007999897003174,4.010000228881836,4.020999908447266,4.019999980926514,4.0229997634887695,4.026000022888184,4.021999835968018,4.02400016784668,4.026000022888184,4.0269999504089355,4.02400016784668
2025-07-21T19:32:20.0,14540.0,12.992509572646279,27.11453306864327,26.520000457763672,27.059999465942383,48.06999969482422,4.004000186920166,4.007999897003174,4.010000228881836,4.020999908447266,4.019999980926514,4.0229997634887695,4.026000022888184,4.021999835968018,4.02400016784668,4.026000022888184,4.0269999504089355,4.025000095367432
2025-07-21T19:32:30.0,14550.0,12.670000076293945,27.149983612872617,26.520000457763672,27.059999465942383,48.08000183105469,4.004000186920166,4.008999824523926,4.010000228881836,4.021999835968018,4.019999980926514,4.0229997634887695,4.026000022888184,4.0229997634887695,4.025000095367432,4.026000022888184,4.0269999504089355,4.025000095367432
2025-07-21T19:32:40.0,14560.0,12.760000228881836,27.18538756043738,26.520000457763672,27.059999465942383,48.08000183105469,4.004000186920166,4.008999824523926,4.010000228881836,4.021999835968018,4.020999908447266,4.0229997634887695,4.0269999504089355,4.0229997634887695,4.025000095367432,4.026000022888184,4.0269999504089355,4.025000095367432
2025-07-21T19:32:50.0,14570.0,12.74439240062928,27.220493828062338,26.515030194752253,27.059999465942383,48.099998474121094,4.004000186920166,4.008999824523926,4.010000228881836,4.021999835968018,4.020999908447266,4.0229997634887695,4.0269999504089355,4.0229997634887695,4.025000095367432,4.026000022888184,4.0269999504089355,4.025000095367432
2025-07-21T19:33:00.0,14580.0,13.25,27.256780064718317,26.510000228881836,27.05853999061758,48.099998474121094,4.005000114440918,4.010000228881836,4.011000156402588,4.0229997634887695,4.020999908447266,4.02400016784668,4.0279998779296875,4.02400016784668,4.026000022888184,4.0269999504089355,4.0279998779296875,4.026000022888184
2025-07-21T19:33:10.0,14590.0,12.670000076293945,27.29320917028201,26.510000228881836,27.052050549422358,48.099998474121094,4.005000114440918,4.010000228881836,4.011000156402588,4.0229997634887695,4.020999908447266,4.02400016784668,4.0269999504089355,4.02400016784668,4.026000022888184,4.0269999504089355,4.0279998779296875,4.026000022888184
2025-07-21T19:33:20.0,14600.0,12.614529307371502,27.32765737053539,26.505607707024232,27.049999237060547,48.09617016942876,4.005000114440918,4.010000228881836,4.011000156402588,4.0229997634887695,4.020999908447266,4.02400016784668,4.0269999504089355,4.0229997634887695,4.025000095367432,4.0269999504089355,4.0279998779296875,4.026000022888184
2025-07-21T19:33:30.0,14610.0,12.028587050368955,27.363096232066543,26.5,27.049999237060547,48.06999969482422,4.005000114440918,4.010000228881836,4.011000156402588,4.0229997634887695,4.020999908447266,4.02400016784668,4.0269999504089355,4.02400016784668,4.026000022888184,4.0269999504089355,4.0279998779296875,4.026000022888184
2025-07-21T19:33:40.0,14620.0,12.380000114440918,27.396786862853492,26.5,27.049999237060547,48.099998474121094,4.005000114440918,4.010000228881836,4.011000156402588,4.0229997634887695,4.020999908447266,4.02400016784668,4.0269999504089355,4.0229997634887695,4.026000022888184,4.0269999504089355,4.0279998779296875,4.026000022888184
2025-07-21T19:33:50.0,14630.0,11.670000076293945,27.430264782566883,26.5,27.049999237060547,48.09000015258789,4.005000114440918,4.010000228881836,4.011000156402588,4.0229997634887695,4.020999908447266,4.02400016784668,4.0269999504089355,4.0229997634887695,4.025000095367432,4.0269999504089355,4.0279998779296875,4.026000022888184
2025-07-21T19:34:00.0,14640.0,13.1899995803833,27.465983304340696,26.5,27.049683398609012,48.11000061035156,4.00600004196167,4.011000156402588,4.01200008392334,4.02400016784668,4.021999835968018,4.025000095367432,4.0279998779296875,4.02400016784668,4.026000022888184,4.0269999504089355,4.0279998779296875,4.026000022888184
2025-07-21T19:34:10.0,14650.0,-59.647743606567374,27.339316527666902,26.5,27.043224534569475,46.985353340198806,3.936000108718872,3.944000005722046,3.944999933242798,3.9590001106262207,3.9570000171661377,3.9579999446868896,3.9560000896453857,3.9590001106262207,3.9600000381469727,3.9679999351501465,3.9670000076293945,3.9660000801086426
2025-07-21T19:34:20.0,14660.0,-61.105961087793766,27.172257640458604,26.50325478534562,27.040000915527344,46.82682373944458,3.927000045776367,3.934999942779541,3.936000108718872,3.9489998817443848,3.947999954223633,3.947999954223633,3.947000026702881,3.950000047683716,3.9509999752044678,3.9519999027252197,3.9509999752044678,3.950000047683716
2025-07-21T19:34:30.0,14670.0,-62.060001373291016,27.000886845859277,26.509752659862734,27.040000915527344,46.66999816894531,3.9189999103546143,3.9260001182556152,3.927000045776367,3.940999984741211,3.938999891281128,3.938999891281128,3.937999963760376,3.940999984741211,3.941999912261963,3.946000099182129,3.944999933242798,3.944000005722046
2025-07-21T19:34:40.0,14680.0,-59.849998474121094,26.832242066400706,26.522436195477102,27.040000915527344,46.790000915527344,3.9130001068115234,3.9200000762939453,3.9210000038146973,3.934999942779541,3.934000015258789,3.934000015258789,3.931999921798706,3.934999942779541,3.936000108718872,3.937000036239624,3.936000108718872,3.934999942779541
2025-07-21T19:34:50.0,14690.0,-59.34325624353737,26.666423918320724,26.54064570812937,27.042661790193236,46.56999969482422,3.9100000858306885,3.9170000553131104,3.9179999828338623,3.931999921798706,3.930000066757202,3.930000066757202,3.927999973297119,3.930999994277954,3.933000087738037,3.931999921798706,3.930999994277954,3.930000066757202
2025-07-21T19:35:00.0,14700.0,-63.196765428431696,26.49137898702872,26.566302544677615,27.049075081747567,46.54959324033636,3.9000000953674316,3.9079999923706055,3.9079999923706055,3.9230000972747803,3.9210000038146973,3.9210000038146973,3.9189999103546143,3.9230000972747803,3.9240000247955322,3.924999952316284,3.9230000972747803,3.9230000972747803
2025-07-21T19:35:10.0,14710.0,-63.279998779296875,26.31703665841459,26.586639956440372,27.049999237060547,46.5,3.8959999084472656,3.9030001163482666,3.9040000438690186,3.9189999103546143,3.9170000553131104,3.9159998893737793,3.9140000343322754,3.9179999828338623,3.9189999103546143,3.9200000762939453,3.9179999828338623,3.9170000553131104
2025-07-21T19:35:20.0,14720.0,-62.83740809920906,26.14088719984835,26.60806255671188,27.052014876982085,46.40293270169944,3.8910000324249268,3.8989999294281006,3.8989999294281006,3.9149999618530273,3.9130001068115234,3.9119999408721924,3.9100000858306885,3.9140000343322754,3.9149999618530273,3.9159998893737793,3.9140000343322754,3.9130001068115234
2025-07-21T19:35:30.0,14730.0,-63.29999923706055,25.9654238646331,26.633836774237952,27.05845873862384,46.439998626708984,3.885999917984009,3.8949999809265137,3.8949999809265137,3.9110000133514404,3.9089999198913574,3.9089999198913574,3.9070000648498535,3.9110000133514404,3.9119999408721924,3.9130001068115234,3.9110000133514404,3.9100000858306885
2025-07-21T19:35:40.0,14740.0,-63.959999084472656,25.78945505011703,26.644934003238703,27.059999465942383,46.369998931884766,3.884999990463257,3.8929998874664307,3.8929998874664307,3.9089999198913574,3.9070000648498535,3.9059998989105225,3.9040000438690186,3.9079999923706055,3.9089999198913574,3.9100000858306885,3.9079999923706055,3.9070000648498535
2025-07-21T19:35:50.0,14750.0,-64.45999908447266,25.61301346856262,26.655674408166654,27.059999465942383,46.25,3.881999969482422,3.8910000324249268,3.8910000324249268,3.9070000648498535,3.9049999713897705,3.9040000438690186,3.9019999504089355,3.9059998989105225,3.9070000648498535,3.9079999923706055,3.9059998989105225,3.9059998989105225
2025-07-21T19:36:00.0,14760.0,-64.26056740704713,25.43680218596921,26.681598527108548,27.059999465942383,46.24866672092015,3.878000020980835,3.88700008392334,3.885999917984009,3.9030001163482666,3.9000000953674316,3.8989999294281006,3.8970000743865967,3.9010000228881836,3.9030001163482666,3.9030001163482666,3.9010000228881836,3.9000000953674316
2025-07-21T19:36:10.0,14770.0,-63.389498738238416,25.25971369935604,26.70754455068837,27.064385679246232,46.21029530856403,3.874000072479248,3.882999897003174,3.882999897003174,3.8989999294281006,3.8970000743865967,3.8959999084472656,3.8949999809265137,3.8980000019073486,3.9000000953674316,3.9010000228881836,3.8980000019073486,3.8980000019073486
2025-07-21T19:36:20.0,14780.0,-64.20999908447266,25.08171493403579,26.730873833147644,27.06999969482422,46.2400016784668,3.871000051498413,3.880000114440918,3.880000114440918,3.8970000743865967,3.8940000534057617,3.8929998874664307,3.8919999599456787,3.8949999809265137,3.8970000743865967,3.8980000019073486,3.8949999809265137,3.8949999809265137
2025-07-21T19:36:30.0,14790.0,-62.959999084472656,24.906400754965002,26.737354862883116,27.06999969482422,46.18000030517578,3.86899995803833,3.878999948501587,3.878000020980835,3.8949999809265137,3.8919999599456787,3.8910000324249268,3.8889999389648438,3.8929998874664307,3.8949999809265137,3.8949999809265137,3.8929998874664307,3.8929998874664307
2025-07-21T19:36:40.0,14800.0,-63.68847832679846,24.729079994825113,26.751508135619446,27.073835816324646,46.10983460074975,3.867000102996826,3.875999927520752,3.875999927520752,3.8919999599456787,3.890000104904175,3.888000011444092,3.8889999389648438,3.8929998874664307,3.8949999809265137,3.8949999809265137,3.8929998874664307,3.8929998874664307
2025-07-21T19:36:50.0,14810.0,-63.048581606547366,24.55367553845974,26.77063471352544,27.079999923706055,46.099998474121094,3.865000009536743,3.875,3.874000072479248,3.8910000324249268,3.8889999389648438,3.88700008392334,3.885999917984009,3.890000104904175,3.8910000324249268,3.8919999599456787,3.8889999389648438,3.8889999389648438
2025-07-21T19:37:00.0,14820.0,-62.2599983215332,24.380217872443055,26.78360517900123,27.079999923706055,46.11000061035156,3.864000082015991,3.874000072479248,3.872999906539917,3.890000104904175,3.888000011444092,3.885999917984009,3.884999990463257,3.8889999389648438,3.890000104904175,3.8910000324249268,3.8889999389648438,3.888000011444092
2025-07-21T19:37:10.0,14830.0,-62.13999938964844,24.20763686959623,26.803157425322805,27.08328920799663,46.074254120595356,3.86299991607666,3.871999979019165,3.871999979019165,3.8889999389648438,3.88700008392334,3.884999990463257,3.882999897003174,3.88700008392334,3.8889999389648438,3.8889999389648438,3.88700008392334,3.885999917984009
2025-07-21T19:37:20.0,14840.0,-62.11000061035156,24.03774255462473,26.829112268083634,27.089778228100343,46.04999923706055,3.8610000610351562,3.871000051498413,3.871000051498413,3.88700008392334,3.884999990463257,3.882999897003174,3.881999969482422,3.885999917984009,3.888000011444092,3.888000011444092,3.885999917984009,3.884999990463257
2025-07-21T19:37:30.0,14850.0,-61.72999954223633,23.865523948242785,26.83626783275536,27.09000015258789,46.04999923706055,3.8589999675750732,3.86899995803833,3.86899995803833,3.88700008392334,3.884999990463257,3.882999897003174,3.881999969482422,3.885999917984009,3.88700008392334,3.88700008392334,3.884999990463257,3.884999990463257
2025-07-21T19:37:40.0,14860.0,-59.47999954223633,23.69596435370272,26.845518460707233,27.09000015258789,46.11000061035156,3.8580000400543213,3.868000030517578,3.867000102996826,3.885999917984009,3.882999897003174,3.88100004196167,3.880000114440918,3.884000062942505,3.884999990463257,3.884999990463257,3.882999897003174,3.882999897003174
2025-07-21T19:37:50.0,14870.0,-62.04999923706055,23.52689517995343,26.85850577094338,27.09000015258789,45.97999954223633,3.8580000400543213,3.868000030517578,3.867000102996826,3.882999897003174,3.881999969482422,3.878999948501587,3.878000020980835,3.881999969482422,3.884000062942505,3.884000062942505,3.88100004196167,3.88100004196167
2025-07-21T19:38:00.0,14880.0,-28.947908303005295,23.388955820682163,26.860000610351562,27.09000015258789,46.45000076293945,3.88100004196167,3.890000104904175,3.890000104904175,3.9059998989105225,3.9040000438690186,3.9030001163482666,3.9030001163482666,3.9049999713897705,3.9059998989105225,3.9070000648498535,3.9049999713897705,3.9040000438690186
2025-07-21T19:38:10.0,14890.0,-29.15999984741211,23.308784213593125,26.860000610351562,27.09000015258789,46.49972063513363,3.884999990463257,3.8940000534057617,3.8929998874664307,3.9079999923706055,3.9070000648498535,3.9049999713897705,3.9059998989105225,3.9070000648498535,3.9089999198913574,3.9089999198913574,3.9079999923706055,3.9070000648498535
2025-07-21T19:38:20.0,14900.0,-29.06999969482422,23.227998938840614,26.860000610351562,27.09000015258789,46.54999923706055,3.885999917984009,3.8949999809265137,3.8940000534057617,3.9100000858306885,3.9089999198913574,3.9070000648498535,3.9070000648498535,3.9079999923706055,3.9100000858306885,3.9110000133514404,3.9089999198913574,3.9079999923706055
2025-07-21T19:38:30.0,14910.0,-29.15999984741211,23.147012546547106,26.860000610351562,27.09000015258789,46.5,3.88700008392334,3.8959999084472656,3.8949999809265137,3.9110000133514404,3.9089999198913574,3.9079999923706055,3.9089999198913574,3.9100000858306885,3.9119999408721924,3.9119999408721924,3.9100000858306885,3.9089999198913574
2025-07-21T19:38:40.0,14920.0,-28.75,23.066373098578303,26.860000610351562,27.09000015258789,46.619998931884766,3.888000011444092,3.8970000743865967,3.8959999084472656,3.9110000133514404,3.9100000858306885,3.9079999923706055,3.9089999198913574,3.9100000858306885,3.9119999408721924,3.9130001068115234,3.9110000133514404,3.9100000858306885
2025-07-21T19:38:50.0,14930.0,-29.283803412493537,22.985874620800402,26.860000610351562,27.09000015258789,46.554931635635214,3.888000011444092,3.8970000743865967,3.8959999084472656,3.9119999408721924,3.9100000858306885,3.9089999198913574,3.9100000858306885,3.9110000133514404,3.9130001068115234,3.9130001068115234,3.9119999408721924,3.9110000133514404
2025-07-21T19:39:00.0,14940.0,-61.08102019460563,22.87240172878304,26.90586437676185,27.112932035793033,46.07678932390714,3.8610000610351562,3.871000051498413,3.869999885559082,3.88700008392334,3.884999990463257,3.882999897003174,3.881999969482422,3.885999917984009,3.888000011444092,3.888000011444092,3.884999990463257,3.884999990463257
2025-07-21T19:39:10.0,14950.0,-60.189998626708984,22.702933580801613,26.959999084472656,27.139999389648438,46.08000183105469,3.8570001125335693,3.867000102996826,3.865999937057495,3.884000062942505,3.881999969482422,3.878999948501587,3.878999948501587,3.881999969482422,3.884000062942505,3.884000062942505,3.881999969482422,3.881999969482422
2025-07-21T19:39:20.0,14960.0,-60.189998626708984,22.535739140171863,26.959999084472656,27.139999389648438,46.08000183105469,3.8550000190734863,3.865000009536743,3.864000082015991,3.88100004196167,3.880000114440918,3.877000093460083,3.875999927520752,3.880000114440918,3.881999969482422,3.881999969482422,3.878999948501587,3.878999948501587
2025-07-21T19:39:30.0,14970.0,-61.45533455742744,22.36724116855236,26.96808308638887,27.144041390606542,45.97284887966356,3.8529999256134033,3.864000082015991,3.86299991607666,3.878999948501587,3.878000020980835,3.875,3.874000072479248,3.878000020980835,3.878999948501587,3.878999948501587,3.877000093460083,3.877000093460083
2025-07-21T19:39:40.0,14980.0,-62.0169503393253,22.194884101392287,26.979999542236328,27.149999618530273,45.900001525878906,3.8499999046325684,3.8610000610351562,3.859999895095825,3.877000093460083,3.875,3.871999979019165,3.871000051498413,3.875,3.877000093460083,3.877000093460083,3.875,3.874000072479248
2025-07-21T19:39:50.0,14990.0,-61.31315664403553,22.026384900066976,26.979999542236328,27.149999618530273,45.97920169954987,3.8480000495910645,3.8589999675750732,3.8570001125335693,3.875,3.872999906539917,3.869999885559082,3.86899995803833,3.872999906539917,3.875,3.875,3.871999979019165,3.871999979019165
2025-07-21T19:40:00.0,15000.0,-7.380000114440918,21.950119306425115,26.979999542236328,27.149999618530273,46.900001525878906,3.8919999599456787,3.9010000228881836,3.9000000953674316,3.9159998893737793,3.9149999618530273,3.9130001068115234,3.9159998893737793,3.9149999618530273,3.9170000553131104,3.9170000553131104,3.9159998893737793,3.9149999618530273
2025-07-21T19:40:10.0,15010.0,-6.269999980926514,21.93204138676325,26.979999542236328,27.149999618530273,46.83000183105469,3.8980000019073486,3.9059998989105225,3.9059998989105225,3.9210000038146973,3.9189999103546143,3.9179999828338623,3.9200000762939453,3.9189999103546143,3.921999931335449,3.921999931335449,3.9210000038146973,3.9200000762939453
2025-07-21T19:40:20.0,15020.0,-6.215374809503739,21.914684395295904,26.979999542236328,27.149999618530273,46.83000183105469,3.8989999294281006,3.9079999923706055,3.9070000648498535,3.921999931335449,3.9200000762939453,3.9189999103546143,3.9210000038146973,3.9200000762939453,3.9230000972747803,3.9230000972747803,3.921999931335449,3.9210000038146973
2025-07-21T19:40:30.0,15030.0,-6.340000152587891,21.896601017626253,26.979999542236328,27.149999618530273,46.90999984741211,3.9040000438690186,3.9130001068115234,3.9119999408721924,3.9260001182556152,3.924999952316284,3.9240000247955322,3.924999952316284,3.9240000247955322,3.927000045776367,3.927000045776367,3.9260001182556152,3.924999952316284
2025-07-21T19:40:40.0,15040.0,-7.0,21.877314450996575,26.979999542236328,27.149999618530273,47.060001373291016,3.9049999713897705,3.9130001068115234,3.9130001068115234,3.927000045776367,3.9260001182556152,3.924999952316284,3.927000045776367,3.9260001182556152,3.928999900817871,3.928999900817871,3.927999973297119,3.927000045776367
2025-07-21T19:40:50.0,15050.0,-6.803424831464905,21.858095331639706,27.00324423009699,27.173244306390934,47.102046386819374,3.9070000648498535,3.9159998893737793,3.9149999618530273,3.928999900817871,3.928999900817871,3.927000045776367,3.930000066757202,3.927999973297119,3.930999994277954,3.930999994277954,3.930000066757202,3.928999900817871
2025-07-21T19:41:00.0,15060.0,-64.6138614303182,21.765306471260534,27.01769436209755,27.190000534057617,46.078686965533215,3.8589999675750732,3.86899995803833,3.86899995803833,3.884999990463257,3.884000062942505,3.88100004196167,3.880000114440918,3.884000062942505,3.885999917984009,3.885999917984009,3.882999897003174,3.882999897003174
2025-07-21T19:41:10.0,15070.0,-65.01074731726425,21.58326507028965,27.01119648758044,27.190000534057617,46.01566685633312,3.8550000190734863,3.865000009536743,3.864000082015991,3.88100004196167,3.880000114440918,3.875999927520752,3.875,3.878999948501587,3.881999969482422,3.881999969482422,3.878999948501587,3.878999948501587
2025-07-21T19:41:20.0,15080.0,-65.47000122070312,21.40287262358945,27.00473623743365,27.190000534057617,45.959999084472656,3.8499999046325684,3.859999895095825,3.8589999675750732,3.875999927520752,3.875,3.871000051498413,3.869999885559082,3.874000072479248,3.875999927520752,3.875999927520752,3.872999906539917,3.872999906539917
2025-07-21T19:41:30.0,15090.0,-65.94000244140625,21.221543948009952,27.0,27.190000534057617,45.869998931884766,3.8450000286102295,3.8559999465942383,3.8550000190734863,3.874000072479248,3.872999906539917,3.869999885559082,3.868000030517578,3.871999979019165,3.874000072479248,3.874000072479248,3.871000051498413,3.871000051498413
2025-07-21T19:41:40.0,15100.0,-65.8499984741211,21.039818344086154,27.0,27.190000534057617,45.86000061035156,3.8420000076293945,3.8519999980926514,3.8510000705718994,3.868000030517578,3.867000102996826,3.86299991607666,3.861999988555908,3.865999937057495,3.86899995803833,3.868000030517578,3.865999937057495,3.865999937057495
2025-07-21T19:41:50.0,15110.0,-64.43000030517578,20.8598334540554,27.00462671257843,27.194627246636045,45.83000183105469,3.8389999866485596,3.8499999046325684,3.8480000495910645,3.865999937057495,3.864000082015991,3.8610000610351562,3.859999895095825,3.864000082015991,3.865999937057495,3.865999937057495,3.86299991607666,3.86299991607666
2025-07-21T19:42:00.0,15120.0,-57.380001068115234,20.68782666306245,27.011064538955686,27.198936452865603,45.939998626708984,3.8440001010894775,3.8540000915527344,3.8529999256134033,3.869999885559082,3.86899995803833,3.865000009536743,3.865000009536743,3.868000030517578,3.869999885559082,3.869999885559082,3.868000030517578,3.867000102996826
2025-07-21T19:42:10.0,15130.0,-56.029998779296875,20.529830729746962,27.017558194073764,27.192442797747525,45.93000030517578,3.8429999351501465,3.8529999256134033,3.8519999980926514,3.86899995803833,3.868000030517578,3.864000082015991,3.86299991607666,3.867000102996826,3.86899995803833,3.86899995803833,3.865999937057495,3.865999937057495
2025-07-21T19:42:20.0,15140.0,-56.59447773453379,20.374306073574104,27.0240231159193,27.194023192213244,45.85913807711157,3.8410000801086426,3.8510000705718994,3.8499999046325684,3.868000030517578,3.867000102996826,3.86299991607666,3.861999988555908,3.865999937057495,3.868000030517578,3.868000030517578,3.865000009536743,3.865000009536743
2025-07-21T19:42:30.0,15150.0,-57.810001373291016,20.215452643812643,27.030000686645508,27.200000762939453,45.88999938964844,3.8389999866485596,3.8499999046325684,3.8489999771118164,3.865999937057495,3.864000082015991,3.8610000610351562,3.859999895095825,3.864000082015991,3.865999937057495,3.865999937057495,3.86299991607666,3.86299991607666
2025-07-21T19:42:40.0,15160.0,-57.619998931884766,20.057061091324105,27.030000686645508,27.200000762939453,45.90999984741211,3.8380000591278076,3.8480000495910645,3.8469998836517334,3.864000082015991,3.86299991607666,3.8589999675750732,3.8580000400543213,3.861999988555908,3.864000082015991,3.864000082015991,3.8610000610351562,3.8610000610351562
2025-07-21T19:42:50.0,15170.0,-57.794051550572505,19.897646290940852,27.040379420451114,27.203459900948673,45.84064490418684,3.8359999656677246,3.8469998836517334,3.8459999561309814,3.86299991607666,3.861999988555908,3.8580000400543213,3.8570001125335693,3.8610000610351562,3.86299991607666,3.861999988555908,3.859999895095825,3.859999895095825
2025-07-21T19:43:00.0,15180.0,-57.2400016784668,19.7384108150828,27.059822533612614,27.209940114529076,45.86000061035156,3.8570001125335693,3.867000102996826,3.865999937057495,3.882999897003174,3.88100004196167,3.878000020980835,3.880000114440918,3.88100004196167,3.882999897003174,3.88100004196167,3.878999948501587,3.878000020980835
2025-07-21T19:43:10.0,15190.0,-30.030000686645508,19.635712837472642,27.059999465942383,27.209999084472656,46.279998779296875,3.859999895095825,3.869999885559082,3.86899995803833,3.884000062942505,3.882999897003174,3.880000114440918,3.88100004196167,3.882999897003174,3.884999990463257,3.884999990463257,3.882999897003174,3.882999897003174
2025-07-21T19:43:20.0,15200.0,-29.953104831043028,19.552660745345374,27.059999465942383,27.209999084472656,46.309848246176244,3.8610000610351562,3.871000051498413,3.869999885559082,3.885999917984009,3.884999990463257,3.881999969482422,3.882999897003174,3.884000062942505,3.88700008392334,3.885999917984009,3.884999990463257,3.884000062942505
2025-07-21T19:43:30.0,15210.0,-30.290000915527344,19.469161715223144,27.059999465942383,27.209999084472656,46.369998931884766,3.86299991607666,3.871999979019165,3.871000051498413,3.88700008392334,3.885999917984009,3.882999897003174,3.884000062942505,3.884999990463257,3.888000011444092,3.88700008392334,3.885999917984009,3.884999990463257
2025-07-21T19:43:40.0,15220.0,-30.085993481937205,19.385395825214005,27.059999465942383,27.209999084472656,46.25105797761406,3.86299991607666,3.872999906539917,3.871999979019165,3.888000011444092,3.88700008392334,3.882999897003174,3.884999990463257,3.885999917984009,3.888000011444092,3.888000011444092,3.885999917984009,3.885999917984009
2025-07-21T19:43:50.0,15230.0,-29.920000076293945,19.301665138253256,27.076347869684913,27.21700573413114,46.43000030517578,3.864000082015991,3.872999906539917,3.872999906539917,3.888000011444092,3.88700008392334,3.884000062942505,3.884999990463257,3.885999917984009,3.8889999389648438,3.888000011444092,3.885999917984009,3.885999917984009
2025-07-21T19:44:00.0,15240.0,-51.06814372367343,19.218554026930217,27.12177272031711,27.2364740577168,46.15349344956243,3.8369998931884766,3.8480000495910645,3.8469998836517334,3.864000082015991,3.86299991607666,3.8589999675750732,3.8570001125335693,3.8610000610351562,3.86299991607666,3.86299991607666,3.859999895095825,3.859999895095825
2025-07-21T19:44:10.0,15250.0,-63.22942909943495,19.046582663579137,27.1299991607666,27.24532088056023,45.729099534687265,3.8369998931884766,3.8480000495910645,3.8469998836517334,3.864000082015991,3.86299991607666,3.8589999675750732,3.8570001125335693,3.8610000610351562,3.86299991607666,3.86299991607666,3.859999895095825,3.859999895095825
2025-07-21T19:44:20.0,15260.0,-62.55819142743166,18.870745227617306,27.1299991607666,27.25,45.696256542205816,3.828000068664551,3.8389999866485596,3.8369998931884766,3.8550000190734863,3.8540000915527344,3.8489999771118164,3.8480000495910645,3.8529999256134033,3.8550000190734863,3.8550000190734863,3.8519999980926514,3.8519999980926514
2025-07-21T19:44:30.0,15270.0,-62.65999984741211,18.6963855369225,27.1299991607666,27.25,45.68000030517578,3.825000047683716,3.8359999656677246,3.8350000381469727,3.8529999256134033,3.8510000705718994,3.8469998836517334,3.8459999561309814,3.8499999046325684,3.8519999980926514,3.8519999980926514,3.8489999771118164,3.8489999771118164
2025-07-21T19:44:40.0,15280.0,-63.65999984741211,18.520952317207804,27.134728972441,27.254729811674398,45.630001068115234,3.822999954223633,3.8340001106262207,3.8320000171661377,3.8499999046325684,3.8489999771118164,3.8440001010894775,3.8429999351501465,3.8480000495910645,3.8499999046325684,3.8489999771118164,3.8469998836517334,3.8469998836517334
2025-07-21T19:44:50.0,15290.0,-63.9900016784668,18.343397352970587,27.14121796487989,27.260000228881836,45.619998931884766,3.821000099182129,3.8329999446868896,3.8310000896453857,3.8489999771118164,3.8469998836517334,3.8429999351501465,3.8420000076293945,3.8459999561309814,3.8489999771118164,3.8480000495910645,3.8450000286102295,3.8450000286102295
2025-07-21T19:45:00.0,15300.0,-30.16057974790274,18.20130518538542,27.147703197617783,27.260000228881836,46.10538804907544,3.8469998836517334,3.8570001125335693,3.8559999465942383,3.8480000495910645,3.8469998836517334,3.8420000076293945,3.8410000801086426,3.8459999561309814,3.8480000495910645,3.8469998836517334,3.8440001010894775,3.8440001010894775
2025-07-21T19:45:10.0,15310.0,-30.4143329096775,18.11731873571251,27.149999618530273,27.260000228881836,46.197658604069765,3.8489999771118164,3.8589999675750732,3.8580000400543213,3.874000072479248,3.872999906539917,3.86899995803833,3.869999885559082,3.871999979019165,3.874000072479248,3.874000072479248,3.871999979019165,3.871999979019165
2025-07-21T19:45:20.0,15320.0,-30.3799991607666,18.032860261004902,27.149999618530273,27.260000228881836,46.15999984741211,3.8510000705718994,3.8610000610351562,3.859999895095825,3.875999927520752,3.875,3.871000051498413,3.871999979019165,3.872999906539917,3.875999927520752,3.875999927520752,3.874000072479248,3.872999906539917
2025-07-21T19:45:30.0,15330.0,-29.991150096818558,17.948737615676592,27.149999618530273,27.260000228881836,46.160503794119315,3.8519999980926514,3.861999988555908,3.8610000610351562,3.877000093460083,3.875999927520752,3.871999979019165,3.872999906539917,3.875,3.877000093460083,3.877000093460083,3.875,3.874000072479248
2025-07-21T19:45:40.0,15340.0,-30.450000762939453,17.86543925471267,27.149999618530273,27.260000228881836,46.159535873014164,3.8529999256134033,3.86299991607666,3.861999988555908,3.877000093460083,3.875999927520752,3.872999906539917,3.874000072479248,3.875,3.878000020980835,3.877000093460083,3.875,3.875
2025-07-21T19:45:50.0,15350.0,-30.420000076293945,17.78050874600954,27.150385991009795,27.26023205236955,46.16999816894531,3.8529999256134033,3.86299991607666,3.861999988555908,3.877000093460083,3.877000093460083,3.872999906539917,3.874000072479248,3.875,3.878000020980835,3.877000093460083,3.875999927520752,3.875
2025-07-21T19:46:00.0,15360.0,-40.88823746255166,17.69610789258759,27.182854266600174,27.279713017723775,45.70000076293945,3.8310000896453857,3.8420000076293945,3.8399999141693115,3.8559999465942383,3.8550000190734863,3.8499999046325684,3.8499999046325684,3.8540000915527344,3.8559999465942383,3.8540000915527344,3.8519999980926514,3.8519999980926514
2025-07-21T19:46:10.0,15370.0,-62.08000183105469,17.535552230818677,27.200000762939453,27.290000915527344,45.66999816894531,3.8269999027252197,3.8380000591278076,3.8359999656677246,3.8529999256134033,3.8519999980926514,3.8480000495910645,3.8459999561309814,3.8499999046325684,3.8529999256134033,3.8519999980926514,3.8489999771118164,3.8489999771118164
2025-07-21T19:46:20.0,15380.0,-60.11118160247793,17.363733675928785,27.200000762939453,27.290000915527344,45.739350361573045,3.821000099182129,3.8320000171661377,3.8310000896453857,3.8469998836517334,3.8469998836517334,3.8420000076293945,3.8410000801086426,3.8450000286102295,3.8480000495910645,3.8480000495910645,3.8459999561309814,3.8459999561309814
2025-07-21T19:46:30.0,15390.0,-59.662116136737865,17.196615373090776,27.206017149846577,27.296017302434468,45.6254945579329,3.819000005722046,3.8299999237060547,3.8289999961853027,3.8459999561309814,3.8450000286102295,3.8399999141693115,3.8389999866485596,3.8429999351501465,3.8459999561309814,3.8450000286102295,3.8420000076293945,3.8420000076293945
2025-07-21T19:46:40.0,15400.0,-61.900001525878906,17.02657336946978,27.209999084472656,27.299999237060547,45.650001525878906,3.816999912261963,3.828000068664551,3.8259999752044678,3.8429999351501465,3.8429999351501465,3.8380000591278076,3.8369998931884766,3.8410000801086426,3.8440001010894775,3.8429999351501465,3.8399999141693115,3.8399999141693115
2025-07-21T19:46:50.0,15410.0,-61.19231584448577,16.85440979913037,27.209999084472656,27.299999237060547,45.540000915527344,3.815000057220459,3.8269999027252197,3.825000047683716,3.8420000076293945,3.8410000801086426,3.8369998931884766,3.8359999656677246,3.8399999141693115,3.8420000076293945,3.8410000801086426,3.8380000591278076,3.8389999866485596
2025-07-21T19:47:00.0,15420.0,-30.345059091904577,16.713222269429238,27.209999084472656,27.299999237060547,46.22999954223633,3.8369998931884766,3.8480000495910645,3.8459999561309814,3.86299991607666,3.861999988555908,3.8580000400543213,3.8589999675750732,3.859999895095825,3.86299991607666,3.8399999141693115,3.8369998931884766,3.8369998931884766
2025-07-21T19:47:10.0,15430.0,-30.610000610351562,16.62873467624201,27.209999084472656,27.299999237060547,46.09000015258789,3.8399999141693115,3.8510000705718994,3.8489999771118164,3.865000009536743,3.864000082015991,3.859999895095825,3.8610000610351562,3.86299991607666,3.865999937057495,3.865000009536743,3.86299991607666,3.86299991607666
2025-07-21T19:47:20.0,15440.0,-30.56999969482422,16.54367172060715,27.209999084472656,27.299999237060547,46.08000183105469,3.8420000076293945,3.8519999980926514,3.8510000705718994,3.867000102996826,3.865999937057495,3.861999988555908,3.86299991607666,3.864000082015991,3.867000102996826,3.865999937057495,3.864000082015991,3.864000082015991
2025-07-21T19:47:30.0,15450.0,-30.549999237060547,16.4589725216798,27.209999084472656,27.299999237060547,46.060001373291016,3.8420000076293945,3.8529999256134033,3.8510000705718994,3.867000102996826,3.867000102996826,3.861999988555908,3.86299991607666,3.865000009536743,3.868000030517578,3.867000102996826,3.865000009536743,3.865000009536743
2025-07-21T19:47:40.0,15460.0,-31.239999771118164,16.372601269852456,27.209999084472656,27.299999237060547,46.0,3.8429999351501465,3.8529999256134033,3.8519999980926514,3.868000030517578,3.867000102996826,3.86299991607666,3.864000082015991,3.865999937057495,3.86899995803833,3.867000102996826,3.865999937057495,3.865000009536743
2025-07-21T19:47:50.0,15470.0,-30.8799991607666,16.286441641337213,27.209999084472656,27.299999237060547,46.029998779296875,3.8440001010894775,3.8540000915527344,3.8529999256134033,3.868000030517578,3.867000102996826,3.86299991607666,3.864000082015991,3.865999937057495,3.86899995803833,3.868000030517578,3.865999937057495,3.865999937057495
2025-07-21T19:48:00.0,15480.0,-61.90999984741211,16.175099539570944,27.23110527441814,27.312662951027836,45.599998474121094,3.819000005722046,3.8299999237060547,3.828000068664551,3.8459999561309814,3.8440001010894775,3.8399999141693115,3.8389999866485596,3.8429999351501465,3.8459999561309814,3.8440001010894775,3.8410000801086426,3.8410000801086426
2025-07-21T19:48:10.0,15490.0,-59.59000015258789,16.006297785272203,27.260706929027997,27.330706623852215,45.619998931884766,3.815000057220459,3.8259999752044678,3.8239998817443848,3.8420000076293945,3.8410000801086426,3.8359999656677246,3.8350000381469727,3.8389999866485596,3.8420000076293945,3.8399999141693115,3.8380000591278076,3.8380000591278076
2025-07-21T19:48:20.0,15500.0,-61.263927180471235,15.838504490077366,27.267196370223218,27.337196065047436,45.548118748384375,3.812999963760376,3.8239998817443848,3.822000026702881,3.8399999141693115,3.8389999866485596,3.8329999446868896,3.8329999446868896,3.8369998931884766,3.8399999141693115,3.8380000591278076,3.8359999656677246,3.8359999656677246
2025-07-21T19:48:30.0,15510.0,-60.060001373291016,15.67037080583427,27.270000457763672,27.34000015258789,45.560001373291016,3.809000015258789,3.819999933242798,3.818000078201294,3.8359999656677246,3.8350000381469727,3.8299999237060547,3.8289999961853027,3.8329999446868896,3.8359999656677246,3.8350000381469727,3.8320000171661377,3.8329999446868896
2025-07-21T19:48:40.0,15520.0,-59.960509525362575,15.50353746868624,27.270110200535168,27.34000015258789,45.560001373291016,3.806999921798706,3.819000005722046,3.816999912261963,3.8350000381469727,3.8340001106262207,3.8289999961853027,3.828000068664551,3.8320000171661377,3.8350000381469727,3.8340001106262207,3.8310000896453857,3.8320000171661377
2025-07-21T19:48:50.0,15530.0,-60.369998931884766,15.338542941403524,27.276603855653242,27.34000015258789,45.5099983215332,3.805000066757202,3.816999912261963,3.813999891281128,3.8320000171661377,3.8310000896453857,3.8259999752044678,3.825000047683716,3.8289999961853027,3.8320000171661377,3.8310000896453857,3.828000068664551,3.828000068664551
2025-07-21T19:49:00.0,15540.0,-30.950000762939453,15.20246396320833,27.280000686645508,27.34000015258789,45.88999938964844,3.803999900817871,3.815999984741211,3.812999963760376,3.8320000171661377,3.8299999237060547,3.825000047683716,3.8239998817443848,3.8289999961853027,3.8310000896453857,3.8299999237060547,3.8269999027252197,3.8269999027252197
2025-07-21T19:49:10.0,15550.0,-30.90215484264281,15.116550533177723,27.280000686645508,27.34000015258789,45.93000030517578,3.8299999237060547,3.8410000801086426,3.8399999141693115,3.8559999465942383,3.8550000190734863,3.8499999046325684,3.8519999980926514,3.8529999256134033,3.8559999465942383,3.8550000190734863,3.8529999256134033,3.8529999256134033
2025-07-21T19:49:20.0,15560.0,-31.299999237060547,15.030962006072603,27.280000686645508,27.34000015258789,46.0,3.8310000896453857,3.8420000076293945,3.8410000801086426,3.8570001125335693,3.8559999465942383,3.8519999980926514,3.8529999256134033,3.8540000915527344,3.8570001125335693,3.8559999465942383,3.8540000915527344,3.8540000915527344
2025-07-21T19:49:30.0,15570.0,-31.06999969482422,14.944425110158527,27.287596828162425,27.34506456891205,46.099998474121094,3.8320000171661377,3.8429999351501465,3.8420000076293945,3.8580000400543213,3.8570001125335693,3.8519999980926514,3.8529999256134033,3.8550000190734863,3.8580000400543213,3.8570001125335693,3.8550000190734863,3.8550000190734863
2025-07-21T19:49:40.0,15580.0,-30.75,14.858255450574692,27.306886166702082,27.3579249455605,46.01411953976281,3.8320000171661377,3.8429999351501465,3.8420000076293945,3.8580000400543213,3.8570001125335693,3.8519999980926514,3.8529999256134033,3.8550000190734863,3.8580000400543213,3.8570001125335693,3.8550000190734863,3.8550000190734863
2025-07-21T19:49:50.0,15590.0,-32.19732970187519,14.771345239030651,27.309999465942383,27.360000610351562,46.031855384976254,3.8329999446868896,3.8440001010894775,3.8429999351501465,3.8589999675750732,3.8580000400543213,3.8540000915527344,3.8550000190734863,3.8559999465942383,3.8589999675750732,3.8580000400543213,3.8559999465942383,3.8559999465942383
2025-07-21T19:50:00.0,15600.0,-63.76871055803796,14.661951270461213,27.313834583872943,27.361918169316844,45.459999084472656,3.808000087738037,3.819000005722046,3.816999912261963,3.8350000381469727,3.8340001106262207,3.8289999961853027,3.828000068664551,3.8320000171661377,3.8350000381469727,3.8340001106262207,3.8310000896453857,3.8320000171661377
2025-07-21T19:50:10.0,15610.0,-62.72999954223633,14.485894034724364,27.32680420825766,27.368402981509202,45.47999954223633,3.802999973297119,3.813999891281128,3.812000036239624,3.8299999237060547,3.8289999961853027,3.8239998817443848,3.822999954223633,3.8269999027252197,3.8299999237060547,3.8289999961853027,3.8259999752044678,3.8269999027252197
2025-07-21T19:50:20.0,15620.0,-62.97999954223633,14.31081897050288,27.329999923706055,27.374855694328385,45.45000076293945,3.799999952316284,3.812000036239624,3.809000015258789,3.828000068664551,3.8269999027252197,3.821000099182129,3.819999933242798,3.825000047683716,3.8269999027252197,3.8259999752044678,3.822999954223633,3.8239998817443848
2025-07-21T19:50:30.0,15630.0,-62.90999984741211,14.135931440970765,27.331307346626016,27.3799991607666,45.36000061035156,3.7960000038146973,3.809000015258789,3.805999994277954,3.825000047683716,3.8239998817443848,3.818000078201294,3.819999933242798,3.8239998817443848,3.8269999027252197,3.825000047683716,3.822000026702881,3.822999954223633
2025-07-21T19:50:40.0,15640.0,-62.56999969482422,13.961383324247596,27.33779257936391,27.3799991607666,45.34000015258789,3.7950000762939453,3.806999921798706,3.805000066757202,3.822999954223633,3.822000026702881,3.816999912261963,3.815000057220459,3.819999933242798,3.822000026702881,3.821000099182129,3.818000078201294,3.819000005722046
2025-07-21T19:50:50.0,15650.0,-64.26005700304623,13.784603987184763,27.34428058800026,27.38427959617897,45.33000183105469,3.7920000553131104,3.803999900817871,3.802000045776367,3.821000099182129,3.819000005722046,3.813999891281128,3.812999963760376,3.816999912261963,3.819999933242798,3.818000078201294,3.815000057220459,3.815999984741211
2025-07-21T19:51:00.0,15660.0,-9.079999923706055,13.63989283401131,27.350000381469727,27.389999389648438,46.209999084472656,3.8329999446868896,3.8450000286102295,3.8420000076293945,3.8589999675750732,3.8580000400543213,3.8529999256134033,3.8570001125335693,3.8570001125335693,3.859999895095825,3.8580000400543213,3.8570001125335693,3.8570001125335693
2025-07-21T19:51:10.0,15670.0,-8.649999618530273,13.613663079239654,27.350000381469727,27.389999389648438,46.24955577476341,3.8389999866485596,3.8499999046325684,3.8480000495910645,3.864000082015991,3.86299991607666,3.8589999675750732,3.8610000610351562,3.8610000610351562,3.864000082015991,3.86299991607666,3.8610000610351562,3.8610000610351562
2025-07-21T19:51:20.0,15680.0,-9.25,13.58846413511024,27.350000381469727,27.389999389648438,46.290000915527344,3.8429999351501465,3.8550000190734863,3.8519999980926514,3.868000030517578,3.867000102996826,3.86299991607666,3.865999937057495,3.865000009536743,3.86899995803833,3.867000102996826,3.865999937057495,3.865999937057495
2025-07-21T19:51:30.0,15690.0,-8.520000457763672,13.561164510233262,27.350000381469727,27.389999389648438,46.41971685107148,3.8469998836517334,3.8580000400543213,3.8559999465942383,3.871999979019165,3.871000051498413,3.867000102996826,3.869999885559082,3.86899995803833,3.871999979019165,3.86899995803833,3.868000030517578,3.868000030517578
2025-07-21T19:51:40.0,15700.0,-9.739999771118164,13.536372803927126,27.350000381469727,27.389999389648438,46.36000061035156,3.8499999046325684,3.859999895095825,3.8589999675750732,3.874000072479248,3.874000072479248,3.869999885559082,3.871999979019165,3.871999979019165,3.875,3.871000051498413,3.869999885559082,3.869999885559082
2025-07-21T19:51:50.0,15710.0,-9.789999961853027,13.510936401226648,27.359512616893475,27.396341283128436,46.41999816894531,3.8510000705718994,3.861999988555908,3.859999895095825,3.875,3.875,3.871000051498413,3.872999906539917,3.872999906539917,3.875999927520752,3.875,3.872999906539917,3.872999906539917
2025-07-21T19:52:00.0,15720.0,-41.38425305279859,13.48212407613184,27.378980966102944,27.4093210078112,45.90437080915593,3.809999942779541,3.821000099182129,3.819999933242798,3.8369998931884766,3.8369998931884766,3.8310000896453857,3.8299999237060547,3.8350000381469727,3.8369998931884766,3.8359999656677246,3.8329999446868896,3.8340001106262207
2025-07-21T19:52:10.0,15730.0,-64.59384227079501,13.310578242463666,27.36770104498675,27.4161494917644,45.439203130185994,3.802999973297119,3.813999891281128,3.812999963760376,3.8299999237060547,3.8299999237060547,3.8239998817443848,3.822999954223633,3.8269999027252197,3.8299999237060547,3.8289999961853027,3.8259999752044678,3.8269999027252197
2025-07-21T19:52:20.0,15740.0,-64.52999877929688,13.131301112370622,27.357379015855525,27.420000076293945,45.43000030517578,3.796999931335449,3.809000015258789,3.806999921798706,3.825000047683716,3.8239998817443848,3.819000005722046,3.818000078201294,3.822000026702881,3.825000047683716,3.8239998817443848,3.821000099182129,3.822000026702881
2025-07-21T19:52:30.0,15750.0,-64.79744612041256,12.950290070767535,27.350931415029066,27.420000076293945,45.34000015258789,3.796999931335449,3.809000015258789,3.806999921798706,3.825000047683716,3.8239998817443848,3.819000005722046,3.818000078201294,3.822000026702881,3.825000047683716,3.822999954223633,3.819999933242798,3.821000099182129
2025-07-21T19:52:40.0,15760.0,-64.36655728890753,12.77114413608829,27.350000381469727,27.420000076293945,45.290000915527344,3.7909998893737793,3.802999973297119,3.8010001182556152,3.819000005722046,3.818000078201294,3.812000036239624,3.811000108718872,3.815999984741211,3.818000078201294,3.816999912261963,3.813999891281128,3.815000057220459
2025-07-21T19:52:50.0,15770.0,-65.16999816894531,12.591629951017827,27.350000381469727,27.42204548927846,45.27000045776367,3.7869999408721924,3.799999952316284,3.796999931335449,3.815999984741211,3.815000057220459,3.809000015258789,3.808000087738037,3.812999963760376,3.815999984741211,3.813999891281128,3.811000108718872,3.812000036239624
2025-07-21T19:53:00.0,15780.0,-63.91999816894531,12.411894669270646,27.350000381469727,27.428526519013936,45.22999954223633,3.7850000858306885,3.796999931335449,3.7950000762939453,3.813999891281128,3.812000036239624,3.806999921798706,3.805999994277954,3.809999942779541,3.812999963760376,3.811000108718872,3.809000015258789,3.809000015258789
2025-07-21T19:53:10.0,15790.0,-64.36000061035156,12.234678425984514,27.360027866004582,27.43000030517578,45.279998779296875,3.7829999923706055,3.7960000038146973,3.7929999828338623,3.812000036239624,3.811000108718872,3.805000066757202,3.803999900817871,3.809000015258789,3.811000108718872,3.809999942779541,3.806999921798706,3.808000087738037
2025-07-21T19:53:20.0,15800.0,-64.01000213623047,12.056782383573982,27.371493818773754,27.431493569527188,45.22999954223633,3.7809998989105225,3.7939999103546143,3.7920000553131104,3.809999942779541,3.809000015258789,3.802999973297119,3.802000045776367,3.805999994277954,3.809000015258789,3.806999921798706,3.803999900817871,3.805000066757202
2025-07-21T19:53:30.0,15810.0,-62.689998626708984,11.88071439356446,27.377940189846097,27.437941170353646,45.15999984741211,3.7790000438690186,3.7909998893737793,3.7890000343322754,3.808000087738037,3.806999921798706,3.8010001182556152,3.799999952316284,3.805000066757202,3.806999921798706,3.805000066757202,3.802999973297119,3.803999900817871
2025-07-21T19:53:40.0,15820.0,-63.81999969482422,11.703944526481228,27.384413010168014,27.440000534057617,45.13999938964844,3.7769999504089355,3.7899999618530273,3.7869999408721924,3.806999921798706,3.805000066757202,3.7990000247955322,3.7980000972747803,3.802999973297119,3.805999994277954,3.803999900817871,3.8010001182556152,3.802000045776367
2025-07-21T19:53:50.0,15830.0,-63.69289600583522,11.526647088506088,27.389999389648438,27.440899970607276,45.13963891996753,3.7739999294281006,3.7869999408721924,3.7850000858306885,3.803999900817871,3.802999973297119,3.796999931335449,3.7960000038146973,3.8010001182556152,3.802999973297119,3.8010001182556152,3.7980000972747803,3.799999952316284
2025-07-21T19:54:00.0,15840.0,-52.56999969482422,11.350591076371535,27.389999389648438,27.447389411802497,45.279998779296875,3.7809998989105225,3.7939999103546143,3.7920000553131104,3.809999942779541,3.809999942779541,3.803999900817871,3.802999973297119,3.806999921798706,3.809999942779541,3.808000087738037,3.805999994277954,3.805999994277954
2025-07-21T19:54:10.0,15850.0,-51.894077383303234,11.206427433386509,27.389999389648438,27.450000762939453,45.33826295299644,3.7820000648498535,3.7950000762939453,3.7929999828338623,3.811000108718872,3.809999942779541,3.803999900817871,3.803999900817871,3.806999921798706,3.809999942779541,3.809000015258789,3.805999994277954,3.806999921798706
2025-07-21T19:54:20.0,15860.0,-51.869998931884766,11.062210420865613,27.391408217205804,27.450000762939453,45.290000915527344,3.7820000648498535,3.7950000762939453,3.7920000553131104,3.809999942779541,3.809999942779541,3.803999900817871,3.802999973297119,3.806999921798706,3.809999942779541,3.808000087738037,3.805000066757202,3.805999994277954
2025-07-21T19:54:30.0,15870.0,-52.020328378583216,10.918063384013305,27.41716374841908,27.450000762939453,45.26030924318654,3.7809998989105225,3.7939999103546143,3.7909998893737793,3.809999942779541,3.809000015258789,3.802999973297119,3.802999973297119,3.806999921798706,3.809999942779541,3.808000087738037,3.805000066757202,3.805999994277954
2025-07-21T19:54:40.0,15880.0,-51.9900016784668,10.774106457168392,27.43000030517578,27.450000762939453,45.25,3.7799999713897705,3.7929999828338623,3.7909998893737793,3.809000015258789,3.809000015258789,3.802000045776367,3.802000045776367,3.805999994277954,3.809000015258789,3.806999921798706,3.803999900817871,3.805000066757202
2025-07-21T19:54:50.0,15890.0,-52.08000183105469,10.629270072763891,27.43000030517578,27.450000762939453,45.2599983215332,3.7790000438690186,3.7920000553131104,3.7899999618530273,3.808000087738037,3.808000087738037,3.8010001182556152,3.8010001182556152,3.805000066757202,3.808000087738037,3.805999994277954,3.802999973297119,3.803999900817871
2025-07-21T19:55:00.0,15900.0,-10.239999771118164,10.503070674057144,27.45496985463935,27.462484942336026,45.93000030517578,3.7780001163482666,3.7920000553131104,3.7890000343322754,3.808000087738037,3.806999921798706,3.8010001182556152,3.8010001182556152,3.803999900817871,3.806999921798706,3.805000066757202,3.802999973297119,3.803999900817871
2025-07-21T19:55:10.0,15910.0,-10.432294004103758,10.474383738537766,27.469999313354492,27.469999313354492,45.85384632990912,3.816999912261963,3.8299999237060547,3.8269999027252197,3.8440001010894775,3.8440001010894775,3.8380000591278076,3.8010001182556152,3.803999900817871,3.806999921798706,3.805000066757202,3.802999973297119,3.803999900817871
2025-07-21T19:55:20.0,15920.0,-10.371560270649777,10.445697213521935,27.469999313354492,27.469999313354492,45.95808344529764,3.819999933242798,3.8320000171661377,3.8299999237060547,3.8469998836517334,3.8469998836517334,3.8420000076293945,3.8440001010894775,3.8440001010894775,3.8480000495910645,3.8429999351501465,3.8420000076293945,3.8420000076293945
2025-07-21T19:55:30.0,15930.0,-10.329999923706055,10.416145146926645,27.469999313354492,27.469999313354492,46.099998474121094,3.8239998817443848,3.8359999656677246,3.8329999446868896,3.8499999046325684,3.8489999771118164,3.8440001010894775,3.8469998836517334,3.8469998836517334,3.8499999046325684,3.8489999771118164,3.8469998836517334,3.8469998836517334
2025-07-21T19:55:40.0,15940.0,-10.407607711841868,10.3872069607789,27.469999313354492,27.469999313354492,45.958496487686034,3.8269999027252197,3.8389999866485596,3.8369998931884766,3.8529999256134033,3.8529999256134033,3.8480000495910645,3.8499999046325684,3.8499999046325684,3.8540000915527344,3.8519999980926514,3.8499999046325684,3.8510000705718994
2025-07-21T19:55:50.0,15950.0,-10.670000076293945,10.358023107999037,27.469999313354492,27.469999313354492,46.11894170723707,3.8289999961853027,3.8410000801086426,3.8389999866485596,3.8550000190734863,3.8550000190734863,3.8499999046325684,3.8519999980926514,3.8519999980926514,3.8559999465942383,3.8540000915527344,3.8519999980926514,3.8529999256134033
2025-07-21T19:56:00.0,15960.0,-10.59000015258789,10.328542352080746,27.485001603509605,27.49500313027968,46.11000061035156,3.8310000896453857,3.8429999351501465,3.8399999141693115,3.8570001125335693,3.8559999465942383,3.8519999980926514,3.8540000915527344,3.8540000915527344,3.8580000400543213,3.816999912261963,3.813999891281128,3.815999984741211
2025-07-21T19:56:10.0,15970.0,-64.66999816894531,10.223173332220577,27.49701811356978,27.520000457763672,45.25,3.7820000648498535,3.7950000762939453,3.7929999828338623,3.811000108718872,3.811000108718872,3.803999900817871,3.802999973297119,3.806999921798706,3.809999942779541,3.812999963760376,3.809999942779541,3.811000108718872
2025-07-21T19:56:20.0,15980.0,-64.74003115385959,10.04336086863398,27.48403080333363,27.520000457763672,45.15999984741211,3.7769999504089355,3.7899999618530273,3.7869999408721924,3.806999921798706,3.805999994277954,3.799999952316284,3.7980000972747803,3.802999973297119,3.805999994277954,3.803999900817871,3.8010001182556152,3.802999973297119
2025-07-21T19:56:30.0,15990.0,-64.79000091552734,9.863493645280066,27.479999542236328,27.524449591852004,45.119998931884766,3.7739999294281006,3.7869999408721924,3.7850000858306885,3.803999900817871,3.802999973297119,3.796999931335449,3.7960000038146973,3.8010001182556152,3.802999973297119,3.8010001182556152,3.7980000972747803,3.799999952316284
2025-07-21T19:56:40.0,16000.0,-64.80000305175781,9.683945913140903,27.479999542236328,27.530000686645508,45.09000015258789,3.7690000534057617,3.7820000648498535,3.7799999713897705,3.7990000247955322,3.7980000972747803,3.7920000553131104,3.7909998893737793,3.7960000038146973,3.7990000247955322,3.796999931335449,3.7939999103546143,3.7950000762939453
2025-07-21T19:56:50.0,16010.0,-65.0199966430664,9.503368710337607,27.479999542236328,27.530000686645508,45.09000015258789,3.7660000324249268,3.7790000438690186,3.7769999504089355,3.7960000038146973,3.7950000762939453,3.7890000343322754,3.7880001068115234,3.7929999828338623,3.7960000038146973,3.7939999103546143,3.7909998893737793,3.7920000553131104
2025-07-21T19:57:00.0,16020.0,-64.80000305175781,9.323003084733616,27.483884121735787,27.530000686645508,45.0099983215332,3.763000011444092,3.7760000228881836,3.7739999294281006,3.7950000762939453,3.7939999103546143,3.7869999408721924,3.7860000133514404,3.7909998893737793,3.7939999103546143,3.7920000553131104,3.7890000343322754,3.7899999618530273
2025-07-21T19:57:10.0,16030.0,-61.16999816894531,9.149777002438302,27.489999771118164,27.530000686645508,45.029998779296875,3.763000011444092,3.7760000228881836,3.7739999294281006,3.796999931335449,3.7950000762939453,3.7890000343322754,3.7869999408721924,3.7920000553131104,3.7950000762939453,3.7920000553131104,3.7899999618530273,3.7909998893737793
2025-07-21T19:57:20.0,16040.0,-61.04682262822199,8.980178898537815,27.489999771118164,27.530000686645508,45.052427140928856,3.763000011444092,3.7760000228881836,3.7739999294281006,3.7939999103546143,3.7929999828338623,3.7860000133514404,3.7850000858306885,3.7899999618530273,3.7929999828338623,3.7899999618530273,3.7880001068115234,3.7890000343322754
2025-07-21T19:57:30.0,16050.0,-61.06834500655776,8.810727130177678,27.489999771118164,27.530000686645508,44.9900016784668,3.759999990463257,3.7739999294281006,3.7709999084472656,3.7909998893737793,3.7899999618530273,3.7839999198913574,3.7829999923706055,3.7869999408721924,3.7899999618530273,3.7880001068115234,3.7850000858306885,3.7869999408721924
2025-07-21T19:57:40.0,16060.0,-60.9493353819504,8.641282924979391,27.489999771118164,27.530000686645508,45.0099983215332,3.757999897003174,3.7720000743865967,3.7699999809265137,3.7890000343322754,3.7890000343322754,3.7820000648498535,3.7809998989105225,3.7860000133514404,3.7890000343322754,3.7869999408721924,3.7839999198913574,3.7850000858306885
2025-07-21T19:57:50.0,16070.0,-60.939998626708984,8.471954526352214,27.489999771118164,27.530000686645508,44.95000076293945,3.756999969482422,3.7709999084472656,3.7679998874664307,3.7880001068115234,3.7869999408721924,3.7809998989105225,3.7799999713897705,3.7839999198913574,3.7869999408721924,3.7850000858306885,3.7820000648498535,3.7839999198913574
2025-07-21T19:58:00.0,16080.0,-44.119998931884766,8.305732326033768,27.489999771118164,27.530000686645508,45.13999938964844,3.75600004196167,3.7699999809265137,3.7669999599456787,3.7860000133514404,3.7850000858306885,3.7790000438690186,3.7780001163482666,3.7829999923706055,3.7860000133514404,3.7850000858306885,3.7820000648498535,3.7839999198913574
2025-07-21T19:58:10.0,16090.0,-43.400001525878906,8.183167688516898,27.489999771118164,27.530000686645508,45.25,3.7690000534057617,3.7820000648498535,3.7799999713897705,3.7990000247955322,3.7980000972747803,3.7920000553131104,3.7920000553131104,3.7960000038146973,3.7980000972747803,3.796999931335449,3.7939999103546143,3.7950000762939453
2025-07-21T19:58:20.0,16100.0,-44.0099983215332,8.060166768149125,27.489999771118164,27.530000686645508,45.151557074652764,3.7690000534057617,3.7829999923706055,3.7799999713897705,3.799999952316284,3.7990000247955322,3.7929999828338623,3.7929999828338623,3.7960000038146973,3.7990000247955322,3.796999931335449,3.7950000762939453,3.7960000038146973
2025-07-21T19:58:30.0,16110.0,-44.27000045776367,7.937249358964353,27.489999771118164,27.530000686645508,45.20000076293945,3.7690000534057617,3.7829999923706055,3.7799999713897705,3.799999952316284,3.7990000247955322,3.7929999828338623,3.7929999828338623,3.7960000038146973,3.7990000247955322,3.796999931335449,3.7950000762939453,3.7960000038146973
2025-07-21T19:58:40.0,16120.0,-44.49901884739697,7.814111040128989,27.489999771118164,27.530000686645508,45.191385166941146,3.7690000534057617,3.7829999923706055,3.7799999713897705,3.799999952316284,3.7990000247955322,3.7929999828338623,3.7929999828338623,3.7960000038146973,3.7990000247955322,3.796999931335449,3.7939999103546143,3.7960000038146973
2025-07-21T19:58:50.0,16130.0,-44.54125564176277,7.6909238467257435,27.489999771118164,27.530000686645508,45.1547149643155,3.7690000534057617,3.7829999923706055,3.7799999713897705,3.799999952316284,3.7990000247955322,3.7929999828338623,3.7929999828338623,3.7960000038146973,3.7990000247955322,3.796999931335449,3.7939999103546143,3.7960000038146973
2025-07-21T19:59:00.0,16140.0,-43.9900016784668,7.567711156351157,27.50911608652044,27.540293957798763,45.13999938964844,3.7690000534057617,3.7820000648498535,3.7799999713897705,3.7990000247955322,3.7980000972747803,3.7920000553131104,3.7929999828338623,3.7960000038146973,3.7990000247955322,3.796999931335449,3.7939999103546143,3.7950000762939453
2025-07-21T19:59:10.0,16150.0,-52.130001068115234,7.4293265005248035,27.593477584323967,27.58571880843096,45.06999969482422,3.76200008392334,3.7760000228881836,3.7739999294281006,3.7929999828338623,3.7920000553131104,3.7860000133514404,3.7860000133514404,3.7899999618530273,3.7929999828338623,3.7899999618530273,3.7869999408721924,3.7890000343322754
2025-07-21T19:59:20.0,16160.0,-52.276861572265695,7.284583983508075,27.62889254232325,27.604446657034828,45.060001373291016,3.759000062942505,3.7730000019073486,3.7709999084472656,3.7909998893737793,3.7899999618530273,3.7829999923706055,3.7829999923706055,3.7869999408721924,3.7899999618530273,3.7880001068115234,3.7860000133514404,3.7869999408721924
2025-07-21T19:59:30.0,16170.0,-52.38842299544571,7.139302385489005,27.641849947467293,27.61185099169151,45.07827281124836,3.757999897003174,3.7720000743865967,3.7699999809265137,3.7899999618530273,3.7890000343322754,3.7820000648498535,3.7820000648498535,3.7860000133514404,3.7890000343322754,3.7869999408721924,3.7839999198913574,3.7860000133514404
2025-07-21T19:59:40.0,16180.0,-52.29999923706055,6.993992427739956,27.654736840356257,27.624736655618726,45.0099983215332,3.756999969482422,3.7709999084472656,3.7690000534057617,3.7890000343322754,3.7880001068115234,3.7809998989105225,3.7809998989105225,3.7850000858306885,3.7880001068115234,3.7860000133514404,3.7829999923706055,3.7850000858306885
2025-07-21T19:59:50.0,16190.0,-52.380001068115234,6.848738711057097,27.65999984741211,27.63383582445434,45.02000045776367,3.755000114440918,3.7699999809265137,3.7669999599456787,3.7869999408721924,3.7869999408721924,3.7799999713897705,3.7799999713897705,3.7839999198913574,3.7869999408721924,3.7850000858306885,3.7820000648498535,3.7829999923706055
2025-07-21T20:00:00.0,16200.0,-45.59259934234987,6.703194009368543,27.66032130648699,27.639999389648438,45.09161810522315,3.755000114440918,3.7690000534057617,3.7669999599456787,3.7869999408721924,3.7860000133514404,3.7790000438690186,3.7790000438690186,3.7829999923706055,3.7860000133514404,3.7839999198913574,3.7809998989105225,3.7829999923706055
2025-07-21T20:00:10.0,16210.0,-45.02684303333864,6.579309858914339,27.66680233622246,27.639999389648438,45.13268036776855,3.760999917984009,3.7750000953674316,3.7720000743865967,3.7920000553131104,3.7909998893737793,3.7850000858306885,3.7850000858306885,3.7890000343322754,3.7920000553131104,3.7890000343322754,3.7869999408721924,3.7880001068115234
2025-07-21T20:00:20.0,16220.0,-44.38999938964844,6.456218828692824,27.670000076293945,27.639999389648438,45.08000183105469,3.759999990463257,3.7739999294281006,3.7720000743865967,3.7920000553131104,3.7909998893737793,3.7850000858306885,3.7850000858306885,3.7890000343322754,3.7920000553131104,3.7890000343322754,3.7869999408721924,3.7880001068115234
2025-07-21T20:00:30.0,16230.0,-44.56999969482422,6.332172957988172,27.670000076293945,27.639999389648438,45.18000030517578,3.759999990463257,3.7739999294281006,3.7720000743865967,3.7920000553131104,3.7909998893737793,3.7850000858306885,3.7850000858306885,3.7880001068115234,3.7909998893737793,3.7890000343322754,3.7869999408721924,3.7880001068115234
2025-07-21T20:00:40.0,16240.0,-44.41847094367531,6.20925009943206,27.670000076293945,27.639999389648438,45.060001373291016,3.759999990463257,3.7739999294281006,3.7720000743865967,3.7920000553131104,3.7909998893737793,3.7839999198913574,3.7850000858306885,3.7880001068115234,3.7909998893737793,3.7890000343322754,3.7869999408721924,3.7880001068115234
2025-07-21T20:00:50.0,16250.0,-44.18000030517578,6.085921941671229,27.670000076293945,27.639999389648438,45.290000915527344,3.759000062942505,3.7730000019073486,3.7709999084472656,3.7909998893737793,3.7899999618530273,3.7839999198913574,3.7850000858306885,3.7880001068115234,3.7909998893737793,3.7890000343322754,3.7869999408721924,3.7880001068115234
2025-07-21T20:01:00.0,16260.0,-53.9753842676721,5.962967543748077,27.670000076293945,27.639999389648438,44.94990185524918,3.759000062942505,3.7730000019073486,3.7709999084472656,3.7909998893737793,3.7899999618530273,3.7839999198913574,3.7839999198913574,3.7869999408721924,3.7899999618530273,3.7880001068115234,3.7860000133514404,3.7869999408721924
2025-07-21T20:01:10.0,16270.0,-57.189998626708984,5.805416733183186,27.670000076293945,27.639999389648438,44.93000030517578,3.746000051498413,3.759999990463257,3.757999897003174,3.7790000438690186,3.7780001163482666,3.7709999084472656,3.7709999084472656,3.7750000953674316,3.7780001163482666,3.7760000228881836,3.7730000019073486,3.7750000953674316
2025-07-21T20:01:20.0,16280.0,-57.24200057983394,5.646599070088984,27.670000076293945,27.639999389648438,44.91138110441319,3.74399995803833,3.757999897003174,3.75600004196167,3.7769999504089355,3.7760000228881836,3.7699999809265137,3.7690000534057617,3.7739999294281006,3.7769999504089355,3.7739999294281006,3.7709999084472656,3.7730000019073486
2025-07-21T20:01:30.0,16290.0,-57.189998626708984,5.487644046011887,27.670000076293945,27.639999389648438,44.849998474121094,3.742000102996826,3.75600004196167,3.753999948501587,3.7750000953674316,3.7739999294281006,3.7679998874664307,3.7679998874664307,3.7720000743865967,3.7750000953674316,3.7730000019073486,3.7699999809265137,3.7709999084472656
2025-07-21T20:01:40.0,16300.0,-57.189998626708984,5.328782938715474,27.670000076293945,27.639999389648438,44.85411777496338,3.740000009536743,3.755000114440918,3.753000020980835,3.7739999294281006,3.7739999294281006,3.7669999599456787,3.7660000324249268,3.7709999084472656,3.7739999294281006,3.7709999084472656,3.7690000534057617,3.7699999809265137
2025-07-21T20:01:50.0,16310.0,-57.20000076293945,5.1697218319404,27.670000076293945,27.639999389648438,44.790000915527344,3.73799991607666,3.753000020980835,3.750999927520752,3.7720000743865967,3.7709999084472656,3.7639999389648438,3.7639999389648438,3.7679998874664307,3.7709999084472656,3.7699999809265137,3.7669999599456787,3.7690000534057617
2025-07-21T20:02:00.0,16320.0,-20.399928518412025,5.010938649913855,27.670000076293945,27.639999389648438,45.2267264416937,3.73799991607666,3.752000093460083,3.75,3.7709999084472656,3.7699999809265137,3.7639999389648438,3.763000011444092,3.7679998874664307,3.7709999084472656,3.7679998874664307,3.7660000324249268,3.7669999599456787
2025-07-21T20:02:10.0,16330.0,-11.293869456746298,4.976031465959934,27.670000076293945,27.639999389648438,45.48765257735693,3.7769999504089355,3.7909998893737793,3.7890000343322754,3.809000015258789,3.808000087738037,3.802999973297119,3.805000066757202,3.805999994277954,3.809000015258789,3.806999921798706,3.805000066757202,3.805999994277954
2025-07-21T20:02:20.0,16340.0,-11.3100004196167,4.944708007378433,27.670000076293945,27.639999389648438,45.31999969482422,3.7809998989105225,3.7950000762939453,3.7929999828338623,3.812999963760376,3.812000036239624,3.805999994277954,3.809000015258789,3.809000015258789,3.812999963760376,3.809999942779541,3.809000015258789,3.809999942779541
2025-07-21T20:02:30.0,16350.0,-11.739999771118164,4.912256454751612,27.670000076293945,27.639999389648438,45.70000076293945,3.7839999198913574,3.7980000972747803,3.7960000038146973,3.815000057220459,3.813999891281128,3.809000015258789,3.811000108718872,3.812000036239624,3.815000057220459,3.812999963760376,3.811000108718872,3.812000036239624
2025-07-21T20:02:40.0,16360.0,-11.566936578881476,4.879892577373837,27.670000076293945,27.639999389648438,45.6581580567204,3.7869999408721924,3.799999952316284,3.7980000972747803,3.818000078201294,3.816999912261963,3.812000036239624,3.813999891281128,3.815000057220459,3.818000078201294,3.815999984741211,3.815000057220459,3.815000057220459
2025-07-21T20:02:50.0,16370.0,-11.618399594505155,4.848070599880604,27.677079068112786,27.645898599505184,45.68000030517578,3.7899999618530273,3.802999973297119,3.8010001182556152,3.819000005722046,3.819000005722046,3.813999891281128,3.815999984741211,3.815999984741211,3.819999933242798,3.818000078201294,3.815999984741211,3.816999912261963
2025-07-21T20:03:00.0,16380.0,-11.640000343322754,4.816062344755982,27.793894114628316,27.743245296811242,45.24173661282224,3.7909998893737793,3.805000066757202,3.802999973297119,3.822000026702881,3.821000099182129,3.816999912261963,3.819000005722046,3.819000005722046,3.822999954223633,3.819999933242798,3.819000005722046,3.819999933242798
2025-07-21T20:03:10.0,16390.0,-64.8594746907551,4.666016339169721,27.846660545373144,27.793340114615322,44.84750359229793,3.746000051498413,3.759999990463257,3.757999897003174,3.7799999713897705,3.7790000438690186,3.7730000019073486,3.7720000743865967,3.7769999504089355,3.7790000438690186,3.7769999504089355,3.7739999294281006,3.7760000228881836
2025-07-21T20:03:20.0,16400.0,-64.9800033569336,4.485690229987151,27.84023407607051,27.79976535819427,44.779998779296875,3.739000082015991,3.753999948501587,3.752000093460083,3.7730000019073486,3.7720000743865967,3.7660000324249268,3.765000104904175,3.7699999809265137,3.7730000019073486,3.7709999084472656,3.7679998874664307,3.7690000534057617
2025-07-21T20:03:30.0,16410.0,-64.91000366210938,4.305250245400647,27.84000015258789,27.806208142054448,44.75,3.73799991607666,3.753000020980835,3.750999927520752,3.7730000019073486,3.7709999084472656,3.765000104904175,3.7639999389648438,3.7690000534057617,3.7720000743865967,3.7699999809265137,3.7669999599456787,3.7690000534057617
2025-07-21T20:03:40.0,16420.0,-64.91536268230463,4.124967631705715,27.84000015258789,27.812673817321606,44.709999084472656,3.7309999465942383,3.746000051498413,3.74399995803833,3.7660000324249268,3.765000104904175,3.759000062942505,3.756999969482422,3.76200008392334,3.765000104904175,3.763000011444092,3.759999990463257,3.76200008392334
2025-07-21T20:03:50.0,16430.0,-64.6597024214897,3.9448320571508475,27.84000015258789,27.81917126965208,44.671789590935965,3.7279999256134033,3.743000030517578,3.740999937057495,3.763000011444092,3.76200008392334,3.75600004196167,3.753999948501587,3.759999990463257,3.763000011444092,3.759999990463257,3.756999969482422,3.759000062942505
2025-07-21T20:04:00.0,16440.0,-65.01000213623047,3.7648933379100225,27.85133231662374,27.825665776842143,44.619998931884766,3.7249999046325684,3.740000009536743,3.73799991607666,3.759999990463257,3.759000062942505,3.753000020980835,3.750999927520752,3.756999969482422,3.759999990463257,3.756999969482422,3.753999948501587,3.75600004196167
2025-07-21T20:04:10.0,16450.0,-61.22999954223633,3.5913202762128025,27.862160540299026,27.83215985365352,44.619998931884766,3.7260000705718994,3.740999937057495,3.73799991607666,3.760999917984009,3.759999990463257,3.753000020980835,3.753000020980835,3.756999969482422,3.759999990463257,3.757999897003174,3.755000114440918,3.756999969482422
2025-07-21T20:04:20.0,16460.0,-60.66999816894531,3.4224778138606853,27.8686546171104,27.838653930464893,44.650001525878906,3.7239999771118164,3.739000082015991,3.736999988555908,3.759000062942505,3.757999897003174,3.752000093460083,3.750999927520752,3.75600004196167,3.759000062942505,3.75600004196167,3.753999948501587,3.755000114440918
2025-07-21T20:04:30.0,16470.0,-60.84187469482448,3.2531337047217734,27.88022782517882,27.84511413325664,44.61000061035156,3.7219998836517334,3.736999988555908,3.7339999675750732,3.756999969482422,3.75600004196167,3.749000072479248,3.747999906539917,3.753000020980835,3.75600004196167,3.753999948501587,3.750999927520752,3.753000020980835
2025-07-21T20:04:40.0,16480.0,-60.86000061035156,3.0840456838789025,27.894728542721992,27.853153150185427,44.61000061035156,3.7200000286102295,3.734999895095825,3.7330000400543213,3.75600004196167,3.753999948501587,3.747999906539917,3.746999979019165,3.752000093460083,3.755000114440918,3.752000093460083,3.749000072479248,3.750999927520752
2025-07-21T20:04:50.0,16490.0,-60.79999923706055,2.9147109688018205,27.91422216627333,27.866148899219652,44.56478032119018,3.7179999351501465,3.7330000400543213,3.7309999465942383,3.753999948501587,3.752000093460083,3.744999885559082,3.744999885559082,3.75,3.753000020980835,3.75,3.747999906539917,3.749000072479248
2025-07-21T20:05:00.0,16500.0,-55.25951214841392,2.7457091563215306,27.920000076293945,27.8700008392334,44.64023607153675,3.7149999141693115,3.7309999465942383,3.7279999256134033,3.752000093460083,3.750999927520752,3.74399995803833,3.743000030517578,3.747999906539917,3.750999927520752,3.749000072479248,3.746000051498413,3.747999906539917
2025-07-21T20:05:10.0,16510.0,-12.029999732971191,2.683989450949934,27.920000076293945,27.8700008392334,45.33000183105469,3.757999897003174,3.7720000743865967,3.7699999809265137,3.7909998893737793,3.7899999618530273,3.7850000858306885,3.7869999408721924,3.7880001068115234,3.7909998893737793,3.7890000343322754,3.7869999408721924,3.7880001068115234
2025-07-21T20:05:20.0,16520.0,-12.062960280242962,2.6505727850250134,27.920000076293945,27.8700008392334,45.33000183105469,3.76200008392334,3.7769999504089355,3.7739999294281006,3.7929999828338623,3.7920000553131104,3.7869999408721924,3.7899999618530273,3.7909998893737793,3.7939999103546143,3.7909998893737793,3.7899999618530273,3.7909998893737793
2025-07-21T20:05:30.0,16530.0,-12.430000305175781,2.6165898409664363,27.920000076293945,27.8700008392334,45.29999923706055,3.765000104904175,3.7799999713897705,3.7780001163482666,3.7960000038146973,3.7950000762939453,3.7890000343322754,3.7929999828338623,3.7929999828338623,3.796999931335449,3.7950000762939453,3.7929999828338623,3.7939999103546143
2025-07-21T20:05:40.0,16540.0,-12.6899995803833,2.5823615207697017,27.920000076293945,27.8700008392334,45.419438303797705,3.7669999599456787,3.7809998989105225,3.7790000438690186,3.799999952316284,3.7990000247955322,3.7939999103546143,3.7960000038146973,3.796999931335449,3.799999952316284,3.7980000972747803,3.796999931335449,3.7980000972747803
2025-07-21T20:05:50.0,16550.0,-12.460000038146973,2.547178487185213,27.920000076293945,27.8700008392334,45.369998931884766,3.7699999809265137,3.7839999198913574,3.7820000648498535,3.802999973297119,3.802000045776367,3.796999931335449,3.7990000247955322,3.799999952316284,3.802999973297119,3.8010001182556152,3.799999952316284,3.8010001182556152
2025-07-21T20:06:00.0,16560.0,-13.020000457763672,2.5119381950922532,27.949762618642286,27.89645636234865,45.310001373291016,3.7720000743865967,3.7860000133514404,3.7839999198913574,3.803999900817871,3.803999900817871,3.7990000247955322,3.8010001182556152,3.8010001182556152,3.805000066757202,3.802999973297119,3.8010001182556152,3.802000045776367
2025-07-21T20:06:10.0,16570.0,-64.4000015258789,2.3750654824345627,28.00816635166491,27.94837065417606,44.70000076293945,3.7290000915527344,3.743000030517578,3.742000102996826,3.7639999389648438,3.763000011444092,3.756999969482422,3.75600004196167,3.760999917984009,3.7639999389648438,3.76200008392334,3.759000062942505,3.760999917984009
2025-07-21T20:06:20.0,16580.0,-65.0,2.195962089852623,28.010000228881836,27.962570909553342,44.61000061035156,3.7239999771118164,3.739000082015991,3.736999988555908,3.759999990463257,3.757999897003174,3.752000093460083,3.749000072479248,3.753999948501587,3.756999969482422,3.759000062942505,3.75600004196167,3.757999897003174
2025-07-21T20:06:30.0,16590.0,-64.36000061035156,2.0163993626280616,28.01275722299523,27.972756307467886,44.56999969482422,3.7179999351501465,3.7330000400543213,3.7309999465942383,3.753999948501587,3.753000020980835,3.746999979019165,3.744999885559082,3.75,3.753000020980835,3.750999927520752,3.747999906539917,3.75
2025-07-21T20:06:40.0,16600.0,-64.9000015258789,1.8368077905616484,28.01920482382169,27.979203908294345,44.52000045776367,3.7139999866485596,3.7290000915527344,3.7279999256134033,3.75,3.749000072479248,3.743000030517578,3.742000102996826,3.746999979019165,3.75,3.747999906539917,3.744999885559082,3.746000051498413
2025-07-21T20:06:50.0,16610.0,-64.72436041738446,1.6566270911029974,28.031370367799752,27.99136945227241,44.47999954223633,3.7109999656677246,3.7260000705718994,3.7239999771118164,3.746999979019165,3.746000051498413,3.739000082015991,3.73799991607666,3.74399995803833,3.746999979019165,3.74399995803833,3.740999937057495,3.743000030517578
2025-07-21T20:07:00.0,16620.0,-64.3338260851404,1.4763537427482332,28.042170460524108,28.0,44.459999084472656,3.7079999446868896,3.7230000495910645,3.7209999561309814,3.744999885559082,3.743000030517578,3.736999988555908,3.7360000610351562,3.740999937057495,3.74399995803833,3.742000102996826,3.739000082015991,3.740999937057495
2025-07-21T20:07:10.0,16630.0,-63.18000030517578,1.2977772554189624,28.048654456330336,28.0,44.43000030517578,3.7060000896453857,3.7219998836517334,3.7200000286102295,3.743000030517578,3.742000102996826,3.734999895095825,3.734999895095825,3.740000009536743,3.743000030517578,3.740000009536743,3.736999988555908,3.739000082015991
2025-07-21T20:07:20.0,16640.0,-64.12999725341797,1.1210755888646178,28.065439850200303,28.01029374209317,44.40999984741211,3.703000068664551,3.7190001010894775,3.7170000076293945,3.740999937057495,3.739000082015991,3.7330000400543213,3.734999895095825,3.740000009536743,3.743000030517578,3.740000009536743,3.736999988555908,3.739000082015991
2025-07-21T20:07:30.0,16650.0,-63.967468648175235,0.9431137695591967,28.086518782584893,28.023259887203093,44.34773889180099,3.7019999027252197,3.7179999351501465,3.7160000801086426,3.740000009536743,3.73799991607666,3.7320001125335693,3.7309999465942383,3.7360000610351562,3.739000082015991,3.7360000610351562,3.7330000400543213,3.734999895095825
2025-07-21T20:07:40.0,16660.0,-64.59450224024283,0.766065197949275,28.112325824860598,28.036163408340943,44.31204811929488,3.697999954223633,3.7139999866485596,3.7119998931884766,3.7360000610351562,3.734999895095825,3.7279999256134033,3.7269999980926514,3.7320001125335693,3.734999895095825,3.7330000400543213,3.7300000190734863,3.7320001125335693
2025-07-21T20:07:50.0,16670.0,-63.33000183105469,0.5894211370578062,28.129118932368765,28.04911900866271,44.33000183105469,3.696000099182129,3.7119998931884766,3.7100000381469727,3.7339999675750732,3.7330000400543213,3.7260000705718994,3.7249999046325684,3.7309999465942383,3.7339999675750732,3.7309999465942383,3.7279999256134033,3.7300000190734863
2025-07-21T20:08:00.0,16680.0,-62.63999938964844,0.4139753691560677,28.14209827527387,28.0610489087551,44.349998474121094,3.694000005722046,3.7100000381469727,3.7079999446868896,3.7330000400543213,3.7309999465942383,3.7249999046325684,3.7239999771118164,3.7290000915527344,3.7320001125335693,3.7290000915527344,3.7260000705718994,3.7279999256134033
2025-07-21T20:08:10.0,16690.0,-33.380001068115234,0.28068622643087293,28.155086428896624,28.067542985566476,44.790000915527344,3.7170000076293945,3.7330000400543213,3.7309999465942383,3.755000114440918,3.753000020980835,3.746999979019165,3.749000072479248,3.750999927520752,3.755000114440918,3.753000020980835,3.750999927520752,3.752000093460083
2025-07-21T20:08:20.0,16700.0,-33.49378225524601,0.18709270001981615,28.180158424377442,28.08209530240367,44.80389475105638,3.7200000286102295,3.734999895095825,3.7330000400543213,3.756999969482422,3.755000114440918,3.749000072479248,3.750999927520752,3.753000020980835,3.756999969482422,3.753999948501587,3.752000093460083,3.753999948501587
2025-07-21T20:08:30.0,16710.0,-33.94809893601241,0.09490206283503744,28.21102550848023,28.100513593473515,44.70000076293945,3.7219998836517334,3.736999988555908,3.734999895095825,3.757999897003174,3.756999969482422,3.750999927520752,3.753000020980835,3.755000114440918,3.757999897003174,3.75600004196167,3.753999948501587,3.755000114440918
2025-07-21T20:08:40.0,16720.0,-32.75,0.0013596188983719948,28.223904103305518,28.10695289088616,44.810001373291016,3.7219998836517334,3.73799991607666,3.7360000610351562,3.759000062942505,3.757999897003174,3.752000093460083,3.753000020980835,3.75600004196167,3.759000062942505,3.756999969482422,3.753999948501587,3.75600004196167
2025-07-21T20:08:50.0,16730.0,-34.151660391812,-0.09126769555475356,28.240259500457345,28.120259916276932,44.71724332508281,3.7230000495910645,3.73799991607666,3.736999988555908,3.759999990463257,3.757999897003174,3.753000020980835,3.753999948501587,3.75600004196167,3.759999990463257,3.756999969482422,3.755000114440918,3.756999969482422
2025-07-21T20:09:00.0,16740.0,-33.565050939654114,-0.18612951085368223,28.259739200895954,28.13973837825789,44.75223999023432,3.7230000495910645,3.739000082015991,3.736999988555908,3.759999990463257,3.759000062942505,3.753000020980835,3.753999948501587,3.756999969482422,3.759999990463257,3.757999897003174,3.755000114440918,3.756999969482422
2025-07-21T20:09:10.0,16750.0,-63.02169979437266,-0.2930218562545992,28.26639897446509,28.146398135231692,44.349998474121094,3.700000047683716,3.7160000801086426,3.7149999141693115,3.739000082015991,3.73799991607666,3.7309999465942383,3.7290000915527344,3.7339999675750732,3.73799991607666,3.734999895095825,3.7320001125335693,3.7339999675750732
2025-07-21T20:09:20.0,16760.0,-62.16999816894531,-0.46689927383064767,28.27865690909929,28.161542287490764,44.36000061035156,3.693000078201294,3.7090001106262207,3.7079999446868896,3.7320001125335693,3.7309999465942383,3.7249999046325684,3.7239999771118164,3.7290000915527344,3.7320001125335693,3.7300000190734863,3.7269999980926514,3.7290000915527344
2025-07-21T20:09:30.0,16770.0,-62.38999938964844,-0.6396579563868001,28.2981227317564,28.187498367905626,44.290000915527344,3.690999984741211,3.7070000171661377,3.7049999237060547,3.7300000190734863,3.7279999256134033,3.7219998836517334,3.7209999561309814,3.7260000705718994,3.7300000190734863,3.7269999980926514,3.7239999771118164,3.7260000705718994
2025-07-21T20:09:40.0,16780.0,-64.12405356356975,-0.8143278874954873,28.317478520349525,28.201652278306135,44.20500973239297,3.687000036239624,3.703000068664551,3.7019999027252197,3.7269999980926514,3.7260000705718994,3.7190001010894775,3.7179999351501465,3.7239999771118164,3.7269999980926514,3.7239999771118164,3.7209999561309814,3.7230000495910645
2025-07-21T20:09:50.0,16790.0,-62.90999984741211,-0.9903995578793645,28.334580250602517,28.21457941136912,44.220001220703125,3.684000015258789,3.7009999752044678,3.6989998817443848,3.7249999046325684,3.7230000495910645,3.7170000076293945,3.7160000801086426,3.7209999561309814,3.7239999771118164,3.7219998836517334,3.7190001010894775,3.7209999561309814
2025-07-21T20:10:00.0,16800.0,-62.7400016784668,-1.1649783315220104,28.347566717561595,28.227565878328196,44.150001525878906,3.681999921798706,3.6989998817443848,3.697999954223633,3.7230000495910645,3.7219998836517334,3.7149999141693115,3.7149999141693115,3.7200000286102295,3.7230000495910645,3.7200000286102295,3.7170000076293945,3.7190001010894775
2025-07-21T20:10:10.0,16810.0,-13.579999923706055,-1.2559924221045504,28.355274043608333,28.229999542236328,44.947200165697645,3.7200000286102295,3.7360000610351562,3.7339999675750732,3.757999897003174,3.756999969482422,3.750999927520752,3.755000114440918,3.75600004196167,3.759999990463257,3.757999897003174,3.756999969482422,3.757999897003174
2025-07-21T20:10:20.0,16820.0,-14.343764765122375,-1.2943127442599727,28.360000610351562,28.229999542236328,44.98979999317838,3.7260000705718994,3.742000102996826,3.740000009536743,3.7639999389648438,3.763000011444092,3.757999897003174,3.760999917984009,3.76200008392334,3.765000104904175,3.763000011444092,3.760999917984009,3.76200008392334
2025-07-21T20:10:30.0,16830.0,-13.279999732971191,-1.3325040100872576,28.360000610351562,28.229999542236328,45.189998626708984,3.7300000190734863,3.746000051498413,3.744999885559082,3.7679998874664307,3.7669999599456787,3.76200008392334,3.7639999389648438,3.765000104904175,3.7690000534057617,3.7660000324249268,3.765000104904175,3.7660000324249268
2025-07-21T20:10:40.0,16840.0,-13.800000190734863,-1.3705019075988458,28.360000610351562,28.229999542236328,44.939998626708984,3.7330000400543213,3.747999906539917,3.746999979019165,3.7709999084472656,3.7699999809265137,3.7639999389648438,3.7669999599456787,3.7679998874664307,3.7709999084472656,3.7690000534057617,3.7669999599456787,3.7679998874664307
2025-07-21T20:10:50.0,16850.0,-13.670000076293945,-1.4086161551580223,28.37036638668074,28.241517095899756,45.0099983215332,3.734999895095825,3.75,3.749000072479248,3.7720000743865967,3.7709999084472656,3.7660000324249268,3.7690000534057617,3.7690000534057617,3.7730000019073486,3.7709999084472656,3.7690000534057617,3.7699999809265137
2025-07-21T20:11:00.0,16860.0,-14.202346500072704,-1.4475467836903262,28.428732244390144,28.306368186347058,45.18011625701299,3.734999895095825,3.750999927520752,3.75,3.7730000019073486,3.7720000743865967,3.7669999599456787,3.7699999809265137,3.7699999809265137,3.7739999294281006,3.7720000743865967,3.7699999809265137,3.7709999084472656
2025-07-21T20:11:10.0,16870.0,-64.60460997936745,-1.5272333611397007,28.4541273429177,28.33825465809215,44.33000183105469,3.697000026702881,3.7130000591278076,3.7119998931884766,3.736999988555908,3.7360000610351562,3.7300000190734863,3.7290000915527344,3.7339999675750732,3.736999988555908,3.7330000400543213,3.7300000190734863,3.7320001125335693
2025-07-21T20:11:20.0,16880.0,-64.5999984741211,-1.7074513375826734,28.460615475111666,28.351233162747743,44.25,3.687999963760376,3.7039999961853027,3.7039999961853027,3.7290000915527344,3.7279999256134033,3.7219998836517334,3.7209999561309814,3.7260000705718994,3.7290000915527344,3.7269999980926514,3.7239999771118164,3.7260000705718994
2025-07-21T20:11:30.0,16890.0,-65.22000122070312,-1.8874482496445764,28.467063075938125,28.36412836440066,44.20000076293945,3.684000015258789,3.700000047683716,3.700000047683716,3.7249999046325684,3.7239999771118164,3.7179999351501465,3.7170000076293945,3.7219998836517334,3.7260000705718994,3.7249999046325684,3.7219998836517334,3.7239999771118164
2025-07-21T20:11:40.0,16900.0,-65.02466566796369,-2.0676269672917047,28.47353346302941,28.377068464513105,44.16999816894531,3.678999900817871,3.696000099182129,3.694999933242798,3.7219998836517334,3.7209999561309814,3.7149999141693115,3.7139999866485596,3.7190001010894775,3.7230000495910645,3.7200000286102295,3.7170000076293945,3.7190001010894775
2025-07-21T20:11:50.0,16910.0,-64.52999877929688,-2.247087197328547,28.480068907985796,28.390045633481417,44.150001525878906,3.678999900817871,3.694999933242798,3.694000005722046,3.7209999561309814,3.7190001010894775,3.7130000591278076,3.7119998931884766,3.7179999351501465,3.7209999561309814,3.7179999351501465,3.7149999141693115,3.7179999351501465
2025-07-21T20:12:00.0,16920.0,-64.97993254817352,-2.426522269964621,28.499337171727294,28.402891142642414,44.08596237282349,3.6730000972747803,3.688999891281128,3.688999891281128,3.7160000801086426,3.7139999866485596,3.7079999446868896,3.7079999446868896,3.7139999866485596,3.7170000076293945,3.7139999866485596,3.7109999656677246,3.7130000591278076
2025-07-21T20:12:10.0,16930.0,-63.0099983215332,-2.604497236741787,28.518684075311214,28.415789078365027,44.119998931884766,3.671999931335449,3.687999963760376,3.687999963760376,3.7149999141693115,3.7130000591278076,3.7070000171661377,3.7060000896453857,3.7109999656677246,3.7149999141693115,3.7119998931884766,3.7090001106262207,3.7109999656677246
2025-07-21T20:12:20.0,16940.0,-62.86690143020668,-2.7792614593467495,28.538128424682856,28.42875197794612,43.9900016784668,3.6689999103546143,3.684999942779541,3.684999942779541,3.7119998931884766,3.7100000381469727,3.7039999961853027,3.7039999961853027,3.7090001106262207,3.7119998931884766,3.7100000381469727,3.7070000171661377,3.7090001106262207
2025-07-21T20:12:30.0,16950.0,-63.03846088961577,-2.957307607776197,28.563336682919918,28.44750185252929,43.99957802421167,3.6659998893737793,3.681999921798706,3.681999921798706,3.7090001106262207,3.7079999446868896,3.7019999027252197,3.7009999752044678,3.7060000896453857,3.7100000381469727,3.7070000171661377,3.7039999961853027,3.7060000896453857
2025-07-21T20:12:40.0,16960.0,-62.630001068115234,-3.1315700647326365,28.58690937345163,28.464605384303038,43.97999954223633,3.6640000343322754,3.680000066757202,3.680000066757202,3.7079999446868896,3.7060000896453857,3.700000047683716,3.700000047683716,3.7049999237060547,3.7079999446868896,3.7049999237060547,3.7019999027252197,3.7049999237060547
2025-07-21T20:12:50.0,16970.0,-62.20000076293945,-3.304781840580179,28.606389073890245,28.477591851262115,43.9900016784668,3.6600000858306885,3.677000045776367,3.6760001182556152,3.7049999237060547,3.703000068664551,3.697000026702881,3.696000099182129,3.7009999752044678,3.7049999237060547,3.7019999027252197,3.6989998817443848,3.7009999752044678
2025-07-21T20:13:00.0,16980.0,-62.49263333371103,-3.4797196138428372,28.620565343923605,28.49056528341291,43.90605406510206,3.6579999923706055,3.674999952316284,3.674999952316284,3.703000068664551,3.7009999752044678,3.694999933242798,3.694999933242798,3.6989998817443848,3.703000068664551,3.700000047683716,3.697000026702881,3.6989998817443848
2025-07-21T20:13:10.0,16990.0,-52.70588159000131,-3.642576386480733,28.6299991607666,28.5,44.060134696960475,3.6649999618530273,3.680999994277954,3.680999994277954,3.7090001106262207,3.7079999446868896,3.7019999027252197,3.7019999027252197,3.7060000896453857,3.7100000381469727,3.7070000171661377,3.7049999237060547,3.7060000896453857
2025-07-21T20:13:20.0,17000.0,-52.689998626708984,-3.7886420028128924,28.6299991607666,28.5,44.060001373291016,3.6640000343322754,3.680999994277954,3.680999994277954,3.7079999446868896,3.7070000171661377,3.7009999752044678,3.7019999027252197,3.7060000896453857,3.7090001106262207,3.7070000171661377,3.7039999961853027,3.7060000896453857
2025-07-21T20:13:30.0,17010.0,-52.63999938964844,-3.934575875489318,28.6299991607666,28.5,44.07661953976287,3.6630001068115234,3.680000066757202,3.680000066757202,3.7079999446868896,3.7060000896453857,3.7009999752044678,3.7009999752044678,3.7049999237060547,3.7090001106262207,3.7060000896453857,3.7039999961853027,3.7049999237060547
2025-07-21T20:13:40.0,17020.0,-51.560001373291016,-4.078480000273788,28.6299991607666,28.5,44.150001525878906,3.6619999408721924,3.678999900817871,3.678999900817871,3.7070000171661377,3.7060000896453857,3.700000047683716,3.700000047683716,3.7039999961853027,3.7079999446868896,3.7049999237060547,3.703000068664551,3.7049999237060547
2025-07-21T20:13:50.0,17030.0,-52.686651900547005,-4.223277166060742,28.6299991607666,28.5,44.099998474121094,3.6619999408721924,3.677999973297119,3.677999973297119,3.7070000171661377,3.7049999237060547,3.6989998817443848,3.700000047683716,3.7039999961853027,3.7070000171661377,3.7049999237060547,3.7019999027252197,3.7039999961853027
2025-07-21T20:14:00.0,17040.0,-52.369998931884766,-4.368857782417274,28.6299991607666,28.5,44.02000045776367,3.6589999198913574,3.6760001182556152,3.6760001182556152,3.7049999237060547,3.703000068664551,3.697999954223633,3.697999954223633,3.7019999027252197,3.7060000896453857,3.703000068664551,3.7009999752044678,3.7019999027252197
2025-07-21T20:14:10.0,17050.0,-34.869998931884766,-4.489668864600275,28.639930446788036,28.50731773722806,44.31999969482422,3.671999931335449,3.688999891281128,3.688999891281128,3.7170000076293945,3.7160000801086426,3.7100000381469727,3.7119998931884766,3.7149999141693115,3.7179999351501465,3.7160000801086426,3.7139999866485596,3.7149999141693115
2025-07-21T20:14:20.0,17060.0,-34.987621374689994,-4.58567235775247,28.76314739494471,28.59810852169526,44.2981833414314,3.6740000247955322,3.690999984741211,3.690999984741211,3.7190001010894775,3.7179999351501465,3.7119998931884766,3.7139999866485596,3.7170000076293945,3.7200000286102295,3.7179999351501465,3.7149999141693115,3.7170000076293945
2025-07-21T20:14:30.0,17070.0,-34.33000183105469,-4.682802566877352,28.83039761620599,28.646931337236282,44.31999969482422,3.674999952316284,3.690999984741211,3.690999984741211,3.7200000286102295,3.7179999351501465,3.7130000591278076,3.7149999141693115,3.7170000076293945,3.7209999561309814,3.7179999351501465,3.7160000801086426,3.7179999351501465
2025-07-21T20:14:40.0,17080.0,-33.959999084472656,-4.777877342060288,28.84970307736784,28.659801644677515,44.290000915527344,3.674999952316284,3.691999912261963,3.691999912261963,3.7200000286102295,3.7179999351501465,3.7130000591278076,3.7149999141693115,3.7179999351501465,3.7209999561309814,3.7190001010894775,3.7170000076293945,3.7179999351501465
2025-07-21T20:14:50.0,17090.0,-35.52000045776367,-4.8749996031034115,28.87555717799974,28.685557862615365,44.290000915527344,3.674999952316284,3.691999912261963,3.691999912261963,3.7200000286102295,3.7190001010894775,3.7139999866485596,3.7160000801086426,3.7179999351501465,3.7219998836517334,3.7190001010894775,3.7170000076293945,3.7190001010894775
2025-07-21T20:15:00.0,17100.0,-34.9900016784668,-4.9726481944321375,28.898629937376025,28.711507611206684,44.34000015258789,3.674999952316284,3.691999912261963,3.691999912261963,3.7209999561309814,3.7190001010894775,3.7139999866485596,3.7160000801086426,3.7179999351501465,3.7219998836517334,3.7190001010894775,3.7170000076293945,3.7190001010894775
2025-07-21T20:15:10.0,17110.0,-64.07491298645851,-5.10409422612231,28.91808563558972,28.737447305226603,43.93978948156814,3.6510000228881836,3.6679999828338623,3.6679999828338623,3.697999954223633,3.696000099182129,3.690999984741211,3.691999912261963,3.696000099182129,3.700000047683716,3.697000026702881,3.694999933242798,3.697000026702881
2025-07-21T20:15:20.0,17120.0,-62.439998626708984,-5.278810065402334,28.931695006392996,28.757542166266738,43.83000183105469,3.6470000743865967,3.6640000343322754,3.6640000343322754,3.694000005722046,3.691999912261963,3.687000036239624,3.686000108718872,3.690999984741211,3.694999933242798,3.691999912261963,3.690000057220459,3.691999912261963
2025-07-21T20:15:30.0,17130.0,-64.0199966430664,-5.453358304844313,28.94695724923593,28.77463856275857,43.78607786580132,3.6449999809265137,3.6610000133514404,3.6619999408721924,3.691999912261963,3.690000057220459,3.684999942779541,3.684999942779541,3.688999891281128,3.693000078201294,3.690000057220459,3.687999963760376,3.688999891281128
2025-07-21T20:15:40.0,17140.0,-64.3499984741211,-5.631390868669496,28.966297575002727,28.78753293305299,43.7599983215332,3.6449999809265137,3.6610000133514404,3.6619999408721924,3.691999912261963,3.690000057220459,3.684999942779541,3.684999942779541,3.688999891281128,3.693000078201294,3.690000057220459,3.687999963760376,3.688999891281128
2025-07-21T20:15:50.0,17150.0,-63.36000061035156,-5.809091986159629,28.98037286700921,28.805560256732893,43.7599983215332,3.6389999389648438,3.6559998989105225,3.6559998989105225,3.686000108718872,3.684999942779541,3.678999900817871,3.678999900817871,3.684000015258789,3.687999963760376,3.684999942779541,3.681999921798706,3.684000015258789
2025-07-21T20:16:00.0,17160.0,-63.801631328074066,-5.98712169643761,28.99323719930092,28.821618408915597,43.71699924468993,3.635999917984009,3.6519999504089355,3.6519999504089355,3.681999921798706,3.680000066757202,3.674999952316284,3.674999952316284,3.680000066757202,3.684000015258789,3.680999994277954,3.677999973297119,3.680000066757202
2025-07-21T20:16:10.0,17170.0,-15.6630002021803,-6.100994633608282,29.006207664776714,28.828103641653495,44.51835336124191,3.671999931335449,3.687000036239624,3.687999963760376,3.7160000801086426,3.7149999141693115,3.7100000381469727,3.7130000591278076,3.7139999866485596,3.7179999351501465,3.7149999141693115,3.7139999866485596,3.7149999141693115
2025-07-21T20:16:20.0,17180.0,-15.770000457763672,-6.14449277545547,29.010000228881836,28.829999923706055,44.33000183105469,3.6760001182556152,3.690999984741211,3.691999912261963,3.7209999561309814,3.7190001010894775,3.7139999866485596,3.7170000076293945,3.7179999351501465,3.7219998836517334,3.7179999351501465,3.7170000076293945,3.7179999351501465
2025-07-21T20:16:30.0,17190.0,-15.680992394728591,-6.188161797994397,29.010000228881836,28.829999923706055,44.54044663683109,3.677999973297119,3.694000005722046,3.694000005722046,3.7209999561309814,3.7190001010894775,3.7139999866485596,3.7170000076293945,3.7179999351501465,3.7219998836517334,3.7200000286102295,3.7179999351501465,3.7200000286102295
2025-07-21T20:16:40.0,17200.0,-16.62067122710354,-6.232501445020459,29.010000228881836,28.829999923706055,44.42854994231576,3.680000066757202,3.696000099182129,3.696000099182129,3.7249999046325684,3.7239999771118164,3.7190001010894775,3.7219998836517334,3.7230000495910645,3.7269999980926514,3.7249999046325684,3.7230000495910645,3.7249999046325684
2025-07-21T20:16:50.0,17210.0,-16.959999084472656,-6.277604036725782,29.010000228881836,28.829999923706055,44.47999954223633,3.681999921798706,3.697999954223633,3.697999954223633,3.7269999980926514,3.7260000705718994,3.7209999561309814,3.7249999046325684,3.7249999046325684,3.7290000915527344,3.7269999980926514,3.7260000705718994,3.7269999980926514
2025-07-21T20:17:00.0,17220.0,-15.9399995803833,-6.324662200432244,29.015179245945074,28.836120506761592,44.40999984741211,3.683000087738037,3.6989998817443848,3.6989998817443848,3.7279999256134033,3.7269999980926514,3.7230000495910645,3.7260000705718994,3.7269999980926514,3.7300000190734863,3.7279999256134033,3.7269999980926514,3.7279999256134033
2025-07-21T20:17:10.0,17230.0,-64.89601805776731,-6.4046400334121465,29.08651556913027,28.920426058490918,43.81999969482422,3.6449999809265137,3.6610000133514404,3.6619999408721924,3.693000078201294,3.690999984741211,3.686000108718872,3.687999963760376,3.693000078201294,3.696000099182129,3.694000005722046,3.691999912261963,3.694000005722046
2025-07-21T20:17:20.0,17240.0,-64.81999969482422,-6.584741163954901,29.12344347998974,28.97032897696721,43.779998779296875,3.6419999599456787,3.6579999923706055,3.6589999198913574,3.688999891281128,3.687000036239624,3.681999921798706,3.681999921798706,3.687000036239624,3.690999984741211,3.687999963760376,3.686000108718872,3.687999963760376
2025-07-21T20:17:30.0,17250.0,-64.5,-6.763809631523193,29.129931683450607,28.989797300552873,43.70000076293945,3.63700008392334,3.6530001163482666,3.6540000438690186,3.683000087738037,3.680999994277954,3.6760001182556152,3.6760001182556152,3.680999994277954,3.684999942779541,3.681999921798706,3.680000066757202,3.680999994277954
2025-07-21T20:17:40.0,17260.0,-64.4000015258789,-6.943074349201687,29.14276107514079,29.002761685492352,43.720001220703125,3.634000062942505,3.6489999294281006,3.6500000953674316,3.680999994277954,3.678999900817871,3.6740000247955322,3.6730000972747803,3.677999973297119,3.680999994277954,3.677999973297119,3.6760001182556152,3.677999973297119
2025-07-21T20:17:50.0,17270.0,-64.61137391643513,-7.122593225790297,29.15855091554241,29.018551525893972,43.60596104421113,3.628999948501587,3.6449999809265137,3.6459999084472656,3.6760001182556152,3.6740000247955322,3.6689999103546143,3.6679999828338623,3.6730000972747803,3.677000045776367,3.6760001182556152,3.6740000247955322,3.674999952316284
2025-07-21T20:18:00.0,17280.0,-64.46801678506928,-7.3022996814893695,29.17804327253384,29.038043882885404,43.57230888651117,3.625999927520752,3.6419999599456787,3.6429998874664307,3.671999931335449,3.6710000038146973,3.6659998893737793,3.6659998893737793,3.6700000762939453,3.6740000247955322,3.6710000038146973,3.6689999103546143,3.6710000038146973
2025-07-21T20:18:10.0,17290.0,-63.20000076293945,-7.481334915645024,29.197512895607623,29.057513505959186,43.5099983215332,3.625,3.640000104904175,3.6410000324249268,3.6700000762939453,3.6689999103546143,3.6630001068115234,3.6640000343322754,3.6679999828338623,3.671999931335449,3.6689999103546143,3.6670000553131104,3.6689999103546143
2025-07-21T20:18:20.0,17300.0,-64.66999816894531,-7.657836171651053,29.21232619808526,29.072326808436824,43.5,3.622999906539917,3.638000011444092,3.6389999389648438,3.6679999828338623,3.6659998893737793,3.6610000133514404,3.6610000133514404,3.6659998893737793,3.6689999103546143,3.6670000553131104,3.6649999618530273,3.6659998893737793
2025-07-21T20:18:30.0,17310.0,-64.73996649792319,-7.837703766111435,29.218815639280482,29.078816249632045,43.46772441864013,3.619999885559082,3.634999990463257,3.635999917984009,3.6640000343322754,3.6619999408721924,3.6570000648498535,3.6600000858306885,3.6640000343322754,3.6679999828338623,3.6649999618530273,3.6630001068115234,3.6649999618530273
2025-07-21T20:18:40.0,17320.0,-63.58510108561585,-8.014453436318142,29.246341819745975,29.10107392881924,43.52728002211628,3.617000102996826,3.632999897003174,3.632999897003174,3.6619999408721924,3.6610000133514404,3.6549999713897705,3.6559998989105225,3.6600000858306885,3.6640000343322754,3.6610000133514404,3.6589999198913574,3.6600000858306885
2025-07-21T20:18:50.0,17330.0,-63.22999954223633,-8.19076608059423,29.27689665948522,29.123448775671836,43.439998626708984,3.615000009536743,3.63100004196167,3.63100004196167,3.6600000858306885,3.6579999923706055,3.6530001163482666,3.6530001163482666,3.6570000648498535,3.6619999408721924,3.6589999198913574,3.6559998989105225,3.6579999923706055
2025-07-21T20:19:00.0,17340.0,-57.93000030517578,-8.357334882935056,29.30285150224605,29.136425578225232,43.4900016784668,3.617000102996826,3.632999897003174,3.632999897003174,3.6619999408721924,3.6600000858306885,3.6549999713897705,3.6549999713897705,3.6589999198913574,3.6630001068115234,3.6610000133514404,3.6589999198913574,3.6600000858306885
2025-07-21T20:19:10.0,17350.0,-57.4900016784668,-8.516145151139005,29.309999465942383,29.14469554379476,43.470001220703125,3.617000102996826,3.632999897003174,3.632999897003174,3.6610000133514404,3.6589999198913574,3.6540000438690186,3.6549999713897705,3.6589999198913574,3.6630001068115234,3.6600000858306885,3.6579999923706055,3.6589999198913574
2025-07-21T20:19:20.0,17360.0,-57.07035351921541,-8.675533899727567,29.309999465942383,29.149999618530273,43.473177305590184,3.615999937057495,3.631999969482422,3.632999897003174,3.6600000858306885,3.6589999198913574,3.6540000438690186,3.6540000438690186,3.6579999923706055,3.6630001068115234,3.6589999198913574,3.6570000648498535,3.6589999198913574
2025-07-21T20:19:30.0,17370.0,-57.65128053902076,-8.835251062764762,29.309999465942383,29.149999618530273,43.45748758160106,3.614000082015991,3.630000114440918,3.630000114440918,3.6579999923706055,3.6559998989105225,3.6510000228881836,3.6510000228881836,3.6549999713897705,3.6589999198913574,3.6570000648498535,3.6549999713897705,3.6559998989105225
2025-07-21T20:19:40.0,17380.0,-58.02000045776367,-8.995417914480274,29.34294727740561,29.174710280743245,43.459999084472656,3.61299991607666,3.628999948501587,3.628999948501587,3.6570000648498535,3.6549999713897705,3.6500000953674316,3.6500000953674316,3.6540000438690186,3.6589999198913574,3.6559998989105225,3.6530001163482666,3.6540000438690186
2025-07-21T20:19:50.0,17390.0,-57.630001068115234,-9.155338130980237,29.392780442381788,29.212780137206007,43.38999938964844,3.6110000610351562,3.628000020980835,3.628000020980835,3.6549999713897705,3.6530001163482666,3.6480000019073486,3.6489999294281006,3.6519999504089355,3.6570000648498535,3.6540000438690186,3.6519999504089355,3.6530001163482666
2025-07-21T20:20:00.0,17400.0,-54.870539382443035,-9.315102475086487,29.42489421528428,29.244893910108498,43.466157120152545,3.609999895095825,3.627000093460083,3.627000093460083,3.6540000438690186,3.6530001163482666,3.6470000743865967,3.6480000019073486,3.6519999504089355,3.6559998989105225,3.6530001163482666,3.6510000228881836,3.6519999504089355
2025-07-21T20:20:10.0,17410.0,-34.70000076293945,-9.456708736177728,29.45031030272447,29.26687384499581,43.77000045776367,3.611999988555908,3.628999948501587,3.628999948501587,3.6559998989105225,3.6549999713897705,3.6489999294281006,3.6500000953674316,3.6530001163482666,3.6579999923706055,3.6549999713897705,3.6530001163482666,3.6540000438690186
2025-07-21T20:20:20.0,17420.0,-35.25,-9.552925918033036,29.469777388575785,29.279852727386256,43.650001525878906,3.627000093460083,3.6429998874664307,3.6440000534057617,3.6700000762939453,3.6689999103546143,3.6630001068115234,3.6649999618530273,3.6670000553131104,3.671999931335449,3.6689999103546143,3.6679999828338623,3.6679999828338623
2025-07-21T20:20:30.0,17430.0,-34.61887483035813,-9.650297944356776,29.49564451769323,29.305644668153597,43.79423706453606,3.628000020980835,3.6449999809265137,3.6449999809265137,3.6700000762939453,3.6689999103546143,3.6640000343322754,3.6659998893737793,3.6670000553131104,3.671999931335449,3.6700000762939453,3.6679999828338623,3.6689999103546143
2025-07-21T20:20:40.0,17440.0,-36.144969782180176,-9.748211333275545,29.518638724469124,29.32575869188241,43.76647406126319,3.628999948501587,3.6449999809265137,3.6449999809265137,3.6710000038146973,3.6700000762939453,3.6649999618530273,3.6670000553131104,3.6679999828338623,3.6730000972747803,3.6710000038146973,3.6689999103546143,3.6689999103546143
2025-07-21T20:20:50.0,17450.0,-35.15569709067962,-9.849022132684564,29.537981526948496,29.338653893535323,44.02000045776367,3.628999948501587,3.6459999084472656,3.6459999084472656,3.6710000038146973,3.6700000762939453,3.6649999618530273,3.6670000553131104,3.6689999103546143,3.6740000247955322,3.6710000038146973,3.6689999103546143,3.6700000762939453
2025-07-21T20:21:00.0,17460.0,-35.43000030517578,-9.948956153440122,29.55162369408134,29.35162403965677,43.75,3.628999948501587,3.6459999084472656,3.6459999084472656,3.6710000038146973,3.6700000762939453,3.6649999618530273,3.6670000553131104,3.6689999103546143,3.6740000247955322,3.6710000038146973,3.6689999103546143,3.6700000762939453
2025-07-21T20:21:10.0,17470.0,-61.72999954223633,-10.05016778686381,29.566898456528953,29.369198825851022,43.40768418572276,3.628999948501587,3.6459999084472656,3.6459999084472656,3.6549999713897705,3.6540000438690186,3.6480000019073486,3.6480000019073486,3.6519999504089355,3.6559998989105225,3.6530001163482666,3.6510000228881836,3.6510000228881836
2025-07-21T20:21:20.0,17480.0,-61.235608695534566,-10.220531460639801,29.586354154742644,29.39513851987094,43.375059778550124,3.6070001125335693,3.624000072479248,3.625,3.6510000228881836,3.6500000953674316,3.6440000534057617,3.6440000534057617,3.6480000019073486,3.6530001163482666,3.6500000953674316,3.6480000019073486,3.6489999294281006
2025-07-21T20:21:30.0,17490.0,-60.88999938964844,-10.388649131056102,29.605809852956334,29.415809318898717,43.33000183105469,3.6019999980926514,3.61899995803833,3.619999885559082,3.6459999084472656,3.6449999809265137,3.6389999389648438,3.640000104904175,3.6429998874664307,3.6480000019073486,3.6459999084472656,3.6429998874664307,3.6440000534057617
2025-07-21T20:21:40.0,17500.0,-61.79534541925736,-10.557716275903548,29.623490173002377,29.43348997173768,43.25239331960833,3.5989999771118164,3.617000102996826,3.617000102996826,3.6440000534057617,3.6429998874664307,3.63700008392334,3.63700008392334,3.6410000324249268,3.6459999084472656,3.6429998874664307,3.6410000324249268,3.6419999599456787
2025-07-21T20:21:50.0,17510.0,-61.060001373291016,-10.727721459680826,29.63638497628759,29.446386004856304,43.2599983215332,3.5959999561309814,3.614000082015991,3.615000009536743,3.6419999599456787,3.6410000324249268,3.634000062942505,3.634999990463257,3.638000011444092,3.6440000534057617,3.6419999599456787,3.6389999389648438,3.640000104904175
2025-07-21T20:22:00.0,17520.0,-61.900001525878906,-10.898606632575621,29.65402803897517,29.464028520369094,43.220001220703125,3.5940001010894775,3.611999988555908,3.611999988555908,3.6389999389648438,3.6389999389648438,3.631999969482422,3.632999897003174,3.635999917984009,3.6419999599456787,3.6389999389648438,3.635999917984009,3.63700008392334
2025-07-21T20:22:10.0,17530.0,-17.7518420226273,-11.03803764654334,29.670000076293945,29.479999542236328,43.937511268451026,3.5920000076293945,3.6110000610351562,3.6110000610351562,3.638000011444092,3.638000011444092,3.63100004196167,3.63100004196167,3.634999990463257,3.640000104904175,3.6659998893737793,3.6640000343322754,3.6649999618530273
2025-07-21T20:22:20.0,17540.0,-18.766759126299924,-11.090454313363656,29.670000076293945,29.479999542236328,43.94123651604919,3.627000093460083,3.6449999809265137,3.6449999809265137,3.6710000038146973,3.6700000762939453,3.6649999618530273,3.6679999828338623,3.6679999828338623,3.6740000247955322,3.6710000038146973,3.6689999103546143,3.6700000762939453
2025-07-21T20:22:30.0,17550.0,-19.579999923706055,-11.142406224731493,29.670000076293945,29.479999542236328,43.86000061035156,3.63100004196167,3.6489999294281006,3.6489999294281006,3.6740000247955322,3.6740000247955322,3.6679999828338623,3.6700000762939453,3.6700000762939453,3.6760001182556152,3.6730000972747803,3.6710000038146973,3.6710000038146973
2025-07-21T20:22:40.0,17560.0,-20.0,-11.194923304209334,29.670000076293945,29.479999542236328,43.900465260381274,3.632999897003174,3.6510000228881836,3.6510000228881836,3.6760001182556152,3.6760001182556152,3.6700000762939453,3.6730000972747803,3.6730000972747803,3.678999900817871,3.6760001182556152,3.6740000247955322,3.6740000247955322
2025-07-21T20:22:50.0,17570.0,-18.31999969482422,-11.247529615931136,29.670000076293945,29.479999542236328,43.93000030517578,3.634999990463257,3.6519999504089355,3.6530001163482666,3.677000045776367,3.677000045776367,3.6710000038146973,3.6740000247955322,3.6740000247955322,3.680000066757202,3.677000045776367,3.674999952316284,3.6760001182556152
2025-07-21T20:23:00.0,17580.0,-19.610000610351562,-11.299893405019066,29.708374536255953,29.525351297717158,43.880001068115234,3.635999917984009,3.6530001163482666,3.6540000438690186,3.677999973297119,3.677999973297119,3.671999931335449,3.674999952316284,3.674999952316284,3.680999994277954,3.677999973297119,3.6760001182556152,3.6760001182556152
2025-07-21T20:23:10.0,17590.0,-65.01000213623047,-11.387196874458159,29.779623069419742,29.609554334257897,43.310001373291016,3.6040000915527344,3.621000051498413,3.621999979019165,3.6470000743865967,3.6459999084472656,3.640000104904175,3.674999952316284,3.674999952316284,3.680999994277954,3.677999973297119,3.6760001182556152,3.6760001182556152
2025-07-21T20:23:20.0,17600.0,-64.62531742296704,-11.56783465755744,29.780000686645508,29.622784209154876,43.22252711245889,3.5969998836517334,3.615000009536743,3.615999937057495,3.6419999599456787,3.6419999599456787,3.634999990463257,3.634999990463257,3.6389999389648438,3.6440000534057617,3.6419999599456787,3.6389999389648438,3.640000104904175
2025-07-21T20:23:30.0,17610.0,-64.62999725341797,-11.748113734076451,29.785685303762833,29.638526899692536,43.13999938964844,3.5920000076293945,3.6110000610351562,3.611999988555908,3.6389999389648438,3.638000011444092,3.631999969482422,3.631999969482422,3.634999990463257,3.6410000324249268,3.638000011444092,3.635999917984009,3.635999917984009
2025-07-21T20:23:40.0,17620.0,-56.939998626708984,-11.914731583148802,29.79864612710375,29.657969988898955,43.244054016314024,3.5929999351501465,3.611999988555908,3.61299991607666,3.640000104904175,3.640000104904175,3.632999897003174,3.634000062942505,3.63700008392334,3.6429998874664307,3.640000104904175,3.63700008392334,3.638000011444092
2025-07-21T20:23:50.0,17630.0,-56.59000015258789,-12.072244234963156,29.805784899196574,29.665785509548137,43.25752505252236,3.5929999351501465,3.611999988555908,3.61299991607666,3.640000104904175,3.640000104904175,3.632999897003174,3.634000062942505,3.63700008392334,3.6429998874664307,3.640000104904175,3.638000011444092,3.6389999389648438
2025-07-21T20:24:00.0,17640.0,-50.369998931884766,-12.2211460418422,29.81670141882026,29.67670202917182,43.290000915527344,3.5929999351501465,3.611999988555908,3.61299991607666,3.640000104904175,3.640000104904175,3.632999897003174,3.634000062942505,3.63700008392334,3.6429998874664307,3.640000104904175,3.63700008392334,3.638000011444092
2025-07-21T20:24:10.0,17650.0,-64.26874520060747,-12.358732581357588,29.835982065764675,29.695982676116238,43.068302395469274,3.5820000171661377,3.6019999980926514,3.6029999256134033,3.63100004196167,3.63100004196167,3.624000072479248,3.624000072479248,3.628000020980835,3.634000062942505,3.630000114440918,3.627000093460083,3.628000020980835
2025-07-21T20:24:20.0,17660.0,-64.36000061035156,-12.536870396106142,29.850274235888165,29.715410908099354,43.029998779296875,3.5789999961853027,3.5989999771118164,3.5999999046325684,3.628000020980835,3.628000020980835,3.621000051498413,3.621999979019165,3.625,3.63100004196167,3.628000020980835,3.625,3.625999927520752
2025-07-21T20:24:30.0,17670.0,-64.4000015258789,-12.714588400734428,29.864847608476513,29.73323107977055,43.06999969482422,3.5739998817443848,3.5940001010894775,3.5959999561309814,3.625,3.625,3.618000030517578,3.61899995803833,3.621999979019165,3.628000020980835,3.625,3.621999979019165,3.622999906539917
2025-07-21T20:24:40.0,17680.0,-63.81092166649591,-12.892087288598647,29.88418918120177,29.746126281423464,43.027472405684634,3.569999933242798,3.5910000801086426,3.5929999351501465,3.622999906539917,3.622999906539917,3.615000009536743,3.615999937057495,3.619999885559082,3.625999927520752,3.622999906539917,3.619999885559082,3.621000051498413
2025-07-21T20:24:50.0,17690.0,-62.88999938964844,-13.069220768673846,29.903610596118735,29.763611206470298,42.9900016784668,3.568000078201294,3.5889999866485596,3.5910000801086426,3.621000051498413,3.621000051498413,3.614000082015991,3.614000082015991,3.618000030517578,3.624000072479248,3.621000051498413,3.618000030517578,3.61899995803833
2025-07-21T20:25:00.0,17700.0,-63.97999954223633,-13.245465792082314,29.922045548158682,29.78204596344331,42.90999984741211,3.562999963760376,3.5850000381469727,3.5869998931884766,3.618000030517578,3.618000030517578,3.6110000610351562,3.6110000610351562,3.615000009536743,3.621000051498413,3.618000030517578,3.615000009536743,3.615999937057495
2025-07-21T20:25:10.0,17710.0,-41.32874444201248,-13.401879432125776,29.935024430549124,29.795023608099402,43.285384523478946,3.5799999237060547,3.6029999256134033,3.6050000190734863,3.634999990463257,3.634999990463257,3.628000020980835,3.63100004196167,3.631999969482422,3.638000011444092,3.634999990463257,3.631999969482422,3.632999897003174
2025-07-21T20:25:20.0,17720.0,-36.67516307706168,-13.507751919484297,29.956005328634514,29.812003405383468,43.29097341236316,3.5820000171661377,3.6040000915527344,3.6059999465942383,3.635999917984009,3.635999917984009,3.628999948501587,3.631999969482422,3.632999897003174,3.640000104904175,3.635999917984009,3.634000062942505,3.634999990463257
2025-07-21T20:25:30.0,17730.0,-35.97050709378934,-13.608078663516203,29.98146091588994,29.83097417280846,43.31999969482422,3.5820000171661377,3.6050000190734863,3.6070001125335693,3.63700008392334,3.63700008392334,3.630000114440918,3.632999897003174,3.634000062942505,3.6410000324249268,3.638000011444092,3.634999990463257,3.635999917984009
2025-07-21T20:25:40.0,17740.0,-35.880001068115234,-13.708205940034283,30.000791255223383,29.843861065697425,43.36000061035156,3.5820000171661377,3.6050000190734863,3.6070001125335693,3.63700008392334,3.638000011444092,3.63100004196167,3.632999897003174,3.634000062942505,3.6410000324249268,3.638000011444092,3.634999990463257,3.635999917984009
2025-07-21T20:25:50.0,17750.0,-38.209999084472656,-13.811214025671907,30.016787163220826,29.863573602910023,43.22999954223633,3.5820000171661377,3.6050000190734863,3.6080000400543213,3.638000011444092,3.638000011444092,3.63100004196167,3.634000062942505,3.634999990463257,3.6419999599456787,3.6389999389648438,3.635999917984009,3.63700008392334
2025-07-21T20:26:00.0,17760.0,-36.41999816894531,-13.915479300854631,30.029749222691773,29.88949648572189,43.31999969482422,3.5810000896453857,3.6050000190734863,3.6070001125335693,3.638000011444092,3.638000011444092,3.63100004196167,3.634000062942505,3.634999990463257,3.6419999599456787,3.6389999389648438,3.635999917984009,3.63700008392334
2025-07-21T20:26:10.0,17770.0,-53.82709749283342,-14.024912282616981,30.042718312155873,29.896358808871216,43.09125500348662,3.5799999237060547,3.6050000190734863,3.6070001125335693,3.638000011444092,3.638000011444092,3.63100004196167,3.634000062942505,3.634999990463257,3.6419999599456787,3.6389999389648438,3.635999917984009,3.63700008392334
2025-07-21T20:26:20.0,17780.0,-53.810001373291016,-14.174465229648638,30.05569547133012,29.908543969934634,43.09000015258789,3.562999963760376,3.5880000591278076,3.5910000801086426,3.622999906539917,3.624000072479248,3.615999937057495,3.618000030517578,3.621000051498413,3.628000020980835,3.624000072479248,3.621000051498413,3.621999979019165
2025-07-21T20:26:30.0,17790.0,-49.93371133991083,-14.323220418361712,30.068682781566274,29.928024935288864,43.039515336977914,3.559000015258789,3.5859999656677246,3.5889999866485596,3.621999979019165,3.621999979019165,3.615000009536743,3.617000102996826,3.61899995803833,3.625999927520752,3.622999906539917,3.619999885559082,3.621000051498413
2025-07-21T20:26:40.0,17800.0,-49.619998931884766,-14.461187076501469,30.087381137132184,29.94158793338109,43.029998779296875,3.561000108718872,3.5880000591278076,3.5920000076293945,3.625,3.625,3.618000030517578,3.621000051498413,3.622999906539917,3.630000114440918,3.627000093460083,3.624000072479248,3.625
2025-07-21T20:26:50.0,17810.0,-40.47999954223633,-14.589353506385638,30.102259042651873,29.954517654508177,43.150001525878906,3.561000108718872,3.5880000591278076,3.5920000076293945,3.625999927520752,3.625999927520752,3.61899995803833,3.622999906539917,3.624000072479248,3.63100004196167,3.628000020980835,3.625,3.625999927520752
2025-07-21T20:27:00.0,17820.0,-39.060001373291016,-14.701944685542472,30.108756917168986,29.96751216419956,43.2599983215332,3.562000036239624,3.5910000801086426,3.5940001010894775,3.628999948501587,3.628999948501587,3.621999979019165,3.625,3.625999927520752,3.632999897003174,3.630000114440918,3.627000093460083,3.628000020980835
2025-07-21T20:27:10.0,17830.0,-36.75704021955731,-14.805411152838225,30.1257519174551,29.991002391468392,43.15999984741211,3.556999921798706,3.5869998931884766,3.5920000076293945,3.627000093460083,3.627000093460083,3.619999885559082,3.622999906539917,3.624000072479248,3.63100004196167,3.628000020980835,3.625,3.625999927520752
2025-07-21T20:27:20.0,17840.0,-41.47999954223633,-14.919718832273105,30.141745853548088,30.011746692781486,43.11000061035156,3.553999900817871,3.5850000381469727,3.5899999141693115,3.625999927520752,3.625999927520752,3.61899995803833,3.621999979019165,3.622999906539917,3.630000114440918,3.627000093460083,3.624000072479248,3.625
2025-07-21T20:27:30.0,17850.0,-40.349998474121094,-15.034589798717121,30.148247952951102,30.0182487921845,43.130001068115234,3.552000045776367,3.5840001106262207,3.5899999141693115,3.625999927520752,3.625999927520752,3.61899995803833,3.621000051498413,3.621999979019165,3.630000114440918,3.625999927520752,3.622999906539917,3.625
2025-07-21T20:27:40.0,17860.0,-35.77000045776367,-15.14562100048981,30.159433017137207,30.034149656055664,43.16999816894531,3.552000045776367,3.5850000381469727,3.5899999141693115,3.627000093460083,3.628000020980835,3.619999885559082,3.624000072479248,3.624000072479248,3.631999969482422,3.628999948501587,3.625999927520752,3.627000093460083
2025-07-21T20:27:50.0,17870.0,-33.380001068115234,-15.241094161606517,30.171180857545533,30.053541580815306,43.220001220703125,3.552000045776367,3.5869998931884766,3.5920000076293945,3.630000114440918,3.630000114440918,3.622999906539917,3.628000020980835,3.628000020980835,3.635999917984009,3.632999897003174,3.630000114440918,3.63100004196167
2025-07-21T20:28:00.0,17880.0,-28.479999542236328,-15.326877353816183,30.177682956948544,30.073047879024347,43.27000045776367,3.553999900817871,3.5889999866485596,3.5950000286102295,3.634000062942505,3.634000062942505,3.627000093460083,3.63100004196167,3.63100004196167,3.6389999389648438,3.634999990463257,3.631999969482422,3.632999897003174
2025-07-21T20:28:10.0,17890.0,-14.644980363908937,-15.398159679245836,30.18000030517578,30.084181955745265,43.54760647635174,3.553999900817871,3.5910000801086426,3.5969998836517334,3.6449999809265137,3.6449999809265137,3.6389999389648438,3.6429998874664307,3.6419999599456787,3.6500000953674316,3.6459999084472656,3.6440000534057617,3.6449999809265137
2025-07-21T20:28:20.0,17900.0,-13.079999923706055,-15.43828540116564,30.18000030517578,30.09000015258789,43.4900016784668,3.565999984741211,3.6040000915527344,3.609999895095825,3.6489999294281006,3.6489999294281006,3.6429998874664307,3.6480000019073486,3.6459999084472656,3.6540000438690186,3.6510000228881836,3.6480000019073486,3.6489999294281006
2025-07-21T20:28:30.0,17910.0,-10.764927777436462,-15.474332867893002,30.18000030517578,30.09000015258789,43.52000045776367,3.568000078201294,3.6059999465942383,3.61299991607666,3.6510000228881836,3.6519999504089355,3.6459999084472656,3.6510000228881836,3.6489999294281006,3.6559998989105225,3.6530001163482666,3.6510000228881836,3.6519999504089355
2025-07-21T20:28:40.0,17920.0,-9.369999885559082,-15.502737669751006,30.18000030517578,30.09000015258789,43.54999923706055,3.571000099182129,3.6089999675750732,3.615999937057495,3.6549999713897705,3.6559998989105225,3.6489999294281006,3.6549999713897705,3.6530001163482666,3.6610000133514404,3.6530001163482666,3.6510000228881836,3.6519999504089355
2025-07-21T20:28:50.0,17930.0,-8.613818498091684,-15.527312197091472,30.18000030517578,30.09000015258789,43.68797309039389,3.5739998817443848,3.611999988555908,3.619999885559082,3.6579999923706055,3.6589999198913574,3.6530001163482666,3.6559998989105225,3.6540000438690186,3.6619999408721924,3.6589999198913574,3.6570000648498535,3.6570000648498535
2025-07-21T20:29:00.0,17940.0,-7.344565757811236,-15.549425713733457,30.18000030517578,30.09000015258789,43.728841620997336,3.5759999752044678,3.615000009536743,3.622999906539917,3.6610000133514404,3.6619999408721924,3.6559998989105225,3.6610000133514404,3.6589999198913574,3.6670000553131104,3.6630001068115234,3.6610000133514404,3.6619999408721924
2025-07-21T20:29:10.0,17950.0,-23.317826824188643,-15.569784683227695,30.183054429131584,30.117486685675537,43.51935906855187,3.563999891281128,3.6029999256134033,3.6110000610351562,3.6500000953674316,3.6510000228881836,3.6449999809265137,3.6489999294281006,3.6480000019073486,3.6559998989105225,3.6519999504089355,3.6489999294281006,3.6500000953674316
2025-07-21T20:29:20.0,17960.0,-26.530000686645508,-15.64317955207682,30.1894895828522,30.175401841781,43.38999938964844,3.559000015258789,3.5989999771118164,3.6070001125335693,3.6480000019073486,3.6480000019073486,3.6419999599456787,3.6459999084472656,3.6449999809265137,3.6530001163482666,3.6500000953674316,3.6470000743865967,3.6480000019073486
2025-07-21T20:29:30.0,17970.0,-27.170000076293945,-15.717563242215743,30.190000534057617,30.18598652710739,43.43000030517578,3.555000066757202,3.5969998836517334,3.6050000190734863,3.6480000019073486,3.6480000019073486,3.6419999599456787,3.6459999084472656,3.6449999809265137,3.6530001163482666,3.6500000953674316,3.6470000743865967,3.6480000019073486
2025-07-21T20:29:40.0,17980.0,-22.628230142309015,-15.78547249924835,30.187525217070956,30.1949506959125,43.43820793397967,3.555000066757202,3.5969998836517334,3.6059999465942383,3.6480000019073486,3.6480000019073486,3.6419999599456787,3.6470000743865967,3.6459999084472656,3.6540000438690186,3.6510000228881836,3.6480000019073486,3.6489999294281006
2025-07-21T20:29:50.0,17990.0,-20.933000340179998,-15.84740273698717,30.181057182091436,30.207885532220008,43.439998626708984,3.553999900817871,3.5969998836517334,3.6059999465942383,3.6489999294281006,3.6489999294281006,3.6429998874664307,3.6480000019073486,3.6459999084472656,3.6549999713897705,3.6519999504089355,3.6489999294281006,3.6500000953674316
2025-07-21T20:30:00.0,18000.0,-18.489999771118164,-15.902108140855526,30.17460937052629,30.220780953771634,43.470001220703125,3.555000066757202,3.5980000495910645,3.6070001125335693,3.6510000228881836,3.6510000228881836,3.6459999084472656,3.6500000953674316,3.6489999294281006,3.6570000648498535,3.6540000438690186,3.6510000228881836,3.6519999504089355
2025-07-21T20:30:10.0,18010.0,-16.84285523169094,-15.953730835147594,30.170000076293945,30.229999542236328,43.54670981038482,3.5510001182556152,3.5950000286102295,3.6050000190734863,3.6500000953674316,3.6500000953674316,3.6440000534057617,3.6489999294281006,3.6470000743865967,3.6559998989105225,3.6530001163482666,3.6500000953674316,3.6510000228881836
2025-07-21T20:30:20.0,18020.0,40.189998626708984,-15.936537603007848,30.170000076293945,30.229999542236328,44.279998779296875,3.5999999046325684,3.6429998874664307,3.6519999504089355,3.694999933242798,3.694999933242798,3.690000057220459,3.6989998817443848,3.691999912261963,3.7009999752044678,3.697999954223633,3.697000026702881,3.696000099182129
2025-07-21T20:30:30.0,18030.0,40.119998931884766,-15.82500210359404,30.170000076293945,30.229999542236328,44.560001373291016,3.615999937057495,3.6589999198913574,3.6670000553131104,3.7070000171661377,3.7079999446868896,3.703000068664551,3.7119998931884766,3.7060000896453857,3.7139999866485596,3.7060000896453857,3.7049999237060547,3.7049999237060547
2025-07-21T20:30:40.0,18040.0,39.65999984741211,-15.714501235863795,30.170000076293945,30.229999542236328,44.540000915527344,3.624000072479248,3.6659998893737793,3.674999952316284,3.7130000591278076,3.7139999866485596,3.7090001106262207,3.7179999351501465,3.7109999656677246,3.7190001010894775,3.7170000076293945,3.7149999141693115,3.7149999141693115
2025-07-21T20:30:50.0,18050.0,39.58771825008259,-15.604504134980735,30.170000076293945,30.229999542236328,44.657751275237466,3.634999990463257,3.6760001182556152,3.684999942779541,3.7209999561309814,3.7219998836517334,3.7170000076293945,3.7260000705718994,3.7190001010894775,3.7279999256134033,3.7249999046325684,3.7239999771118164,3.7230000495910645
2025-07-21T20:31:00.0,18060.0,39.41602769901888,-15.494504268984691,30.170000076293945,30.229999542236328,44.77642223960476,3.6440000534057617,3.684999942779541,3.693000078201294,3.7260000705718994,3.7269999980926514,3.7219998836517334,3.7300000190734863,3.7239999771118164,3.7320001125335693,3.7300000190734863,3.7279999256134033,3.7269999980926514
2025-07-21T20:31:10.0,18070.0,56.25,-15.380782349778706,30.172403806683555,30.233605309753198,45.04999923706055,3.6630001068115234,3.703000068664551,3.7100000381469727,3.742000102996826,3.74399995803833,3.739000082015991,3.749000072479248,3.740000009536743,3.749000072479248,3.746999979019165,3.744999885559082,3.744999885559082
2025-07-21T20:31:20.0,18080.0,56.25,-15.224532349778706,30.19836201823441,30.272544483801493,45.04999923706055,3.6740000247955322,3.7119998931884766,3.7190001010894775,3.749000072479248,3.75,3.744999885559082,3.753999948501587,3.746000051498413,3.753999948501587,3.753000020980835,3.752000093460083,3.750999927520752
2025-07-21T20:31:30.0,18090.0,56.178137850086955,-15.068492952353584,30.213581401383315,30.290000915527344,45.170868221082216,3.680999994277954,3.7179999351501465,3.7249999046325684,3.753000020980835,3.753999948501587,3.75,3.759999990463257,3.750999927520752,3.759999990463257,3.759999990463257,3.759000062942505,3.757999897003174
2025-07-21T20:31:40.0,18100.0,56.58927256375112,-14.911450976165561,30.220223256703967,30.29022484463921,45.29441278876981,3.696000099182129,3.7309999465942383,3.7360000610351562,3.759999990463257,3.76200008392334,3.756999969482422,3.7639999389648438,3.75600004196167,3.7639999389648438,3.763000011444092,3.76200008392334,3.760999917984009
2025-07-21T20:31:50.0,18110.0,56.010940561724226,-14.755274529882431,30.239528717865817,30.309529078420987,45.31617090325608,3.7049999237060547,3.73799991607666,3.743000030517578,3.7639999389648438,3.7660000324249268,3.76200008392334,3.7709999084472656,3.76200008392334,3.7699999809265137,3.7679998874664307,3.7669999599456787,3.7660000324249268
2025-07-21T20:32:00.0,18120.0,55.84000015258789,-14.599446721330645,30.252967642500863,30.32593497982594,45.349998474121094,3.7139999866485596,3.744999885559082,3.747999906539917,3.7679998874664307,3.7699999809265137,3.7660000324249268,3.7750000953674316,3.7660000324249268,3.7739999294281006,3.7730000019073486,3.7709999084472656,3.7709999084472656
2025-07-21T20:32:10.0,18130.0,56.08000183105469,-14.443765806891548,30.259452875238757,30.338905445301734,45.439998626708984,3.7200000286102295,3.749000072479248,3.752000093460083,3.7709999084472656,3.7730000019073486,3.7690000534057617,3.7780001163482666,3.7690000534057617,3.7769999504089355,3.7760000228881836,3.7750000953674316,3.7739999294281006
2025-07-21T20:32:20.0,18140.0,56.06951633954188,-14.288019668430119,30.265934259707635,30.34593418341369,45.50364644667682,3.7239999771118164,3.750999927520752,3.753999948501587,3.7730000019073486,3.7739999294281006,3.7699999809265137,3.7790000438690186,3.7699999809265137,3.7780001163482666,3.7769999504089355,3.7769999504089355,3.7750000953674316
2025-07-21T20:32:30.0,18150.0,55.439998626708984,-14.131818309213216,30.274799022195573,30.354798945901628,45.50044445461697,3.734999895095825,3.757999897003174,3.760999917984009,3.7780001163482666,3.7790000438690186,3.7760000228881836,3.7850000858306885,3.7760000228881836,3.7839999198913574,3.7829999923706055,3.7820000648498535,3.7809998989105225
2025-07-21T20:32:40.0,18160.0,56.374075866922226,-13.976975184332955,30.28767761702086,30.367677540726916,45.594844881264734,3.740000009536743,3.760999917984009,3.7639999389648438,3.7799999713897705,3.7809998989105225,3.7780001163482666,3.7869999408721924,3.7780001163482666,3.7860000133514404,3.7850000858306885,3.7839999198913574,3.7829999923706055
2025-07-21T20:32:50.0,18170.0,57.224240308690334,-13.820075384687213,30.300630495242107,30.37531512219618,45.66752633546523,3.746999979019165,3.7660000324249268,3.7679998874664307,3.7829999923706055,3.7850000858306885,3.7820000648498535,3.7899999618530273,3.7820000648498535,3.7890000343322754,3.7880001068115234,3.7880001068115234,3.7869999408721924
2025-07-21T20:33:00.0,18180.0,55.101763429828836,-13.662107233338252,30.311799766550422,30.38359976198268,45.61928725757189,3.750999927520752,3.7690000534057617,3.7709999084472656,3.7860000133514404,3.7880001068115234,3.7850000858306885,3.7939999103546143,3.7850000858306885,3.7920000553131104,3.7909998893737793,3.7909998893737793,3.7899999618530273
2025-07-21T20:33:10.0,18190.0,56.619998931884766,-13.508616258327061,30.31828499928832,30.396570227458472,45.709999084472656,3.755000114440918,3.7720000743865967,3.7739999294281006,3.7880001068115234,3.7899999618530273,3.7869999408721924,3.7950000762939453,3.7869999408721924,3.7939999103546143,3.7929999828338623,3.7929999828338623,3.7909998893737793
2025-07-21T20:33:20.0,18200.0,21.20318660899332,-13.423005179695986,30.31999969482422,30.399999618530273,45.2270432940646,3.7300000190734863,3.746000051498413,3.747999906539917,3.7639999389648438,3.765000104904175,3.76200008392334,3.7950000762939453,3.7869999408721924,3.7939999103546143,3.7929999828338623,3.7929999828338623,3.7909998893737793
2025-07-21T20:33:30.0,18210.0,21.270000457763672,-13.363890193789704,30.31999969482422,30.399999618530273,45.060001373291016,3.7290000915527344,3.744999885559082,3.747999906539917,3.76200008392334,3.7639999389648438,3.760999917984009,3.7660000324249268,3.760999917984009,3.7679998874664307,3.7669999599456787,3.7660000324249268,3.765000104904175
2025-07-21T20:33:40.0,18220.0,20.683939447635666,-13.304827132917413,30.31999969482422,30.399999618530273,45.2047788619996,3.7290000915527344,3.74399995803833,3.746999979019165,3.76200008392334,3.763000011444092,3.760999917984009,3.7660000324249268,3.760999917984009,3.7669999599456787,3.7660000324249268,3.765000104904175,3.7639999389648438
2025-07-21T20:33:50.0,18230.0,20.764196353488547,-13.246032094872696,30.31999969482422,30.399999618530273,45.074732731837855,3.7290000915527344,3.74399995803833,3.746000051498413,3.760999917984009,3.763000011444092,3.759999990463257,3.765000104904175,3.759999990463257,3.7660000324249268,3.765000104904175,3.7639999389648438,3.7639999389648438
2025-07-21T20:34:00.0,18240.0,21.270000457763672,-13.187813358082145,30.31999969482422,30.399999618530273,45.43000030517578,3.7290000915527344,3.74399995803833,3.746000051498413,3.760999917984009,3.76200008392334,3.759999990463257,3.765000104904175,3.759999990463257,3.7660000324249268,3.765000104904175,3.7639999389648438,3.7639999389648438
2025-07-21T20:34:10.0,18250.0,26.459999084472656,-13.127439598622756,30.31999969482422,30.399999618530273,45.5099983215332,3.7290000915527344,3.74399995803833,3.746000051498413,3.760999917984009,3.76200008392334,3.759999990463257,3.765000104904175,3.759999990463257,3.7660000324249268,3.765000104904175,3.7639999389648438,3.763000011444092
2025-07-21T20:34:20.0,18260.0,48.90012580615262,-13.025951740575266,30.31999969482422,30.399999618530273,45.61000061035156,3.753999948501587,3.7669999599456787,3.7699999809265137,3.7839999198913574,3.7850000858306885,3.7829999923706055,3.7909998893737793,3.7829999923706055,3.7899999618530273,3.7860000133514404,3.7860000133514404,3.7839999198913574
2025-07-21T20:34:30.0,18270.0,48.20000076293945,-12.890138229143256,30.31999969482422,30.399999618530273,45.619998931884766,3.757999897003174,3.7709999084472656,3.7730000019073486,3.7869999408721924,3.7880001068115234,3.7860000133514404,3.7939999103546143,3.7860000133514404,3.7929999828338623,3.7920000553131104,3.7920000553131104,3.7899999618530273
2025-07-21T20:34:40.0,18280.0,50.33326177928193,-12.748848824145961,30.31999969482422,30.399999618530273,45.64175942220401,3.760999917984009,3.7739999294281006,3.7760000228881836,3.7899999618530273,3.7909998893737793,3.7899999618530273,3.796999931335449,3.7890000343322754,3.7950000762939453,3.7950000762939453,3.7950000762939453,3.7929999828338623
2025-07-21T20:34:50.0,18290.0,50.540000915527344,-12.611302624492547,30.31999969482422,30.399999618530273,45.72999954223633,3.765000104904175,3.7769999504089355,3.7790000438690186,3.7920000553131104,3.7939999103546143,3.7920000553131104,3.799999952316284,3.7920000553131104,3.7980000972747803,3.796999931335449,3.796999931335449,3.7960000038146973
2025-07-21T20:35:00.0,18300.0,48.41999816894531,-12.475569494647882,30.31999969482422,30.399999618530273,45.70000076293945,3.7660000324249268,3.7780001163482666,3.7799999713897705,3.7939999103546143,3.7950000762939453,3.7939999103546143,3.8010001182556152,3.7929999828338623,3.7990000247955322,3.7990000247955322,3.7990000247955322,3.7980000972747803
2025-07-21T20:35:10.0,18310.0,11.07495404382945,-12.341212940775454,30.31999969482422,30.399999618530273,45.28477074118207,3.7690000534057617,3.7809998989105225,3.7829999923706055,3.7960000038146973,3.796999931335449,3.7960000038146973,3.803999900817871,3.7960000038146973,3.802000045776367,3.8010001182556152,3.8010001182556152,3.799999952316284
2025-07-21T20:35:20.0,18320.0,0.11225657643824269,-12.336077693638735,30.330196819404243,30.422942662609664,45.040000915527344,3.7309999465942383,3.742000102996826,3.744999885559082,3.759999990463257,3.759999990463257,3.759000062942505,3.763000011444092,3.759000062942505,3.765000104904175,3.7639999389648438,3.7639999389648438,3.763000011444092
2025-07-21T20:35:30.0,18330.0,0.019999999552965164,-12.336004138084823,30.356104148113662,30.481232916876436,44.97999954223633,3.7279999256134033,3.740000009536743,3.742000102996826,3.756999969482422,3.756999969482422,3.75600004196167,3.759000062942505,3.75600004196167,3.760999917984009,3.759999990463257,3.759000062942505,3.759000062942505
2025-07-21T20:35:40.0,18340.0,-0.0,-12.335980618640905,30.3490519061531,30.489999771118164,44.957974647894126,3.7249999046325684,3.736999988555908,3.739000082015991,3.753999948501587,3.753999948501587,3.753000020980835,3.75600004196167,3.753000020980835,3.757999897003174,3.757999897003174,3.756999969482422,3.75600004196167
2025-07-21T20:35:50.0,18350.0,0.019999999552965164,-12.33595630197478,30.338071273130225,30.489999771118164,44.93000030517578,3.7230000495910645,3.734999895095825,3.736999988555908,3.752000093460083,3.752000093460083,3.750999927520752,3.755000114440918,3.750999927520752,3.756999969482422,3.75600004196167,3.755000114440918,3.753999948501587
2025-07-21T20:36:00.0,18360.0,0.00016993463671173548,-12.335900746420467,30.331589823339677,30.489999771118164,44.90179207496394,3.7219998836517334,3.7330000400543213,3.7360000610351562,3.750999927520752,3.750999927520752,3.75,3.753000020980835,3.75,3.755000114440918,3.753999948501587,3.753999948501587,3.753000020980835
2025-07-21T20:36:10.0,18370.0,0.019999999552965164,-12.335895085309483,30.315317660421336,30.48510568335659,44.880001068115234,3.7200000286102295,3.7320001125335693,3.7339999675750732,3.749000072479248,3.749000072479248,3.747999906539917,3.750999927520752,3.747999906539917,3.753000020980835,3.753999948501587,3.753999948501587,3.753000020980835
2025-07-21T20:36:20.0,18380.0,54.93000030517578,-12.236737087039407,30.297238398217537,30.479999542236328,45.709999084472656,3.765000104904175,3.7760000228881836,3.7780001163482666,3.7909998893737793,3.7920000553131104,3.7909998893737793,3.7990000247955322,3.7909998893737793,3.796999931335449,3.7960000038146973,3.796999931335449,3.7950000762939453
2025-07-21T20:36:30.0,18390.0,57.349998474121094,-12.077883073100505,30.28425232651946,30.479999542236328,45.79999923706055,3.7709999084472656,3.7809998989105225,3.7829999923706055,3.796999931335449,3.796999931335449,3.796999931335449,3.803999900817871,3.7960000038146973,3.8010001182556152,3.8010001182556152,3.802000045776367,3.799999952316284
2025-07-21T20:36:40.0,18400.0,55.689998626708984,-11.92103885298357,30.280000686645508,30.479999542236328,45.83000183105469,3.7760000228881836,3.7869999408721924,3.7890000343322754,3.802000045776367,3.802000045776367,3.802999973297119,3.809999942779541,3.802000045776367,3.806999921798706,3.806999921798706,3.808000087738037,3.805999994277954
2025-07-21T20:36:50.0,18410.0,54.439998626708984,-11.76883642624271,30.280000686645508,30.479999542236328,45.86000061035156,3.7790000438690186,3.7890000343322754,3.7920000553131104,3.805000066757202,3.805000066757202,3.805000066757202,3.812999963760376,3.803999900817871,3.809999942779541,3.809999942779541,3.811000108718872,3.809000015258789
2025-07-21T20:37:00.0,18420.0,54.27000045776367,-11.617901778325493,30.280000686645508,30.479999542236328,45.900001525878906,3.7799999713897705,3.7909998893737793,3.7929999828338623,3.806999921798706,3.806999921798706,3.806999921798706,3.815000057220459,3.806999921798706,3.812000036239624,3.811000108718872,3.812999963760376,3.811000108718872
2025-07-21T20:37:10.0,18430.0,43.38999938964844,-11.467718516092818,30.280000686645508,30.479999542236328,45.59000015258789,3.7860000133514404,3.7960000038146973,3.7980000972747803,3.811000108718872,3.811000108718872,3.812000036239624,3.819999933242798,3.811000108718872,3.816999912261963,3.815999984741211,3.818000078201294,3.815999984741211
2025-07-21T20:37:20.0,18440.0,19.739999771118164,-11.399217252668793,30.280000686645508,30.479999542236328,45.43000030517578,3.759000062942505,3.7690000534057617,3.7720000743865967,3.7860000133514404,3.7860000133514404,3.7869999408721924,3.7909998893737793,3.7860000133514404,3.7909998893737793,3.7909998893737793,3.7909998893737793,3.7899999618530273
2025-07-21T20:37:30.0,18450.0,19.540000915527344,-11.34507670679568,30.280000686645508,30.479999542236328,45.46783123639673,3.756999969482422,3.7669999599456787,3.7699999809265137,3.7839999198913574,3.7839999198913574,3.7839999198913574,3.7890000343322754,3.7839999198913574,3.7890000343322754,3.7880001068115234,3.7899999618530273,3.7880001068115234
2025-07-21T20:37:40.0,18460.0,18.829282593726987,-11.291424638219397,30.280000686645508,30.479999542236328,45.443085682321914,3.756999969482422,3.7669999599456787,3.7699999809265137,3.7839999198913574,3.7839999198913574,3.7839999198913574,3.7880001068115234,3.7839999198913574,3.7880001068115234,3.7880001068115234,3.7890000343322754,3.7869999408721924
2025-07-21T20:37:50.0,18470.0,18.979999542236328,-11.239106630766644,30.280000686645508,30.479999542236328,45.38999938964844,3.756999969482422,3.7660000324249268,3.7690000534057617,3.7829999923706055,3.7829999923706055,3.7829999923706055,3.7880001068115234,3.7839999198913574,3.7880001068115234,3.7880001068115234,3.7880001068115234,3.7869999408721924
2025-07-21T20:38:00.0,18480.0,19.5,-11.185638871697838,30.280000686645508,30.479999542236328,45.400001525878906,3.75600004196167,3.7660000324249268,3.7690000534057617,3.7829999923706055,3.7829999923706055,3.7829999923706055,3.7880001068115234,3.7829999923706055,3.7880001068115234,3.7869999408721924,3.7880001068115234,3.7869999408721924
2025-07-21T20:38:10.0,18490.0,19.350000381469727,-11.132221442977045,30.290340248681847,30.490339597313632,45.47755500239545,3.75600004196167,3.7660000324249268,3.7679998874664307,3.7829999923706055,3.7829999923706055,3.7829999923706055,3.7880001068115234,3.7829999923706055,3.7869999408721924,3.7869999408721924,3.7880001068115234,3.7869999408721924
2025-07-21T20:38:20.0,18500.0,62.82433192433856,-10.989069529289683,30.31627994270176,30.516280528265213,46.08507431000173,3.7909998893737793,3.799999952316284,3.802000045776367,3.815999984741211,3.815000057220459,3.815999984741211,3.8239998817443848,3.815999984741211,3.819999933242798,3.819999933242798,3.822000026702881,3.819999933242798
2025-07-21T20:38:30.0,18510.0,61.909764547908956,-10.814950400434082,30.31999969482422,30.520000457763672,46.13835620378195,3.796999931335449,3.805999994277954,3.808000087738037,3.822999954223633,3.821000099182129,3.822999954223633,3.8310000896453857,3.822000026702881,3.8269999027252197,3.8259999752044678,3.8289999961853027,3.8259999752044678
2025-07-21T20:38:40.0,18520.0,61.900001525878906,-10.643022956535564,30.31999969482422,30.521941984645412,46.150001525878906,3.802000045776367,3.809999942779541,3.812999963760376,3.8269999027252197,3.8259999752044678,3.828000068664551,3.8359999656677246,3.8269999027252197,3.8320000171661377,3.8320000171661377,3.8340001106262207,3.8320000171661377
2025-07-21T20:38:50.0,18530.0,62.06999969482422,-10.470609956822937,30.31999969482422,30.528444084048427,46.2599983215332,3.805999994277954,3.815000057220459,3.816999912261963,3.8320000171661377,3.8310000896453857,3.8329999446868896,3.8389999866485596,3.8299999237060547,3.8350000381469727,3.8350000381469727,3.8380000591278076,3.8359999656677246
2025-07-21T20:39:00.0,18540.0,62.560001373291016,-10.297991723983564,30.31999969482422,30.530000686645508,46.2599983215332,3.809000015258789,3.818000078201294,3.819999933242798,3.8350000381469727,3.8340001106262207,3.8359999656677246,3.8410000801086426,3.8329999446868896,3.8369998931884766,3.8369998931884766,3.8399999141693115,3.8369998931884766
2025-07-21T20:39:10.0,18550.0,62.337778159950346,-10.124394406195758,30.31999969482422,30.530000686645508,46.290000915527344,3.812999963760376,3.822000026702881,3.8239998817443848,3.8389999866485596,3.8380000591278076,3.8410000801086426,3.8469998836517334,3.8380000591278076,3.8420000076293945,3.8420000076293945,3.8450000286102295,3.8429999351501465
2025-07-21T20:39:20.0,18560.0,60.66999816894531,-9.95768020026208,30.31999969482422,30.530000686645508,46.310001373291016,3.813999891281128,3.822000026702881,3.8239998817443848,3.8399999141693115,3.8389999866485596,3.8410000801086426,3.8489999771118164,3.8410000801086426,3.8440001010894775,3.8450000286102295,3.8469998836517334,3.8450000286102295
2025-07-21T20:39:30.0,18570.0,58.964959572187546,-9.791076399708865,30.32874283737053,30.530000686645508,46.369998931884766,3.816999912261963,3.825000047683716,3.828000068664551,3.8429999351501465,3.8420000076293945,3.8450000286102295,3.8519999980926514,3.8440001010894775,3.8480000495910645,3.8480000495910645,3.8499999046325684,3.8480000495910645
2025-07-21T20:39:40.0,18580.0,58.849998474121094,-9.627555323258518,30.3408634863805,30.530864020438116,46.369998931884766,3.819000005722046,3.8269999027252197,3.8289999961853027,3.8450000286102295,3.8440001010894775,3.8469998836517334,3.8540000915527344,3.8459999561309814,3.8499999046325684,3.8499999046325684,3.8529999256134033,3.8499999046325684
2025-07-21T20:39:50.0,18590.0,59.678537749240036,-9.463469936545701,30.347369392880946,30.537369926938563,46.470001220703125,3.822000026702881,3.8299999237060547,3.8329999446868896,3.8489999771118164,3.8480000495910645,3.8510000705718994,3.8580000400543213,3.8499999046325684,3.8529999256134033,3.8519999980926514,3.8550000190734863,3.8529999256134033
2025-07-21T20:40:00.0,18600.0,59.52000045776367,-9.29904013989026,30.35772559070711,30.540000915527344,46.43884261281865,3.8239998817443848,3.8320000171661377,3.8340001106262207,3.8510000705718994,3.8489999771118164,3.8519999980926514,3.859999895095825,3.8519999980926514,3.8550000190734863,3.8550000190734863,3.8580000400543213,3.8559999465942383
2025-07-21T20:40:10.0,18610.0,60.49339007889502,-9.131400681173549,30.3700008392334,30.540000915527344,46.50927214464602,3.8259999752044678,3.8340001106262207,3.8369998931884766,3.8529999256134033,3.8519999980926514,3.8550000190734863,3.86299991607666,3.8550000190734863,3.8580000400543213,3.8580000400543213,3.8610000610351562,3.8589999675750732
2025-07-21T20:40:20.0,18620.0,18.479999542236328,-9.027948054718468,30.3700008392334,30.540000915527344,45.90999984741211,3.7950000762939453,3.802999973297119,3.806999921798706,3.8239998817443848,3.822000026702881,3.825000047683716,3.8289999961853027,3.825000047683716,3.8269999027252197,3.828000068664551,3.8299999237060547,3.8289999961853027
2025-07-21T20:40:30.0,18630.0,17.829999923706055,-8.977762333094308,30.3700008392334,30.540000915527344,45.91999816894531,3.7909998893737793,3.7990000247955322,3.802999973297119,3.819999933242798,3.818000078201294,3.821000099182129,3.8259999752044678,3.821000099182129,3.8239998817443848,3.8239998817443848,3.8259999752044678,3.825000047683716
2025-07-21T20:40:40.0,18640.0,18.065993488235335,-8.927693218716014,30.3700008392334,30.540000915527344,45.882374003092444,3.7890000343322754,3.796999931335449,3.8010001182556152,3.816999912261963,3.815999984741211,3.819000005722046,3.8239998817443848,3.819999933242798,3.822999954223633,3.822999954223633,3.825000047683716,3.8239998817443848
2025-07-21T20:40:50.0,18650.0,18.056508483736245,-8.87781339476853,30.3700008392334,30.540000915527344,45.88999938964844,3.7869999408721924,3.7950000762939453,3.7980000972747803,3.815999984741211,3.815000057220459,3.816999912261963,3.822000026702881,3.818000078201294,3.819999933242798,3.819999933242798,3.822999954223633,3.821000099182129
2025-07-21T20:41:00.0,18660.0,17.420000076293945,-8.82855876668986,30.3700008392334,30.540000915527344,45.88999938964844,3.7850000858306885,3.7939999103546143,3.796999931335449,3.815000057220459,3.812999963760376,3.815999984741211,3.819999933242798,3.816999912261963,3.819000005722046,3.819999933242798,3.822000026702881,3.819999933242798
2025-07-21T20:41:10.0,18670.0,17.249542863384477,-8.780588947421737,30.3700008392334,30.540000915527344,45.837476742812925,3.7839999198913574,3.7929999828338623,3.7960000038146973,3.813999891281128,3.812000036239624,3.815000057220459,3.819999933242798,3.815999984741211,3.818000078201294,3.818000078201294,3.821000099182129,3.819000005722046
2025-07-21T20:41:20.0,18680.0,63.73608126350687,-8.626871816839698,30.381390020183584,30.557085230070452,46.45040544497422,3.822000026702881,3.8299999237060547,3.8320000171661377,3.8499999046325684,3.8480000495910645,3.8510000705718994,3.8589999675750732,3.8510000705718994,3.8540000915527344,3.8540000915527344,3.8570001125335693,3.8550000190734863
2025-07-21T20:41:30.0,18690.0,63.400001525878906,-8.45057712417714,30.38781773364894,30.56999969482422,46.5,3.828000068664551,3.8359999656677246,3.8380000591278076,3.8529999256134033,3.8510000705718994,3.8550000190734863,3.86299991607666,3.8550000190734863,3.8570001125335693,3.8580000400543213,3.861999988555908,3.859999895095825
2025-07-21T20:41:40.0,18700.0,63.58000183105469,-8.27439588424794,30.381336283858392,30.56999969482422,46.59000015258789,3.8320000171661377,3.8399999141693115,3.8429999351501465,3.8610000610351562,3.8589999675750732,3.86299991607666,3.865999937057495,3.8580000400543213,3.8610000610351562,3.8610000610351562,3.865000009536743,3.861999988555908
2025-07-21T20:41:50.0,18710.0,63.50729428459623,-8.098003638117104,30.3799991607666,30.56999969482422,46.64341313979203,3.8350000381469727,3.8420000076293945,3.8450000286102295,3.86299991607666,3.8610000610351562,3.865000009536743,3.872999906539917,3.865000009536743,3.867000102996826,3.868000030517578,3.871999979019165,3.86899995803833
2025-07-21T20:42:00.0,18720.0,63.45045068740845,-7.921752769053832,30.3799991607666,30.57156551160831,46.687382399241116,3.8399999141693115,3.8469998836517334,3.8499999046325684,3.86899995803833,3.867000102996826,3.871000051498413,3.878999948501587,3.869999885559082,3.872999906539917,3.872999906539917,3.877000093460083,3.875
2025-07-21T20:42:10.0,18730.0,63.33000183105469,-7.745733688252822,30.3799991607666,30.578046541343785,46.720001220703125,3.8429999351501465,3.8499999046325684,3.8529999256134033,3.871999979019165,3.869999885559082,3.874000072479248,3.88100004196167,3.872999906539917,3.875999927520752,3.875999927520752,3.880000114440918,3.878000020980835
2025-07-21T20:42:20.0,18740.0,60.38999938964844,-7.575771285433295,30.3799991607666,30.579999923706055,46.66999816894531,3.8420000076293945,3.8499999046325684,3.8529999256134033,3.871000051498413,3.86899995803833,3.872999906539917,3.88100004196167,3.874000072479248,3.875999927520752,3.875999927520752,3.880000114440918,3.878000020980835
2025-07-21T20:42:30.0,18750.0,60.209999084472656,-7.409315736468689,30.3799991607666,30.579999923706055,46.77000045776367,3.8440001010894775,3.8519999980926514,3.8550000190734863,3.874000072479248,3.871999979019165,3.875999927520752,3.884000062942505,3.875999927520752,3.878000020980835,3.875999927520752,3.880000114440918,3.878000020980835
2025-07-21T20:42:40.0,18760.0,59.354637911444726,-7.242158260243789,30.3799991607666,30.579999923706055,46.827684261924325,3.8469998836517334,3.8550000190734863,3.8580000400543213,3.878000020980835,3.875999927520752,3.880000114440918,3.885999917984009,3.878000020980835,3.880000114440918,3.88100004196167,3.884000062942505,3.881999969482422
2025-07-21T20:42:50.0,18770.0,60.18000030517578,-7.075351364491837,30.39188360265783,30.579999923706055,46.790000915527344,3.8499999046325684,3.8570001125335693,3.8610000610351562,3.878999948501587,3.878000020980835,3.881999969482422,3.8889999389648438,3.881999969482422,3.884000062942505,3.884000062942505,3.888000011444092,3.885999917984009
2025-07-21T20:43:00.0,18780.0,59.310001373291016,-6.90896833201626,30.40999984741211,30.579999923706055,46.84000015258789,3.8519999980926514,3.859999895095825,3.86299991607666,3.88100004196167,3.880000114440918,3.884000062942505,3.8910000324249268,3.884000062942505,3.885999917984009,3.884999990463257,3.8889999389648438,3.88700008392334
2025-07-21T20:43:10.0,18790.0,59.73909874715325,-6.742865653490547,30.40999984741211,30.579999923706055,46.8384093836734,3.8540000915527344,3.861999988555908,3.865000009536743,3.884000062942505,3.881999969482422,3.88700008392334,3.8940000534057617,3.885999917984009,3.8889999389648438,3.8889999389648438,3.8929998874664307,3.8910000324249268
2025-07-21T20:43:20.0,18800.0,56.75524397379362,-6.577840259836042,30.41676104112105,30.583380520560524,46.86000061035156,3.8380000591278076,3.8459999561309814,3.8499999046325684,3.86899995803833,3.867000102996826,3.871000051498413,3.878000020980835,3.871999979019165,3.874000072479248,3.875,3.878000020980835,3.875999927520752
2025-07-21T20:43:30.0,18810.0,38.119998931884766,-6.464242790303812,30.4297483513572,30.5898741756786,46.529998779296875,3.8380000591278076,3.8459999561309814,3.8489999771118164,3.868000030517578,3.865999937057495,3.871000051498413,3.875999927520752,3.871000051498413,3.872999906539917,3.872999906539917,3.875999927520752,3.875
2025-07-21T20:43:40.0,18820.0,37.779998779296875,-6.359258018440723,30.436322822546206,30.596322669958315,46.56999969482422,3.8369998931884766,3.8450000286102295,3.8489999771118164,3.868000030517578,3.865999937057495,3.871000051498413,3.875999927520752,3.871000051498413,3.872999906539917,3.872999906539917,3.875999927520752,3.875
2025-07-21T20:43:50.0,18830.0,37.400001525878906,-6.254182581701332,30.44277399973072,30.600000381469727,46.630001068115234,3.8369998931884766,3.8450000286102295,3.8489999771118164,3.868000030517578,3.865999937057495,3.871000051498413,3.875999927520752,3.871000051498413,3.872999906539917,3.872999906539917,3.875999927520752,3.875
2025-07-21T20:44:00.0,18840.0,37.54385787354002,-6.150135236728509,30.44922992541299,30.600000381469727,46.5629183792304,3.8380000591278076,3.8459999561309814,3.8489999771118164,3.86899995803833,3.867000102996826,3.871000051498413,3.877000093460083,3.871000051498413,3.872999906539917,3.872999906539917,3.877000093460083,3.875
2025-07-21T20:44:10.0,18850.0,37.45000076293945,-6.045504050418059,30.450000762939453,30.600000381469727,46.529998779296875,3.8380000591278076,3.8459999561309814,3.8499999046325684,3.86899995803833,3.867000102996826,3.871999979019165,3.877000093460083,3.871999979019165,3.872999906539917,3.874000072479248,3.877000093460083,3.875
2025-07-21T20:44:20.0,18860.0,37.45000076293945,-5.941476270521005,30.450000762939453,30.600000381469727,46.529998779296875,3.8519999980926514,3.859999895095825,3.864000082015991,3.882999897003174,3.88100004196167,3.885999917984009,3.8929998874664307,3.885999917984009,3.888000011444092,3.888000011444092,3.8919999599456787,3.890000104904175
2025-07-21T20:44:30.0,18870.0,54.599998474121094,-5.796575305237294,30.450000762939453,30.600000381469727,46.869998931884766,3.8540000915527344,3.861999988555908,3.865000009536743,3.884999990463257,3.882999897003174,3.888000011444092,3.8949999809265137,3.888000011444092,3.890000104904175,3.8910000324249268,3.8949999809265137,3.8929998874664307
2025-07-21T20:44:40.0,18880.0,54.90175697426956,-5.645319823842632,30.450000762939453,30.600000381469727,46.90873690153424,3.8589999675750732,3.865999937057495,3.869999885559082,3.8889999389648438,3.88700008392334,3.8919999599456787,3.8989999294281006,3.8919999599456787,3.8940000534057617,3.8949999809265137,3.8980000019073486,3.8959999084472656
2025-07-21T20:44:50.0,18890.0,56.36010405629636,-5.491135717492688,30.450000762939453,30.600000381469727,46.88999938964844,3.861999988555908,3.869999885559082,3.872999906539917,3.8919999599456787,3.890000104904175,3.8949999809265137,3.9019999504089355,3.8949999809265137,3.8970000743865967,3.8970000743865967,3.9010000228881836,3.8989999294281006
2025-07-21T20:45:00.0,18900.0,55.146973536373864,-5.336512655518904,30.450000762939453,30.600000381469727,46.95006612141928,3.86299991607666,3.871000051498413,3.875,3.8929998874664307,3.8919999599456787,3.8970000743865967,3.9030001163482666,3.8959999084472656,3.8980000019073486,3.8989999294281006,3.9030001163482666,3.9010000228881836
2025-07-21T20:45:10.0,18910.0,55.220001220703125,-5.183654327449852,30.459157789008792,30.609158280884422,46.970001220703125,3.865999937057495,3.874000072479248,3.877000093460083,3.8959999084472656,3.8940000534057617,3.8989999294281006,3.9059998989105225,3.8989999294281006,3.9000000953674316,3.9019999504089355,3.9049999713897705,3.9030001163482666
2025-07-21T20:45:20.0,18920.0,0.009999999776482582,-5.074526894482862,30.469999313354492,30.621070185383083,46.18000030517578,3.865999937057495,3.874000072479248,3.878000020980835,3.8959999084472656,3.8949999809265137,3.9000000953674316,3.9059998989105225,3.8989999294281006,3.9010000228881836,3.9019999504089355,3.9059998989105225,3.9040000438690186
2025-07-21T20:45:30.0,18930.0,0.0013609467151322683,-5.0745421000380775,30.469999313354492,30.627566820557355,46.119998931884766,3.816999912261963,3.8259999752044678,3.8289999961853027,3.8510000705718994,3.8489999771118164,3.8519999980926514,3.8550000190734863,3.8529999256134033,3.8540000915527344,3.8550000190734863,3.8570001125335693,3.8559999465942383
2025-07-21T20:45:40.0,18940.0,0.009999999776482582,-5.074521833371864,30.461943232775194,30.6299991607666,46.06364549837614,3.812000036239624,3.822000026702881,3.825000047683716,3.8469998836517334,3.8440001010894775,3.8480000495910645,3.8510000705718994,3.8489999771118164,3.8499999046325684,3.8510000705718994,3.8529999256134033,3.8519999980926514
2025-07-21T20:45:50.0,18950.0,-0.0,-5.0745125472609605,30.44905849607791,30.6299991607666,46.02000045776367,3.809000015258789,3.819000005722046,3.822000026702881,3.8450000286102295,3.8420000076293945,3.8459999561309814,3.8489999771118164,3.8469998836517334,3.8480000495910645,3.8489999771118164,3.8510000705718994,3.8499999046325684
2025-07-21T20:46:00.0,18960.0,-0.0,-5.07451676670531,30.436079613687465,30.6299991607666,45.97999954223633,3.806999921798706,3.815999984741211,3.819000005722046,3.8420000076293945,3.8389999866485596,3.8429999351501465,3.8459999561309814,3.8440001010894775,3.8450000286102295,3.8459999561309814,3.8480000495910645,3.8469998836517334
2025-07-21T20:46:10.0,18970.0,0.009999999776482582,-5.074511691705424,30.419657656005384,30.62655226859601,45.970001220703125,3.805000066757202,3.815000057220459,3.818000078201294,3.8410000801086426,3.8380000591278076,3.8410000801086426,3.8440001010894775,3.8429999351501465,3.8440001010894775,3.8440001010894775,3.8459999561309814,3.8450000286102295
2025-07-21T20:46:20.0,18980.0,63.536605036536145,-4.957080607382409,30.400201957791694,30.620068272789783,46.89037278641101,3.8440001010894775,3.8540000915527344,3.8559999465942383,3.881999969482422,3.878999948501587,3.882999897003174,3.8919999599456787,3.884999990463257,3.885999917984009,3.888000011444092,3.8919999599456787,3.890000104904175
2025-07-21T20:46:30.0,18990.0,63.358667246500666,-4.780624109616761,30.387172364477824,30.6200008392334,46.98807969934799,3.861999988555908,3.871000051498413,3.872999906539917,3.888000011444092,3.885999917984009,3.890000104904175,3.8980000019073486,3.8910000324249268,3.8929998874664307,3.8929998874664307,3.8970000743865967,3.8949999809265137
2025-07-21T20:46:40.0,19000.0,63.67900599680458,-4.604634884414625,30.377123919043015,30.6200008392334,47.060001373291016,3.865000009536743,3.874000072479248,3.875999927520752,3.8970000743865967,3.8949999809265137,3.8989999294281006,3.9070000648498535,3.8989999294281006,3.9010000228881836,3.9019999504089355,3.9049999713897705,3.9030001163482666
2025-07-21T20:46:50.0,19010.0,63.35789123798234,-4.427861750317632,30.370685849800775,30.6200008392334,47.08159377178928,3.871999979019165,3.880000114440918,3.882999897003174,3.9030001163482666,3.9010000228881836,3.9049999713897705,3.9119999408721924,3.9049999713897705,3.9070000648498535,3.9070000648498535,3.9110000133514404,3.9089999198913574
2025-07-21T20:47:00.0,19020.0,63.58000183105469,-4.251251649667904,30.375791182799226,30.6200008392334,47.119998931884766,3.875,3.882999897003174,3.885999917984009,3.9059998989105225,3.9030001163482666,3.9079999923706055,3.9149999618530273,3.9079999923706055,3.9089999198913574,3.9110000133514404,3.9140000343322754,3.9119999408721924
2025-07-21T20:47:10.0,19030.0,63.540000915527344,-4.074872363402001,30.3799991607666,30.6200008392334,47.18000030517578,3.878000020980835,3.885999917984009,3.8889999389648438,3.9089999198913574,3.9070000648498535,3.9119999408721924,3.9189999103546143,3.9119999408721924,3.9130001068115234,3.9149999618530273,3.9179999828338623,3.9159998893737793
2025-07-21T20:47:20.0,19040.0,59.67506684128001,-3.9032795255851287,30.3799991607666,30.6200008392334,47.13999938964844,3.880000114440918,3.8889999389648438,3.8910000324249268,3.9110000133514404,3.9089999198913574,3.9140000343322754,3.9210000038146973,3.9140000343322754,3.9149999618530273,3.9159998893737793,3.9200000762939453,3.9179999828338623
2025-07-21T20:47:30.0,19050.0,59.06976473191267,-3.738934503067818,30.390480906185125,30.6200008392334,47.189998626708984,3.881999969482422,3.890000104904175,3.8929998874664307,3.9130001068115234,3.9110000133514404,3.9149999618530273,3.921999931335449,3.9149999618530273,3.9159998893737793,3.9179999828338623,3.9210000038146973,3.9189999103546143
2025-07-21T20:47:40.0,19060.0,59.470001220703125,-3.5740846649678075,30.401716445769566,30.621717339021377,47.2599983215332,3.885999917984009,3.8940000534057617,3.8959999084472656,3.9159998893737793,3.9130001068115234,3.9179999828338623,3.924999952316284,3.9179999828338623,3.9189999103546143,3.9200000762939453,3.9240000247955322,3.921999931335449
2025-07-21T20:47:50.0,19070.0,58.709999084472656,-3.4080985325696265,30.40815615784493,30.62815582284725,47.25,3.888000011444092,3.8959999084472656,3.8989999294281006,3.9179999828338623,3.9159998893737793,3.9210000038146973,3.927999973297119,3.9210000038146973,3.921999931335449,3.9230000972747803,3.927000045776367,3.924999952316284
2025-07-21T20:48:00.0,19080.0,60.83000183105469,-3.244051189419382,30.40999984741211,30.6299991607666,47.369998931884766,3.890000104904175,3.8980000019073486,3.9010000228881836,3.9200000762939453,3.9179999828338623,3.9230000972747803,3.930000066757202,3.9230000972747803,3.9240000247955322,3.924999952316284,3.928999900817871,3.9260001182556152
2025-07-21T20:48:10.0,19090.0,56.237921324667944,-3.074565807576663,30.412042667984732,30.63102057105291,47.290000915527344,3.8919999599456787,3.9000000953674316,3.9030001163482666,3.9210000038146973,3.9189999103546143,3.9240000247955322,3.930999994277954,3.9240000247955322,3.924999952316284,3.927000045776367,3.930000066757202,3.927999973297119
2025-07-21T20:48:20.0,19100.0,0.05000000074505806,-3.0213865743957755,30.42500472745568,30.637501600788386,46.459999084472656,3.890000104904175,3.8980000019073486,3.9010000228881836,3.882999897003174,3.880000114440918,3.884999990463257,3.884999990463257,3.882999897003174,3.884000062942505,3.884999990463257,3.885999917984009,3.885999917984009
2025-07-21T20:48:30.0,19110.0,0.009999999776482582,-3.0213336688400556,30.426011894617197,30.639999389648438,46.38999938964844,3.8410000801086426,3.8499999046325684,3.8529999256134033,3.874000072479248,3.871999979019165,3.875999927520752,3.878000020980835,3.875999927520752,3.877000093460083,3.878000020980835,3.878999948501587,3.878000020980835
2025-07-21T20:48:40.0,19120.0,-0.0,-3.0213232466180675,30.419525838635632,30.639999389648438,46.34076002502442,3.8369998931884766,3.8459999561309814,3.8489999771118164,3.869999885559082,3.867000102996826,3.871000051498413,3.872999906539917,3.871999979019165,3.872999906539917,3.872999906539917,3.875,3.874000072479248
2025-07-21T20:48:50.0,19130.0,-0.0,-3.0213232466180675,30.41308239219115,30.639999389648438,46.310001373291016,3.8329999446868896,3.8429999351501465,3.8450000286102295,3.865999937057495,3.864000082015991,3.867000102996826,3.871000051498413,3.86899995803833,3.869999885559082,3.871000051498413,3.871999979019165,3.871000051498413
2025-07-21T20:49:00.0,19140.0,0.009124754858086333,-3.0213232466180675,30.40661495488468,30.639999389648438,46.27295111732057,3.8299999237060547,3.8399999141693115,3.8429999351501465,3.865000009536743,3.861999988555908,3.865999937057495,3.86899995803833,3.867000102996826,3.868000030517578,3.86899995803833,3.869999885559082,3.86899995803833
2025-07-21T20:49:10.0,19150.0,0.009999999776482582,-3.0212958410631243,30.40012551368946,30.639999389648438,46.2400016784668,3.8299999237060547,3.8399999141693115,3.8429999351501465,3.86299991607666,3.8610000610351562,3.864000082015991,3.867000102996826,3.865000009536743,3.865999937057495,3.865999937057495,3.868000030517578,3.867000102996826
2025-07-21T20:49:20.0,19160.0,62.745567246487894,-2.964656038635908,30.380910194144473,30.633635843612403,47.17717671113855,3.875,3.884000062942505,3.885999917984009,3.9059998989105225,3.9040000438690186,3.9079999923706055,3.9149999618530273,3.9079999923706055,3.9089999198913574,3.9110000133514404,3.9149999618530273,3.9119999408721924
2025-07-21T20:49:30.0,19170.0,61.68000030517578,-2.7913016914726017,30.364303825540073,30.6299991607666,47.189998626708984,3.881999969482422,3.8910000324249268,3.8929998874664307,3.9119999408721924,3.9100000858306885,3.9149999618530273,3.921999931335449,3.9140000343322754,3.9159998893737793,3.9170000553131104,3.9200000762939453,3.9179999828338623
2025-07-21T20:49:40.0,19180.0,62.880001068115234,-2.6186766730847015,30.351344285746336,30.6299991607666,47.280124953714655,3.888000011444092,3.8959999084472656,3.8989999294281006,3.9179999828338623,3.9149999618530273,3.9200000762939453,3.927000045776367,3.9189999103546143,3.9210000038146973,3.921999931335449,3.924999952316284,3.9230000972747803
2025-07-21T20:49:50.0,19190.0,63.15999984741211,-2.444377271600106,30.355768209749513,30.6299991607666,47.290000915527344,3.8919999599456787,3.9000000953674316,3.9019999504089355,3.9210000038146973,3.9189999103546143,3.9230000972747803,3.930000066757202,3.9230000972747803,3.924999952316284,3.9260001182556152,3.928999900817871,3.927000045776367
2025-07-21T20:50:00.0,19200.0,58.091477725085554,-2.2756075033779344,30.360000610351562,30.6299991607666,47.32033984520858,3.8929998874664307,3.9010000228881836,3.9040000438690186,3.921999931335449,3.9189999103546143,3.9240000247955322,3.931999921798706,3.924999952316284,3.927000045776367,3.927999973297119,3.930999994277954,3.928999900817871
2025-07-21T20:50:10.0,19210.0,55.22601180076518,-2.116148882471527,30.360000610351562,30.6299991607666,47.27873755311655,3.8949999809265137,3.9030001163482666,3.9059998989105225,3.9240000247955322,3.921999931335449,3.9260001182556152,3.933000087738037,3.9260001182556152,3.927000045776367,3.927999973297119,3.930999994277954,3.930000066757202
2025-07-21T20:50:20.0,19220.0,57.16999816894531,-1.9628182367958682,30.360000610351562,30.6299991607666,47.38999938964844,3.8970000743865967,3.9049999713897705,3.9079999923706055,3.924999952316284,3.9230000972747803,3.927999973297119,3.934000015258789,3.927000045776367,3.928999900817871,3.930000066757202,3.933000087738037,3.930999994277954
2025-07-21T20:50:30.0,19230.0,55.62431301757215,-1.8066122967092895,30.361669260735024,30.6299991607666,47.369998931884766,3.8989999294281006,3.9070000648498535,3.9100000858306885,3.927000045776367,3.9260001182556152,3.930000066757202,3.937000036239624,3.930000066757202,3.930999994277954,3.933000087738037,3.936000108718872,3.934000015258789
2025-07-21T20:50:40.0,19240.0,55.790000915527344,-1.6539538077394853,30.368154493472918,30.6299991607666,47.380001068115234,3.9019999504089355,3.9089999198913574,3.9119999408721924,3.928999900817871,3.927999973297119,3.931999921798706,3.938999891281128,3.931999921798706,3.933000087738037,3.934999942779541,3.937999963760376,3.936000108718872
2025-07-21T20:50:50.0,19250.0,56.69274483730931,-1.4980445127771322,30.37921201960164,30.634605190205864,47.422018312940395,3.9040000438690186,3.9119999408721924,3.9149999618530273,3.930000066757202,3.927999973297119,3.933000087738037,3.938999891281128,3.931999921798706,3.934000015258789,3.934999942779541,3.937999963760376,3.936000108718872
2025-07-21T20:51:00.0,19260.0,56.560001373291016,-1.3408307424808235,30.391041802716853,30.639999389648438,47.380001068115234,3.9059998989105225,3.9140000343322754,3.9170000553131104,3.933000087738037,3.931999921798706,3.936000108718872,3.943000078201294,3.936000108718872,3.937000036239624,3.937999963760376,3.940999984741211,3.938999891281128
2025-07-21T20:51:10.0,19270.0,56.318883383902346,-1.1844740409255712,30.39746455729735,30.639999389648438,47.529998779296875,3.9079999923706055,3.9159998893737793,3.9189999103546143,3.934999942779541,3.934000015258789,3.937999963760376,3.944999933242798,3.937999963760376,3.938999891281128,3.940000057220459,3.943000078201294,3.940999984741211
2025-07-21T20:51:20.0,19280.0,36.040000915527344,-1.0596703670393763,30.40392767728574,30.643927448403904,47.150001525878906,3.8959999084472656,3.9040000438690186,3.9070000648498535,3.9240000247955322,3.921999931335449,3.927000045776367,3.931999921798706,3.9260001182556152,3.927999973297119,3.928999900817871,3.930999994277954,3.930000066757202
2025-07-21T20:51:30.0,19290.0,36.12736386070529,-0.9589374146523082,30.41041309594495,30.649999618530273,47.1669762635035,3.8949999809265137,3.9030001163482666,3.9059998989105225,3.921999931335449,3.9210000038146973,3.924999952316284,3.930000066757202,3.924999952316284,3.9260001182556152,3.927000045776367,3.928999900817871,3.927999973297119
2025-07-21T20:51:40.0,19300.0,36.630001068115234,-0.8574210401056219,30.416839978259755,30.649999618530273,47.16999816894531,3.8949999809265137,3.9030001163482666,3.9049999713897705,3.921999931335449,3.9200000762939453,3.924999952316284,3.930000066757202,3.9240000247955322,3.9260001182556152,3.927000045776367,3.928999900817871,3.927999973297119
2025-07-21T20:51:50.0,19310.0,36.33000183105469,-0.7562219552716289,30.423275280121675,30.653274822358004,47.31999969482422,3.8949999809265137,3.9030001163482666,3.9049999713897705,3.921999931335449,3.9200000762939453,3.924999952316284,3.930000066757202,3.9240000247955322,3.9260001182556152,3.927000045776367,3.928999900817871,3.927999973297119
2025-07-21T20:52:00.0,19320.0,36.45000076293945,-0.6552362703035279,30.429718726566158,30.659718268802486,47.15999984741211,3.8949999809265137,3.9030001163482666,3.9049999713897705,3.921999931335449,3.9200000762939453,3.924999952316284,3.928999900817871,3.9240000247955322,3.9260001182556152,3.927000045776367,3.928999900817871,3.927999973297119
2025-07-21T20:52:10.0,19330.0,33.73583475414075,-0.5589867122012371,30.43620615779077,30.65999984741211,47.15723046252587,3.8929998874664307,3.9010000228881836,3.9040000438690186,3.9200000762939453,3.9189999103546143,3.9230000972747803,3.927999973297119,3.9230000972747803,3.9240000247955322,3.924999952316284,3.927999973297119,3.9260001182556152
2025-07-21T20:52:20.0,19340.0,56.61309182268053,-0.44080751407392693,30.440000534057617,30.662696662382647,47.50190185245715,3.9140000343322754,3.9210000038146973,3.9230000972747803,3.940000057220459,3.937999963760376,3.943000078201294,3.9489998817443848,3.941999912261963,3.943000078201294,3.944999933242798,3.947000026702881,3.946000099182129
2025-07-21T20:52:30.0,19350.0,53.529998779296875,-0.28883006376247344,30.440000534057617,30.66919031750072,47.470001220703125,3.9130001068115234,3.9210000038146973,3.9230000972747803,3.938999891281128,3.937999963760376,3.941999912261963,3.947999954223633,3.940999984741211,3.943000078201294,3.944000005722046,3.947000026702881,3.944999933242798
2025-07-21T20:52:40.0,19360.0,54.709999084472656,-0.1372829719711084,30.43432032617944,30.670000076293945,47.4900016784668,3.9159998893737793,3.9230000972747803,3.924999952316284,3.941999912261963,3.940000057220459,3.944000005722046,3.9489998817443848,3.941999912261963,3.944000005722046,3.944999933242798,3.947999954223633,3.946000099182129
2025-07-21T20:52:50.0,19370.0,54.798921779557766,0.012959806068400415,30.43000030517578,30.670000076293945,47.573471836789835,3.9159998893737793,3.9230000972747803,3.924999952316284,3.941999912261963,3.940000057220459,3.944000005722046,3.9509999752044678,3.944000005722046,3.944999933242798,3.947000026702881,3.9489998817443848,3.947999954223633
2025-07-21T20:53:00.0,19380.0,54.18000030517578,0.1638683388775517,30.43000030517578,30.670000076293945,47.599998474121094,3.9200000762939453,3.927000045776367,3.928999900817871,3.944999933242798,3.943000078201294,3.947999954223633,3.9539999961853027,3.947000026702881,3.947999954223633,3.950000047683716,3.9519999027252197,3.950000047683716
2025-07-21T20:53:10.0,19390.0,54.583515012653834,0.31439010439680004,30.43000030517578,30.675070185856008,47.57446107932989,3.921999931335449,3.928999900817871,3.930999994277954,3.947000026702881,3.944999933242798,3.950000047683716,3.9560000896453857,3.9489998817443848,3.950000047683716,3.9519999027252197,3.9539999961853027,3.9519999027252197
2025-07-21T20:53:20.0,19400.0,49.880001068115234,0.4625793095791937,30.43000030517578,30.68000030517578,47.560001373291016,3.921999931335449,3.928999900817871,3.930999994277954,3.946000099182129,3.944999933242798,3.9489998817443848,3.9549999237060547,3.947999954223633,3.950000047683716,3.9509999752044678,3.953000068664551,3.9519999027252197
2025-07-21T20:53:30.0,19410.0,49.81999969482422,0.6010119819558271,30.43000030517578,30.68000030517578,47.619998931884766,3.9230000972747803,3.930000066757202,3.931999921798706,3.947000026702881,3.946000099182129,3.950000047683716,3.9560000896453857,3.9489998817443848,3.9509999752044678,3.9519999027252197,3.9539999961853027,3.953000068664551
2025-07-21T20:53:40.0,19420.0,52.03377724948764,0.743259545391064,30.43000030517578,30.68000030517578,47.59000015258789,3.9230000972747803,3.930999994277954,3.933000087738037,3.947000026702881,3.946000099182129,3.9509999752044678,3.9560000896453857,3.9489998817443848,3.9509999752044678,3.953000068664551,3.9549999237060547,3.953000068664551
2025-07-21T20:53:50.0,19430.0,49.595117112865026,0.8833295200646534,30.43000030517578,30.68000030517578,47.63999938964844,3.9260001182556152,3.933000087738037,3.934999942779541,3.9489998817443848,3.947999954223633,3.9519999027252197,3.9579999446868896,3.9509999752044678,3.953000068664551,3.9539999961853027,3.9570000171661377,3.9549999237060547
2025-07-21T20:54:00.0,19440.0,51.91999816894531,1.0248267628226628,30.43000030517578,30.68000030517578,47.66999816894531,3.9260001182556152,3.933000087738037,3.936000108718872,3.9489998817443848,3.9489998817443848,3.953000068664551,3.9579999446868896,3.9519999027252197,3.9539999961853027,3.9549999237060547,3.9570000171661377,3.9549999237060547
2025-07-21T20:54:10.0,19450.0,46.9020333641456,1.1567546250641985,30.437780637504353,30.68000030517578,47.56751087163785,3.924999952316284,3.931999921798706,3.934000015258789,3.947999954223633,3.946000099182129,3.9509999752044678,3.9560000896453857,3.950000047683716,3.9509999752044678,3.953000068664551,3.9549999237060547,3.953000068664551
2025-07-21T20:54:20.0,19460.0,13.869999885559082,1.2439842240089343,30.450000762939453,30.68000030517578,47.03877983093288,3.9000000953674316,3.9070000648498535,3.9100000858306885,3.9240000247955322,3.9230000972747803,3.927000045776367,3.930000066757202,3.9260001182556152,3.927999973297119,3.928999900817871,3.930000066757202,3.928999900817871
2025-07-21T20:54:30.0,19470.0,13.164516031352472,1.2807197098021552,30.450000762939453,30.68000030517578,46.97546294925254,3.8970000743865967,3.9049999713897705,3.9070000648498535,3.9210000038146973,3.9200000762939453,3.9240000247955322,3.927000045776367,3.9230000972747803,3.924999952316284,3.9260001182556152,3.927000045776367,3.9260001182556152
2025-07-21T20:54:40.0,19480.0,13.4399995803833,1.317661114598332,30.450000762939453,30.68000030517578,46.97999954223633,3.8970000743865967,3.9049999713897705,3.9070000648498535,3.9210000038146973,3.9200000762939453,3.9240000247955322,3.927000045776367,3.9230000972747803,3.924999952316284,3.9260001182556152,3.927000045776367,3.9260001182556152
2025-07-21T20:54:50.0,19490.0,12.818052941126478,1.3538560978549903,30.450000762939453,30.68000030517578,46.999554718017464,3.8919999599456787,3.9000000953674316,3.9019999504089355,3.9170000553131104,3.9159998893737793,3.9189999103546143,3.921999931335449,3.9179999828338623,3.9200000762939453,3.9210000038146973,3.921999931335449,3.9210000038146973
2025-07-21T20:55:00.0,19500.0,12.59000015258789,1.3893786837277986,30.450000762939453,30.68000030517578,47.028398028536515,3.8889999389648438,3.8970000743865967,3.8989999294281006,3.9140000343322754,3.9130001068115234,3.9159998893737793,3.9189999103546143,3.9159998893737793,3.9179999828338623,3.9189999103546143,3.9200000762939453,3.9189999103546143
2025-07-21T20:55:10.0,19510.0,12.529999732971191,1.4239765226607366,30.450000762939453,30.68000030517578,47.04999923706055,3.888000011444092,3.8959999084472656,3.8980000019073486,3.9130001068115234,3.9119999408721924,3.9149999618530273,3.9179999828338623,3.9149999618530273,3.9159998893737793,3.9179999828338623,3.9189999103546143,3.9170000553131104
2025-07-21T20:55:20.0,19520.0,29.040000915527344,1.4744490871177245,30.450000762939453,30.68000030517578,47.209999084472656,3.8989999294281006,3.9070000648498535,3.9089999198913574,3.9230000972747803,3.921999931335449,3.9260001182556152,3.930000066757202,3.924999952316284,3.927000045776367,3.927999973297119,3.928999900817871,3.927999973297119
2025-07-21T20:55:30.0,19530.0,29.360000610351562,1.5555815500250914,30.432707051098312,30.685764875789495,47.150001525878906,3.9010000228881836,3.9079999923706055,3.9110000133514404,3.924999952316284,3.9240000247955322,3.927000045776367,3.931999921798706,3.927000045776367,3.927999973297119,3.927999973297119,3.928999900817871,3.927999973297119
2025-07-21T20:55:40.0,19540.0,29.25,1.6370137097265447,30.415527340311126,30.690000534057617,47.209999084472656,3.9019999504089355,3.9089999198913574,3.9110000133514404,3.9260001182556152,3.924999952316284,3.927999973297119,3.931999921798706,3.927999973297119,3.928999900817871,3.930999994277954,3.931999921798706,3.930999994277954
2025-07-21T20:55:50.0,19550.0,29.282882194769837,1.7185107439048544,30.402648745485838,30.690000534057617,47.21930815295167,3.9030001163482666,3.9110000133514404,3.9130001068115234,3.927000045776367,3.9260001182556152,3.928999900817871,3.933000087738037,3.928999900817871,3.930000066757202,3.930999994277954,3.933000087738037,3.931999921798706
2025-07-21T20:56:00.0,19560.0,29.56999969482422,1.8004115058678511,30.389703854692502,30.690000534057617,47.209999084472656,3.9040000438690186,3.9110000133514404,3.9130001068115234,3.927999973297119,3.9260001182556152,3.930000066757202,3.934000015258789,3.928999900817871,3.930999994277954,3.931999921798706,3.934000015258789,3.931999921798706
2025-07-21T20:56:10.0,19570.0,29.43000030517578,1.8824827214391489,30.3799991607666,30.690000534057617,47.220001220703125,3.9040000438690186,3.9119999408721924,3.9140000343322754,3.927999973297119,3.927000045776367,3.930000066757202,3.934000015258789,3.930000066757202,3.930999994277954,3.931999921798706,3.934000015258789,3.933000087738037
2025-07-21T20:56:20.0,19580.0,46.34723369622067,1.9642327222868596,30.3799991607666,30.690000534057617,47.4283949295837,3.9200000762939453,3.927000045776367,3.928999900817871,3.943000078201294,3.941999912261963,3.944999933242798,3.9509999752044678,3.944999933242798,3.947000026702881,3.933000087738037,3.934000015258789,3.933000087738037
2025-07-21T20:56:30.0,19590.0,48.622940841374664,2.0984783138902374,30.3799991607666,30.690000534057617,47.459999084472656,3.9230000972747803,3.930999994277954,3.931999921798706,3.944000005722046,3.943000078201294,3.947000026702881,3.9519999027252197,3.946000099182129,3.947999954223633,3.9489998817443848,3.9509999752044678,3.9489998817443848
2025-07-21T20:56:40.0,19600.0,46.11000061035156,2.230142313289849,30.377888780576512,30.688945243324508,47.5099983215332,3.9230000972747803,3.930999994277954,3.931999921798706,3.946000099182129,3.944999933242798,3.947999954223633,3.9539999961853027,3.947999954223633,3.9489998817443848,3.9509999752044678,3.953000068664551,3.9509999752044678
2025-07-21T20:56:50.0,19610.0,47.970001220703125,2.362086197698587,30.364885821919138,30.682443143921496,47.56999969482422,3.927000045776367,3.934000015258789,3.936000108718872,3.947999954223633,3.947999954223633,3.9509999752044678,3.9560000896453857,3.950000047683716,3.9519999027252197,3.953000068664551,3.9549999237060547,3.953000068664551
2025-07-21T20:57:00.0,19620.0,46.0355225831071,2.4938862170401617,30.360000610351562,30.68000030517578,47.55850192300635,3.928999900817871,3.936000108718872,3.937999963760376,3.9489998817443848,3.9489998817443848,3.9519999027252197,3.9579999446868896,3.9509999752044678,3.953000068664551,3.9549999237060547,3.9560000896453857,3.9539999961853027
2025-07-21T20:57:10.0,19630.0,44.79999923706055,2.6196291390452853,30.360000610351562,30.680520058172036,47.560001373291016,3.930000066757202,3.937000036239624,3.938999891281128,3.9509999752044678,3.950000047683716,3.953000068664551,3.9590001106262207,3.9519999027252197,3.9539999961853027,3.9549999237060547,3.9570000171661377,3.9549999237060547
2025-07-21T20:57:20.0,19640.0,44.79999923706055,2.744073581370454,30.360000610351562,30.686992698225,47.560001373291016,3.937000036239624,3.944000005722046,3.944999933242798,3.9570000171661377,3.9560000896453857,3.9600000381469727,3.9590001106262207,3.953000068664551,3.9549999237060547,3.9609999656677246,3.9630000591278076,3.9609999656677246
2025-07-21T20:57:30.0,19650.0,49.720001220703125,2.882945097912888,30.360000610351562,30.690000534057617,47.68014313798207,3.937000036239624,3.944000005722046,3.944999933242798,3.9570000171661377,3.9560000896453857,3.9600000381469727,3.9649999141693115,3.9579999446868896,3.9600000381469727,3.9619998931884766,3.9639999866485596,3.9619998931884766
2025-07-21T20:57:40.0,19660.0,48.25973279825783,3.0199551564727294,30.360000610351562,30.690000534057617,47.666064404264276,3.937999963760376,3.944000005722046,3.946000099182129,3.9570000171661377,3.9560000896453857,3.9590001106262207,3.9649999141693115,3.9579999446868896,3.9600000381469727,3.9619998931884766,3.9630000591278076,3.9619998931884766
2025-07-21T20:57:50.0,19670.0,47.07503176421128,3.152409590842135,30.360000610351562,30.690000534057617,47.695296887347574,3.937999963760376,3.944999933242798,3.946000099182129,3.9570000171661377,3.9560000896453857,3.9600000381469727,3.9649999141693115,3.9579999446868896,3.9600000381469727,3.9619998931884766,3.9639999866485596,3.9619998931884766
2025-07-21T20:58:00.0,19680.0,45.78617753421585,3.2814721656472887,30.360000610351562,30.692867093509616,47.644483152401996,3.938999891281128,3.944999933242798,3.946000099182129,3.9570000171661377,3.9560000896453857,3.9600000381469727,3.9649999141693115,3.9579999446868896,3.9600000381469727,3.9619998931884766,3.9639999866485596,3.9619998931884766
2025-07-21T20:58:10.0,19690.0,45.06999969482422,3.407059364626349,30.360000610351562,30.69934812324509,47.66999816894531,3.938999891281128,3.944999933242798,3.946000099182129,3.9570000171661377,3.9560000896453857,3.9600000381469727,3.9649999141693115,3.9579999446868896,3.9600000381469727,3.9619998931884766,3.9630000591278076,3.9619998931884766
2025-07-21T20:58:20.0,19700.0,54.737104829776335,3.5396778128467057,30.360000610351562,30.700000762939453,47.79999923706055,3.938999891281128,3.944999933242798,3.946000099182129,3.9570000171661377,3.9560000896453857,3.9600000381469727,3.9649999141693115,3.9579999446868896,3.9600000381469727,3.9700000286102295,3.9719998836517334,3.9700000286102295
2025-07-21T20:58:30.0,19710.0,49.02000045776367,3.6857134078843776,30.360000610351562,30.700000762939453,47.7599983215332,3.946000099182129,3.9519999027252197,3.953000068664551,3.9630000591278076,3.9630000591278076,3.9660000801086426,3.9719998836517334,3.9649999141693115,3.9670000076293945,3.9679999351501465,3.9700000286102295,3.9679999351501465
2025-07-21T20:58:40.0,19720.0,46.631379375583045,3.8182674745688887,30.360000610351562,30.700000762939453,47.72999954223633,3.944999933242798,3.9509999752044678,3.9519999027252197,3.9619998931884766,3.9609999656677246,3.9639999866485596,3.9700000286102295,3.9630000591278076,3.9649999141693115,3.9670000076293945,3.9679999351501465,3.9660000801086426
2025-07-21T20:58:50.0,19730.0,45.0,3.945481305811345,30.35476659880471,30.700000762939453,47.709999084472656,3.944999933242798,3.950000047683716,3.9509999752044678,3.9609999656677246,3.9600000381469727,3.9639999866485596,3.9690001010894775,3.9630000591278076,3.9649999141693115,3.9660000801086426,3.9679999351501465,3.9660000801086426
2025-07-21T20:59:00.0,19740.0,43.56999969482422,4.068915501808795,30.351689583012842,30.700000762939453,47.689998626708984,3.944000005722046,3.950000047683716,3.9509999752044678,3.9609999656677246,3.9600000381469727,3.9639999866485596,3.9690001010894775,3.9619998931884766,3.9639999866485596,3.9660000801086426,3.9679999351501465,3.9660000801086426
2025-07-21T20:59:10.0,19750.0,42.884228567984,4.189943278738862,30.358179024208063,30.700000762939453,47.689998626708984,3.944000005722046,3.950000047683716,3.9509999752044678,3.9609999656677246,3.9600000381469727,3.9630000591278076,3.9679999351501465,3.9619998931884766,3.9639999866485596,3.9660000801086426,3.9670000076293945,3.9649999141693115
2025-07-21T20:59:20.0,19760.0,45.58599902133501,4.307713199121892,30.355344840361465,30.700000762939453,47.81999969482422,3.944000005722046,3.9489998817443848,3.9509999752044678,3.9600000381469727,3.9590001106262207,3.9630000591278076,3.9679999351501465,3.9619998931884766,3.9639999866485596,3.9719998836517334,3.9730000495910645,3.9709999561309814
2025-07-21T20:59:30.0,19770.0,47.77000045776367,4.441743192860489,30.350000381469727,30.700000762939453,47.81999969482422,3.950000047683716,3.9549999237060547,3.9570000171661377,3.9660000801086426,3.9649999141693115,3.9690001010894775,3.9739999771118164,3.9670000076293945,3.9690001010894775,3.9709999561309814,3.9730000495910645,3.9709999561309814
2025-07-21T20:59:40.0,19780.0,47.4218700558533,4.573693220020075,30.350000381469727,30.700000762939453,47.849978869569064,3.9509999752044678,3.9560000896453857,3.9570000171661377,3.9660000801086426,3.9649999141693115,3.9690001010894775,3.9749999046325684,3.9679999351501465,3.9700000286102295,3.9719998836517334,3.9730000495910645,3.9709999561309814
2025-07-21T20:59:50.0,19790.0,47.68114184424989,4.7054010200364775,30.350000381469727,30.700000762939453,47.7865648308579,3.9519999027252197,3.9570000171661377,3.9579999446868896,3.9670000076293945,3.9660000801086426,3.9700000286102295,3.9749999046325684,3.9679999351501465,3.9700000286102295,3.9719998836517334,3.9739999771118164,3.9719998836517334
2025-07-21T21:00:00.0,19800.0,46.220001220703125,4.835952984511262,30.350000381469727,30.700578659452667,47.83000183105469,3.9519999027252197,3.9570000171661377,3.9579999446868896,3.9670000076293945,3.9670000076293945,3.9700000286102295,3.9749999046325684,3.9690001010894775,3.9709999561309814,3.9719998836517334,3.9739999771118164,3.9719998836517334
2025-07-21T21:00:10.0,19810.0,45.7599983215332,4.963657406973513,30.350000381469727,30.707050064975775,47.7599983215332,3.953000068664551,3.9579999446868896,3.9590001106262207,3.9679999351501465,3.9670000076293945,3.9709999561309814,3.9760000705718994,3.9690001010894775,3.9709999561309814,3.9730000495910645,3.9749999046325684,3.9730000495910645
2025-07-21T21:00:20.0,19820.0,0.08997385559454285,5.055845809384818,30.350000381469727,30.709999084472656,47.149197432574105,3.953000068664551,3.9579999446868896,3.9590001106262207,3.9679999351501465,3.9670000076293945,3.9709999561309814,3.9760000705718994,3.9690001010894775,3.9719998836517334,3.9739999771118164,3.9749999046325684,3.9730000495910645
2025-07-21T21:00:30.0,19830.0,0.010674418366055248,5.055942817716577,30.350000381469727,30.709999084472656,47.085384945984146,3.9140000343322754,3.9200000762939453,3.9210000038146973,3.931999921798706,3.930999994277954,3.933000087738037,3.934999942779541,3.933000087738037,3.934999942779541,3.936000108718872,3.936000108718872,3.934999942779541
2025-07-21T21:00:40.0,19840.0,0.009999999776482582,5.055967031604925,30.343551690184956,30.709999084472656,47.04999923706055,3.9089999198913574,3.9140000343322754,3.9159998893737793,3.9260001182556152,3.924999952316284,3.927999973297119,3.930000066757202,3.927999973297119,3.928999900817871,3.930999994277954,3.930999994277954,3.930000066757202
2025-07-21T21:00:50.0,19850.0,-0.0,5.056003801048547,30.334142782965085,30.709999084472656,47.0,3.9070000648498535,3.9119999408721924,3.9130001068115234,3.9240000247955322,3.9230000972747803,3.9260001182556152,3.927000045776367,3.924999952316284,3.927000045776367,3.927999973297119,3.928999900817871,3.927000045776367
2025-07-21T21:01:00.0,19860.0,0.009999999776482582,5.056026003825829,30.321163900574643,30.709999084472656,47.0,3.9040000438690186,3.9100000858306885,3.9110000133514404,3.921999931335449,3.9210000038146973,3.9230000972747803,3.924999952316284,3.9230000972747803,3.9240000247955322,3.9260001182556152,3.9260001182556152,3.924999952316284
2025-07-21T21:01:10.0,19870.0,0.011333333080021518,5.056095456602054,30.31411906927439,30.709999084472656,46.939998626708984,3.9019999504089355,3.9079999923706055,3.9089999198913574,3.9210000038146973,3.9189999103546143,3.921999931335449,3.9230000972747803,3.9210000038146973,3.9230000972747803,3.9240000247955322,3.9240000247955322,3.9230000972747803
2025-07-21T21:01:20.0,19880.0,9.859999656677246,5.056440128813053,30.307658973097492,30.709999084472656,47.09152999080092,3.9000000953674316,3.9059998989105225,3.9070000648498535,3.9179999828338623,3.9170000553131104,3.9189999103546143,3.9210000038146973,3.9189999103546143,3.9210000038146973,3.921999931335449,3.921999931335449,3.9210000038146973
2025-07-21T21:01:30.0,19890.0,9.9399995803833,5.0837600560069065,30.301198876920598,30.709999084472656,47.150001525878906,3.9070000648498535,3.9119999408721924,3.9140000343322754,3.9240000247955322,3.9230000972747803,3.9260001182556152,3.927999973297119,3.924999952316284,3.927000045776367,3.927999973297119,3.928999900817871,3.927000045776367
2025-07-21T21:01:40.0,19900.0,9.773751998726844,5.110678903057043,30.299999237060547,30.709999084472656,47.165147361278855,3.9059998989105225,3.9119999408721924,3.9130001068115234,3.9240000247955322,3.9230000972747803,3.924999952316284,3.927999973297119,3.924999952316284,3.9260001182556152,3.927999973297119,3.927999973297119,3.927000045776367
2025-07-21T21:01:50.0,19910.0,9.630000114440918,5.137620159356063,30.299999237060547,30.709999084472656,47.09000015258789,3.9059998989105225,3.9110000133514404,3.9130001068115234,3.9230000972747803,3.921999931335449,3.924999952316284,3.927000045776367,3.9240000247955322,3.9260001182556152,3.927000045776367,3.927999973297119,3.9260001182556152
2025-07-21T21:02:00.0,19920.0,9.450646862329211,5.164292009541456,30.299999237060547,30.709999084472656,47.06999969482422,3.9049999713897705,3.9110000133514404,3.9119999408721924,3.9230000972747803,3.921999931335449,3.924999952316284,3.927000045776367,3.9240000247955322,3.9260001182556152,3.927000045776367,3.927999973297119,3.9260001182556152
2025-07-21T21:02:10.0,19930.0,9.40999984741211,5.190546503114698,30.299999237060547,30.709999084472656,47.11733490495891,3.9049999713897705,3.9110000133514404,3.9119999408721924,3.9230000972747803,3.921999931335449,3.9240000247955322,3.927000045776367,3.9240000247955322,3.924999952316284,3.927000045776367,3.927000045776367,3.9260001182556152
2025-07-21T21:02:20.0,19940.0,25.45248193809403,5.222011783532567,30.299999237060547,30.709999084472656,47.27052403387625,3.9159998893737793,3.921999931335449,3.921999931335449,3.933000087738037,3.931999921798706,3.934000015258789,3.9260001182556152,3.9230000972747803,3.924999952316284,3.9260001182556152,3.927000045776367,3.9260001182556152
2025-07-21T21:02:30.0,19950.0,25.424519185015946,5.292417152386772,30.299999237060547,30.709999084472656,47.31366661919488,3.9179999828338623,3.9240000247955322,3.924999952316284,3.934999942779541,3.934000015258789,3.937000036239624,3.940000057220459,3.936000108718872,3.937999963760376,3.938999891281128,3.940000057220459,3.938999891281128
2025-07-21T21:02:40.0,19960.0,25.34000015258789,5.363118444126977,30.299999237060547,30.709999084472656,47.310001373291016,3.9200000762939453,3.9260001182556152,3.927000045776367,3.937000036239624,3.936000108718872,3.937999963760376,3.941999912261963,3.937999963760376,3.938999891281128,3.940999984741211,3.941999912261963,3.940000057220459
2025-07-21T21:02:50.0,19970.0,25.43000030517578,5.433343603055743,30.299999237060547,30.709999084472656,47.301469469386234,3.9210000038146973,3.9260001182556152,3.927000045776367,3.937000036239624,3.936000108718872,3.938999891281128,3.943000078201294,3.938999891281128,3.940000057220459,3.941999912261963,3.943000078201294,3.940999984741211
2025-07-21T21:03:00.0,19980.0,25.210908939635896,5.503906322741509,30.299999237060547,30.709999084472656,47.360626168344524,3.921999931335449,3.927999973297119,3.928999900817871,3.938999891281128,3.937999963760376,3.940999984741211,3.944000005722046,3.940000057220459,3.941999912261963,3.941999912261963,3.943000078201294,3.940999984741211
2025-07-21T21:03:10.0,19990.0,25.18000030517578,5.574047284871208,30.299999237060547,30.709999084472656,47.29999923706055,3.9230000972747803,3.927999973297119,3.928999900817871,3.938999891281128,3.937999963760376,3.940999984741211,3.944999933242798,3.940999984741211,3.941999912261963,3.944000005722046,3.944999933242798,3.943000078201294
2025-07-21T21:03:20.0,20000.0,28.549999237060547,5.646229316158296,30.299999237060547,30.709999084472656,47.43000030517578,3.9260001182556152,3.931999921798706,3.933000087738037,3.941999912261963,3.941999912261963,3.944000005722046,3.947999954223633,3.944000005722046,3.944999933242798,3.947000026702881,3.947999954223633,3.946000099182129
2025-07-21T21:03:30.0,20010.0,26.230464588738855,5.720572471924889,30.299999237060547,30.709999084472656,47.36002021490359,3.9260001182556152,3.930999994277954,3.931999921798706,3.941999912261963,3.940999984741211,3.944000005722046,3.947000026702881,3.943000078201294,3.944999933242798,3.946000099182129,3.947000026702881,3.944999933242798
2025-07-21T21:03:40.0,20020.0,26.229999542236328,5.793152300899294,30.299999237060547,30.709999084472656,47.349998474121094,3.927000045776367,3.931999921798706,3.933000087738037,3.943000078201294,3.941999912261963,3.944000005722046,3.947999954223633,3.944000005722046,3.944999933242798,3.947000026702881,3.947999954223633,3.946000099182129
2025-07-21T21:03:50.0,20030.0,26.040000915527344,5.865777337445154,30.299999237060547,30.709999084472656,47.29999923706055,3.927000045776367,3.931999921798706,3.933000087738037,3.943000078201294,3.941999912261963,3.944999933242798,3.9489998817443848,3.944000005722046,3.946000099182129,3.947000026702881,3.947999954223633,3.947000026702881
2025-07-21T21:04:00.0,20040.0,25.928974058113756,5.937931655731203,30.299999237060547,30.709999084472656,47.36235648563936,3.927999973297119,3.933000087738037,3.934000015258789,3.944000005722046,3.943000078201294,3.944999933242798,3.9489998817443848,3.944999933242798,3.946000099182129,3.947999954223633,3.9489998817443848,3.947000026702881
2025-07-21T21:04:10.0,20050.0,25.770000457763672,6.009930669289696,30.299999237060547,30.709999084472656,47.43000030517578,3.927999973297119,3.933000087738037,3.934000015258789,3.944000005722046,3.943000078201294,3.946000099182129,3.950000047683716,3.944999933242798,3.947000026702881,3.947999954223633,3.9489998817443848,3.947999954223633
2025-07-21T21:04:20.0,20060.0,34.400001525878906,6.082077639036179,30.299999237060547,30.709999084472656,47.529998779296875,3.928999900817871,3.934000015258789,3.934999942779541,3.944000005722046,3.943000078201294,3.946000099182129,3.950000047683716,3.944999933242798,3.947000026702881,3.9489998817443848,3.950000047683716,3.947999954223633
2025-07-21T21:04:30.0,20070.0,34.182373233870045,6.1768677698612215,30.299999237060547,30.709999084472656,47.53185589609577,3.936000108718872,3.940999984741211,3.941999912261963,3.9519999027252197,3.9509999752044678,3.9539999961853027,3.9579999446868896,3.953000068664551,3.9549999237060547,3.9560000896453857,3.9570000171661377,3.9560000896453857
2025-07-21T21:04:40.0,20080.0,33.93678852276214,6.27123155421469,30.299999237060547,30.709999084472656,47.5099983215332,3.937000036239624,3.941999912261963,3.943000078201294,3.9519999027252197,3.9519999027252197,3.9549999237060547,3.9590001106262207,3.9539999961853027,3.9549999237060547,3.9570000171661377,3.9579999446868896,3.9570000171661377
2025-07-21T21:04:50.0,20090.0,33.810001373291016,6.365471898780399,30.299999237060547,30.709999084472656,47.52000045776367,3.938999891281128,3.944000005722046,3.944999933242798,3.9539999961853027,3.953000068664551,3.9560000896453857,3.9600000381469727,3.9549999237060547,3.9570000171661377,3.9579999446868896,3.9600000381469727,3.9579999446868896
2025-07-21T21:05:00.0,20100.0,33.86000061035156,6.459770802755356,30.299999237060547,30.709999084472656,47.52000045776367,3.940000057220459,3.944999933242798,3.946000099182129,3.9549999237060547,3.9539999961853027,3.9570000171661377,3.9619998931884766,3.9560000896453857,3.9579999446868896,3.9600000381469727,3.9609999656677246,3.9590001106262207
2025-07-21T21:05:10.0,20110.0,34.060001373291016,6.553980109373729,30.28748593848024,30.706870859275227,47.599998474121094,3.940999984741211,3.946000099182129,3.947000026702881,3.9560000896453857,3.9549999237060547,3.9579999446868896,3.9619998931884766,3.9570000171661377,3.9590001106262207,3.9609999656677246,3.9619998931884766,3.9600000381469727
2025-07-21T21:05:20.0,20120.0,38.16221007054502,6.648406865840489,30.21085826805574,30.687714550656533,47.63176543495873,3.944999933242798,3.950000047683716,3.9509999752044678,3.9600000381469727,3.9590001106262207,3.9619998931884766,3.9670000076293945,3.9609999656677246,3.9630000591278076,3.9639999866485596,3.9660000801086426,3.9639999866485596
2025-07-21T21:05:30.0,20130.0,38.12025416505094,6.754125130538943,30.17613669798877,30.68000030517578,47.64361789352017,3.946000099182129,3.9509999752044678,3.9519999027252197,3.9609999656677246,3.9600000381469727,3.9630000591278076,3.9679999351501465,3.9619998931884766,3.9639999866485596,3.9660000801086426,3.9670000076293945,3.9649999141693115
2025-07-21T21:05:40.0,20140.0,38.209999084472656,6.860225875293946,30.170000076293945,30.68000030517578,47.70000076293945,3.947999954223633,3.9519999027252197,3.953000068664551,3.9619998931884766,3.9609999656677246,3.9639999866485596,3.9690001010894775,3.9630000591278076,3.9649999141693115,3.9670000076293945,3.9679999351501465,3.9660000801086426
2025-07-21T21:05:50.0,20150.0,37.63999938964844,6.966138981972803,30.170000076293945,30.68000030517578,47.689998626708984,3.9489998817443848,3.953000068664551,3.9539999961853027,3.9619998931884766,3.9619998931884766,3.9649999141693115,3.9690001010894775,3.9639999866485596,3.9660000801086426,3.9670000076293945,3.9690001010894775,3.9670000076293945
2025-07-21T21:06:00.0,20160.0,37.582993185365936,7.071152396874959,30.170000076293945,30.68000030517578,47.66999816894531,3.950000047683716,3.9539999961853027,3.9549999237060547,3.9639999866485596,3.9630000591278076,3.9660000801086426,3.9709999561309814,3.9649999141693115,3.9670000076293945,3.9690001010894775,3.9700000286102295,3.9679999351501465
2025-07-21T21:06:10.0,20170.0,38.599998474121094,7.178132253433866,30.170000076293945,30.68000030517578,47.70000076293945,3.9509999752044678,3.9549999237060547,3.9560000896453857,3.9649999141693115,3.9639999866485596,3.9670000076293945,3.9719998836517334,3.9660000801086426,3.9679999351501465,3.9700000286102295,3.9709999561309814,3.9690001010894775
2025-07-21T21:06:20.0,20180.0,39.369998931884766,7.285221920863259,30.170000076293945,30.68000030517578,47.75,3.9509999752044678,3.9560000896453857,3.9570000171661377,3.9660000801086426,3.9649999141693115,3.9679999351501465,3.9730000495910645,3.9670000076293945,3.9690001010894775,3.9700000286102295,3.9719998836517334,3.9700000286102295
2025-07-21T21:06:30.0,20190.0,36.70000076293945,7.389752557320069,30.170000076293945,30.68000030517578,47.63999938964844,3.9519999027252197,3.9560000896453857,3.9570000171661377,3.9660000801086426,3.9649999141693115,3.9679999351501465,3.9730000495910645,3.9670000076293945,3.9690001010894775,3.9700000286102295,3.9719998836517334,3.9700000286102295
2025-07-21T21:06:40.0,20200.0,38.09000015258789,7.493405579959024,30.170000076293945,30.68000030517578,47.709999084472656,3.9519999027252197,3.9560000896453857,3.9570000171661377,3.9660000801086426,3.9649999141693115,3.9679999351501465,3.9730000495910645,3.9670000076293945,3.9690001010894775,3.9709999561309814,3.9719998836517334,3.9700000286102295
2025-07-21T21:06:50.0,20210.0,36.62178322287227,7.59743775081105,30.170000076293945,30.68000030517578,47.68000030517578,3.953000068664551,3.9570000171661377,3.9579999446868896,3.9670000076293945,3.9660000801086426,3.9690001010894775,3.9739999771118164,3.9679999351501465,3.9700000286102295,3.9719998836517334,3.9730000495910645,3.9709999561309814
2025-07-21T21:07:00.0,20220.0,36.65999984741211,7.701760692005159,30.170000076293945,30.68000030517578,47.68000030517578,3.953000068664551,3.9579999446868896,3.9579999446868896,3.9670000076293945,3.9660000801086426,3.9700000286102295,3.9739999771118164,3.9690001010894775,3.9709999561309814,3.9719998836517334,3.9739999771118164,3.9719998836517334
2025-07-21T21:07:10.0,20230.0,36.25,7.803675961436168,30.170000076293945,30.68000030517578,47.720001220703125,3.9539999961853027,3.9579999446868896,3.9590001106262207,3.9679999351501465,3.9670000076293945,3.9709999561309814,3.9749999046325684,3.9690001010894775,3.9709999561309814,3.9730000495910645,3.9739999771118164,3.9719998836517334
2025-07-21T21:07:20.0,20240.0,38.5549279705329,7.905287581548693,30.170000076293945,30.68000030517578,47.79999923706055,3.9549999237060547,3.9619998931884766,3.9630000591278076,3.9679999351501465,3.9679999351501465,3.9709999561309814,3.9749999046325684,3.9700000286102295,3.9719998836517334,3.9730000495910645,3.9749999046325684,3.9730000495910645
2025-07-21T21:07:30.0,20250.0,37.81999969482422,8.018845799809563,30.170000076293945,30.68000030517578,47.709999084472656,3.9579999446868896,3.9619998931884766,3.9630000591278076,3.9709999561309814,3.9700000286102295,3.9739999771118164,3.9779999256134033,3.9719998836517334,3.9739999771118164,3.9760000705718994,3.9769999980926514,3.9749999046325684
2025-07-21T21:07:40.0,20260.0,38.4900016784668,8.12474330391778,30.170000076293945,30.68000030517578,47.779998779296875,3.9570000171661377,3.9609999656677246,3.9619998931884766,3.9709999561309814,3.9700000286102295,3.9730000495910645,3.9779999256134033,3.9719998836517334,3.9739999771118164,3.9760000705718994,3.9769999980926514,3.9749999046325684
2025-07-21T21:07:50.0,20270.0,37.20053017560163,8.22945935842514,30.170000076293945,30.684213593070165,47.7400016784668,3.9570000171661377,3.9619998931884766,3.9619998931884766,3.9709999561309814,3.9700000286102295,3.9730000495910645,3.9779999256134033,3.9719998836517334,3.9739999771118164,3.9760000705718994,3.9769999980926514,3.9749999046325684
2025-07-21T21:08:00.0,20280.0,36.65999984741211,8.332474950326285,30.170000076293945,30.690000534057617,47.72999954223633,3.9579999446868896,3.9619998931884766,3.9630000591278076,3.9719998836517334,3.9709999561309814,3.9739999771118164,3.9790000915527344,3.9719998836517334,3.9749999046325684,3.9769999980926514,3.9779999256134033,3.9760000705718994
2025-07-21T21:08:10.0,20290.0,38.41999816894531,8.436141389476989,30.170000076293945,30.690000534057617,47.77000045776367,3.9579999446868896,3.9619998931884766,3.9639999866485596,3.9709999561309814,3.9709999561309814,3.9739999771118164,3.9790000915527344,3.9730000495910645,3.9749999046325684,3.9769999980926514,3.9779999256134033,3.9760000705718994
2025-07-21T21:08:20.0,20300.0,36.209999084472656,8.5392656552177,30.170000076293945,30.690000534057617,47.77000045776367,3.9579999446868896,3.9619998931884766,3.9630000591278076,3.9719998836517334,3.9709999561309814,3.9739999771118164,3.9790000915527344,3.9730000495910645,3.9749999046325684,3.9769999980926514,3.9779999256134033,3.9760000705718994
2025-07-21T21:08:30.0,20310.0,43.790219623995114,8.65194346286032,30.170000076293945,30.690000534057617,47.88430295347142,3.9649999141693115,3.9690001010894775,3.9700000286102295,3.9779999256134033,3.9779999256134033,3.9809999465942383,3.9860000610351562,3.9790000915527344,3.9820001125335693,3.9839999675750732,3.984999895095825,3.9830000400543213
2025-07-21T21:08:40.0,20320.0,42.02464605593212,8.772013785585827,30.176410512485816,30.690000534057617,47.88966171958232,3.9649999141693115,3.9690001010894775,3.9700000286102295,3.9779999256134033,3.9769999980926514,3.9809999465942383,3.9860000610351562,3.9790000915527344,3.9820001125335693,3.9830000400543213,3.984999895095825,3.9830000400543213
2025-07-21T21:08:50.0,20330.0,41.83000183105469,8.888438285262849,30.18000030517578,30.69286753802969,47.849998474121094,3.9649999141693115,3.9690001010894775,3.9700000286102295,3.9779999256134033,3.9779999256134033,3.9809999465942383,3.9860000610351562,3.9800000190734863,3.9820001125335693,3.9839999675750732,3.984999895095825,3.9830000400543213
2025-07-21T21:09:00.0,20340.0,41.02000045776367,9.003339307600656,30.18000030517578,30.699336409807838,47.880001068115234,3.9660000801086426,3.9700000286102295,3.9709999561309814,3.9790000915527344,3.9779999256134033,3.9820001125335693,3.986999988555908,3.9800000190734863,3.9820001125335693,3.9839999675750732,3.9860000610351562,3.9839999675750732
2025-07-21T21:09:10.0,20350.0,41.20058842827268,9.117484793980918,30.18000030517578,30.700000762939453,47.8871365790274,3.9660000801086426,3.9700000286102295,3.9709999561309814,3.9790000915527344,3.9790000915527344,3.9820001125335693,3.986999988555908,3.9809999465942383,3.9830000400543213,3.984999895095825,3.9860000610351562,3.9839999675750732
2025-07-21T21:09:20.0,20360.0,30.68000030517578,9.229618471684987,30.18000030517578,30.700000762939453,47.380001068115234,3.9670000076293945,3.9700000286102295,3.9719998836517334,3.9790000915527344,3.9790000915527344,3.9820001125335693,3.986999988555908,3.9809999465942383,3.9830000400543213,3.984999895095825,3.9860000610351562,3.9839999675750732
2025-07-21T21:09:30.0,20370.0,0.02476623321267632,9.272245708218758,30.18000030517578,30.700000762939453,47.296308444334834,3.934000015258789,3.938999891281128,3.940000057220459,3.9489998817443848,3.9489998817443848,3.9509999752044678,3.953000068664551,3.950000047683716,3.9519999027252197,3.9539999961853027,3.9539999961853027,3.9519999027252197
2025-07-21T21:09:40.0,20380.0,-0.009999999776482582,9.272267980440484,30.18000030517578,30.700000762939453,47.2400016784668,3.930999994277954,3.934999942779541,3.936000108718872,3.946000099182129,3.944999933242798,3.947999954223633,3.950000047683716,3.947000026702881,3.9489998817443848,3.950000047683716,3.950000047683716,3.9489998817443848
2025-07-21T21:09:50.0,20390.0,-0.0,9.272260822107311,30.17843624889164,30.701564520910363,47.189998626708984,3.9260001182556152,3.930999994277954,3.931999921798706,3.941999912261963,3.940000057220459,3.943000078201294,3.944999933242798,3.941999912261963,3.944000005722046,3.944999933242798,3.946000099182129,3.944000005722046
2025-07-21T21:10:00.0,20400.0,0.005214285597733634,9.27227362766258,30.172034053704802,30.70796549500332,47.156478671147646,3.9240000247955322,3.928999900817871,3.928999900817871,3.938999891281128,3.937999963760376,3.940999984741211,3.943000078201294,3.940000057220459,3.941999912261963,3.944000005722046,3.944000005722046,3.941999912261963
2025-07-21T21:10:10.0,20410.0,0.009999999776482582,9.272286913773394,30.16560937091037,30.709999084472656,47.13999938964844,3.9210000038146973,3.9260001182556152,3.927000045776367,3.937999963760376,3.936000108718872,3.938999891281128,3.940999984741211,3.937999963760376,3.940000057220459,3.941999912261963,3.941999912261963,3.940999984741211
2025-07-21T21:10:20.0,20420.0,0.009999999776482582,9.272314691550552,30.158347523696026,30.709999084472656,47.13999938964844,3.9200000762939453,3.924999952316284,3.924999952316284,3.936000108718872,3.934999942779541,3.937000036239624,3.938999891281128,3.936000108718872,3.937999963760376,3.940000057220459,3.940000057220459,3.938999891281128
2025-07-21T21:10:30.0,20430.0,0.019999999552965164,9.272350283216422,30.145468928870738,30.709999084472656,47.09000015258789,3.9200000762939453,3.924999952316284,3.924999952316284,3.934999942779541,3.934000015258789,3.936000108718872,3.937999963760376,3.936000108718872,3.937000036239624,3.938999891281128,3.938999891281128,3.937000036239624
2025-07-21T21:10:40.0,20440.0,0.015499999653555089,9.272405838770736,30.136290324033247,30.7062907262894,47.06999969482422,3.9170000553131104,3.921999931335449,3.9230000972747803,3.933000087738037,3.931999921798706,3.934000015258789,3.936000108718872,3.934000015258789,3.934999942779541,3.937000036239624,3.937000036239624,3.936000108718872
2025-07-21T21:10:50.0,20450.0,0.0029999999329567025,9.272414822103869,30.129686501731754,30.700000762939453,47.060001373291016,3.9159998893737793,3.9210000038146973,3.921999931335449,3.931999921798706,3.930999994277954,3.933000087738037,3.934999942779541,3.931999921798706,3.934000015258789,3.936000108718872,3.936000108718872,3.934000015258789
2025-07-21T21:11:00.0,20460.0,0.019999999552965164,9.272460783213953,30.116766706903253,30.700000762939453,47.04999923706055,3.9149999618530273,3.9200000762939453,3.9200000762939453,3.930999994277954,3.928999900817871,3.931999921798706,3.934000015258789,3.930999994277954,3.933000087738037,3.934999942779541,3.934999942779541,3.933000087738037
2025-07-21T21:11:10.0,20470.0,-0.0,9.27248476654675,30.10693357299392,30.700000762939453,47.04999923706055,3.9140000343322754,3.9189999103546143,3.9200000762939453,3.930000066757202,3.928999900817871,3.930999994277954,3.933000087738037,3.930999994277954,3.931999921798706,3.934000015258789,3.934000015258789,3.931999921798706
2025-07-21T21:11:20.0,20480.0,-0.0,9.272497572102019,30.100494275581276,30.700000762939453,47.029998779296875,3.9130001068115234,3.9179999828338623,3.9189999103546143,3.928999900817871,3.927999973297119,3.930000066757202,3.933000087738037,3.930000066757202,3.931999921798706,3.933000087738037,3.934000015258789,3.931999921798706
2025-07-21T21:11:30.0,20490.0,0.029999999329447746,9.272523847101432,30.08811722660924,30.700000762939453,47.02000045776367,3.9119999408721924,3.9179999828338623,3.9179999828338623,3.928999900817871,3.927000045776367,3.928999900817871,3.930999994277954,3.928999900817871,3.930999994277954,3.931999921798706,3.931999921798706,3.930999994277954
2025-07-21T21:11:40.0,20500.0,-0.008130718772510833,9.27255164710081,30.075200905414764,30.69760125379381,47.02000045776367,3.9110000133514404,3.9170000553131104,3.9170000553131104,3.927999973297119,3.9260001182556152,3.927999973297119,3.930999994277954,3.927999973297119,3.930000066757202,3.930999994277954,3.930999994277954,3.930000066757202
2025-07-21T21:11:50.0,20510.0,0.03999999910593033,9.272583605433429,30.062206000753815,30.69110380146333,47.0,3.9110000133514404,3.9159998893737793,3.9170000553131104,3.927000045776367,3.9260001182556152,3.927999973297119,3.930000066757202,3.927999973297119,3.928999900817871,3.930999994277954,3.930999994277954,3.928999900817871
2025-07-21T21:12:00.0,20520.0,-0.0,9.272633849876751,30.05463282727548,30.690000534057617,46.9900016784668,3.9100000858306885,3.9159998893737793,3.9159998893737793,3.927000045776367,3.924999952316284,3.927000045776367,3.928999900817871,3.927000045776367,3.928999900817871,3.930000066757202,3.930000066757202,3.928999900817871
2025-07-21T21:12:10.0,20530.0,0.005409090788176924,9.272633849876751,30.046318952781167,30.690000534057617,46.9900016784668,3.9100000858306885,3.9159998893737793,3.9159998893737793,3.927000045776367,3.924999952316284,3.927000045776367,3.928999900817871,3.927000045776367,3.928999900817871,3.930000066757202,3.930000066757202,3.928999900817871
2025-07-21T21:12:20.0,20540.0,0.019999999552965164,9.272659838765058,30.033323598687307,30.690000534057617,46.97999954223633,3.9089999198913574,3.9149999618530273,3.9149999618530273,3.9260001182556152,3.924999952316284,3.9260001182556152,3.927999973297119,3.9260001182556152,3.927999973297119,3.928999900817871,3.928999900817871,3.927999973297119
2025-07-21T21:12:30.0,20550.0,-0.0,9.272692599875437,30.020415148517046,30.685207764993386,46.970001220703125,3.9089999198913574,3.9140000343322754,3.9149999618530273,3.9260001182556152,3.9240000247955322,3.9260001182556152,3.927999973297119,3.9260001182556152,3.927000045776367,3.928999900817871,3.928999900817871,3.927000045776367
2025-07-21T21:12:40.0,20560.0,-0.0,9.272717933208204,30.008768391286797,30.68000030517578,46.970001220703125,3.9079999923706055,3.9140000343322754,3.9140000343322754,3.924999952316284,3.9240000247955322,3.924999952316284,3.927999973297119,3.924999952316284,3.927000045776367,3.927999973297119,3.927999973297119,3.927000045776367
2025-07-21T21:12:50.0,20570.0,0.014499999675892657,9.272758302651747,30.002329093874152,30.68000030517578,46.959999084472656,3.9079999923706055,3.9130001068115234,3.9140000343322754,3.924999952316284,3.9230000972747803,3.924999952316284,3.927000045776367,3.924999952316284,3.927000045776367,3.927999973297119,3.927999973297119,3.9260001182556152
2025-07-21T21:13:00.0,20580.0,0.019999999552965164,9.272804338761828,29.995918965478374,30.675919270654155,46.959999084472656,3.9079999923706055,3.9130001068115234,3.9130001068115234,3.924999952316284,3.9230000972747803,3.924999952316284,3.927000045776367,3.924999952316284,3.9260001182556152,3.927999973297119,3.927999973297119,3.9260001182556152
2025-07-21T21:13:10.0,20590.0,0.019999999552965164,9.27283422765005,29.989035486539827,30.670000076293945,46.959999084472656,3.9070000648498535,3.9130001068115234,3.9130001068115234,3.9240000247955322,3.921999931335449,3.9240000247955322,3.927000045776367,3.924999952316284,3.9260001182556152,3.927000045776367,3.927000045776367,3.9260001182556152
2025-07-21T21:13:20.0,20600.0,-0.003227272655139386,9.272855480427351,29.9760397375056,30.670000076293945,46.95000076293945,3.9070000648498535,3.9130001068115234,3.9130001068115234,3.9240000247955322,3.921999931335449,3.9240000247955322,3.9260001182556152,3.9240000247955322,3.9260001182556152,3.927000045776367,3.927000045776367,3.9260001182556152
2025-07-21T21:13:30.0,20610.0,0.039516338986018223,9.272876727649098,29.966552779451757,30.66655354239121,46.941992559061426,3.9070000648498535,3.9119999408721924,3.9119999408721924,3.9230000972747803,3.921999931335449,3.9240000247955322,3.9260001182556152,3.9230000972747803,3.924999952316284,3.927000045776367,3.927000045776367,3.924999952316284
2025-07-21T21:13:40.0,20620.0,0.019999999552965164,9.272923727648049,29.96011306737639,30.660113830315844,46.939998626708984,3.9059998989105225,3.9119999408721924,3.9119999408721924,3.9230000972747803,3.921999931335449,3.9230000972747803,3.9260001182556152,3.9230000972747803,3.924999952316284,3.9260001182556152,3.9260001182556152,3.924999952316284
2025-07-21T21:13:50.0,20630.0,-0.0,9.272931599870095,29.953650441135835,30.65999984741211,46.939998626708984,3.9059998989105225,3.9119999408721924,3.9119999408721924,3.9230000972747803,3.9210000038146973,3.9230000972747803,3.924999952316284,3.9230000972747803,3.924999952316284,3.9260001182556152,3.9260001182556152,3.924999952316284
2025-07-21T21:14:00.0,20640.0,-0.0,9.272931599870095,29.947195930702172,30.65999984741211,46.93000030517578,3.9059998989105225,3.9119999408721924,3.9119999408721924,3.9230000972747803,3.9210000038146973,3.9230000972747803,3.924999952316284,3.9230000972747803,3.924999952316284,3.9260001182556152,3.9260001182556152,3.924999952316284
2025-07-21T21:14:10.0,20650.0,0.003337662263076399,9.272955838758442,29.94075248425769,30.65999984741211,46.939998626708984,3.9059998989105225,3.9110000133514404,3.9119999408721924,3.9230000972747803,3.9210000038146973,3.9230000972747803,3.924999952316284,3.9230000972747803,3.924999952316284,3.9260001182556152,3.9260001182556152,3.9240000247955322
2025-07-21T21:14:20.0,20660.0,0.009129869925813841,9.272981683202309,29.928610202437596,30.6543046816021,46.93000030517578,3.9049999713897705,3.9110000133514404,3.9110000133514404,3.921999931335449,3.9210000038146973,3.921999931335449,3.924999952316284,3.921999931335449,3.9240000247955322,3.924999952316284,3.924999952316284,3.9240000247955322
2025-07-21T21:14:30.0,20670.0,-0.0,9.272994488757579,29.917859056992718,30.647858599229046,46.92418154417164,3.9049999713897705,3.9110000133514404,3.9110000133514404,3.921999931335449,3.9210000038146973,3.921999931335449,3.9240000247955322,3.921999931335449,3.9240000247955322,3.924999952316284,3.924999952316284,3.9240000247955322
2025-07-21T21:14:40.0,20680.0,0.019999999552965164,9.273000144313007,29.911416025692006,30.641415567928334,46.92004393035291,3.9049999713897705,3.9110000133514404,3.9110000133514404,3.921999931335449,3.9200000762939453,3.921999931335449,3.9240000247955322,3.921999931335449,3.9240000247955322,3.924999952316284,3.924999952316284,3.9230000972747803
2025-07-21T21:14:50.0,20690.0,0.019999999552965164,9.27305569986732,29.90496585904279,30.639999389648438,46.91999816894531,3.9049999713897705,3.9100000858306885,3.9110000133514404,3.921999931335449,3.9200000762939453,3.921999931335449,3.9240000247955322,3.921999931335449,3.9240000247955322,3.924999952316284,3.924999952316284,3.9230000972747803
2025-07-21T21:15:00.0,20700.0,-0.0,9.27308329431115,29.898530928579707,30.63853069969787,46.91999816894531,3.9049999713897705,3.9100000858306885,3.9110000133514404,3.921999931335449,3.9200000762939453,3.921999931335449,3.9240000247955322,3.921999931335449,3.9230000972747803,3.924999952316284,3.924999952316284,3.9230000972747803
2025-07-21T21:15:10.0,20710.0,-0.0021688311203694154,9.273094452644234,29.89215363830368,30.632153409421843,46.90999984741211,3.9049999713897705,3.9100000858306885,3.9100000858306885,3.921999931335449,3.9200000762939453,3.9210000038146973,3.9240000247955322,3.921999931335449,3.9230000972747803,3.9240000247955322,3.9240000247955322,3.9230000972747803
2025-07-21T21:15:20.0,20720.0,-0.0,9.273125183199102,29.88573501231213,30.625735596777105,46.90999984741211,3.9040000438690186,3.9100000858306885,3.9100000858306885,3.9210000038146973,3.9200000762939453,3.9210000038146973,3.9230000972747803,3.9210000038146973,3.9230000972747803,3.9240000247955322,3.9240000247955322,3.9230000972747803
2025-07-21T21:15:30.0,20730.0,0.019999999552965164,9.273138144309923,29.8799991607666,30.6200008392334,46.90999984741211,3.9040000438690186,3.9100000858306885,3.9100000858306885,3.9210000038146973,3.9189999103546143,3.9210000038146973,3.9230000972747803,3.9210000038146973,3.9230000972747803,3.9240000247955322,3.9240000247955322,3.921999931335449
2025-07-21T21:15:40.0,20740.0,-0.0,9.273179072086787,29.8799991607666,30.6200008392334,46.90544505649142,3.9040000438690186,3.9100000858306885,3.9100000858306885,3.9210000038146973,3.9189999103546143,3.9210000038146973,3.9230000972747803,3.9210000038146973,3.9230000972747803,3.9240000247955322,3.9240000247955322,3.921999931335449
2025-07-21T21:15:50.0,20750.0,-0.0,9.273179072086787,29.87277717454622,30.616389501727106,46.90999984741211,3.9040000438690186,3.9089999198913574,3.9089999198913574,3.9210000038146973,3.9189999103546143,3.9210000038146973,3.9230000972747803,3.9210000038146973,3.921999931335449,3.9240000247955322,3.9230000972747803,3.921999931335449
2025-07-21T21:16:00.0,20760.0,0.009999999776482582,9.273218302641466,29.859921253696566,30.609921253696566,46.900001525878906,3.9040000438690186,3.9089999198913574,3.9089999198913574,3.9210000038146973,3.9189999103546143,3.9210000038146973,3.9230000972747803,3.9210000038146973,3.921999931335449,3.9230000972747803,3.9230000972747803,3.921999931335449
2025-07-21T21:16:10.0,20770.0,0.029999999329447746,9.273229766530097,29.853469493127637,30.603469493127637,46.890824777108655,3.9030001163482666,3.9089999198913574,3.9089999198913574,3.9210000038146973,3.9189999103546143,3.9200000762939453,3.921999931335449,3.9210000038146973,3.921999931335449,3.9230000972747803,3.9230000972747803,3.921999931335449
2025-07-21T21:16:20.0,20780.0,0.009999999776482582,9.273261555418276,29.850000381469727,30.60297918676101,47.13259260004168,3.9030001163482666,3.9089999198913574,3.9089999198913574,3.9200000762939453,3.9189999103546143,3.9200000762939453,3.921999931335449,3.9200000762939453,3.921999931335449,3.9230000972747803,3.9230000972747803,3.921999931335449
2025-07-21T21:16:30.0,20790.0,29.010000228881836,9.333820833720221,29.850000381469727,30.60942263320549,47.29999923706055,3.928999900817871,3.934000015258789,3.934000015258789,3.944000005722046,3.943000078201294,3.944999933242798,3.9489998817443848,3.944000005722046,3.946000099182129,3.947000026702881,3.947999954223633,3.946000099182129
2025-07-21T21:16:40.0,20800.0,27.920000076293945,9.41363500835007,29.850000381469727,30.610000610351562,47.33000183105469,3.930999994277954,3.936000108718872,3.936000108718872,3.946000099182129,3.944999933242798,3.947000026702881,3.9509999752044678,3.947000026702881,3.9489998817443848,3.950000047683716,3.9509999752044678,3.9489998817443848
2025-07-21T21:16:50.0,20810.0,27.639999389648438,9.49218544122655,29.850000381469727,30.610000610351562,47.40271824812436,3.931999921798706,3.937000036239624,3.937999963760376,3.947000026702881,3.946000099182129,3.947999954223633,3.9519999027252197,3.947000026702881,3.9489998817443848,3.9509999752044678,3.9509999752044678,3.950000047683716
2025-07-21T21:17:00.0,20820.0,27.98549080643069,9.567935166898955,29.850000381469727,30.610000610351562,47.388773212185114,3.934999942779541,3.940000057220459,3.940999984741211,3.950000047683716,3.9489998817443848,3.9509999752044678,3.9549999237060547,3.9509999752044678,3.953000068664551,3.9539999961853027,3.9549999237060547,3.953000068664551
2025-07-21T21:17:10.0,20830.0,27.110719325495964,9.6444246207959,29.850000381469727,30.610000610351562,47.41380385604561,3.937000036239624,3.941999912261963,3.943000078201294,3.9519999027252197,3.9509999752044678,3.953000068664551,3.9570000171661377,3.9519999027252197,3.9549999237060547,3.9560000896453857,3.9570000171661377,3.9549999237060547
2025-07-21T21:17:20.0,20840.0,26.989999771118164,9.720224624132703,29.850000381469727,30.60494959268373,47.400001525878906,3.938999891281128,3.944000005722046,3.944999933242798,3.953000068664551,3.953000068664551,3.9549999237060547,3.9590001106262207,3.9539999961853027,3.9560000896453857,3.9570000171661377,3.9570000171661377,3.9560000896453857
2025-07-21T21:17:30.0,20850.0,33.279998779296875,9.808131392329125,29.850000381469727,30.585619253350284,47.58000183105469,3.946000099182129,3.9509999752044678,3.9509999752044678,3.9600000381469727,3.9590001106262207,3.9609999656677246,3.9660000801086426,3.9609999656677246,3.9630000591278076,3.9639999866485596,3.9649999141693115,3.9630000591278076
2025-07-21T21:17:40.0,20860.0,32.04714392618586,9.899029331009775,29.850000381469727,30.579999923706055,47.540000915527344,3.946000099182129,3.950000047683716,3.9509999752044678,3.9600000381469727,3.9590001106262207,3.9619998931884766,3.9660000801086426,3.9609999656677246,3.9630000591278076,3.9639999866485596,3.9649999141693115,3.9630000591278076
2025-07-21T21:17:50.0,20870.0,29.979999542236328,9.982901530555742,29.851019781381016,30.579999923706055,47.60487001817003,3.946000099182129,3.950000047683716,3.9509999752044678,3.9600000381469727,3.9590001106262207,3.9609999656677246,3.9660000801086426,3.9609999656677246,3.9630000591278076,3.9639999866485596,3.9649999141693115,3.9630000591278076
2025-07-21T21:18:00.0,20880.0,28.670000076293945,10.064115300192427,29.85750039111586,30.579999923706055,47.5,3.946000099182129,3.9509999752044678,3.9509999752044678,3.9609999656677246,3.9600000381469727,3.9619998931884766,3.9660000801086426,3.9609999656677246,3.9639999866485596,3.9649999141693115,3.9660000801086426,3.9639999866485596
2025-07-21T21:18:10.0,20890.0,28.18672047404509,10.143890729703497,29.860000610351562,30.579999923706055,47.539208689602916,3.947000026702881,3.9519999027252197,3.9519999027252197,3.9609999656677246,3.9600000381469727,3.9630000591278076,3.9670000076293945,3.9619998931884766,3.9639999866485596,3.9649999141693115,3.9660000801086426,3.9639999866485596
2025-07-21T21:18:20.0,20900.0,28.709999084472656,10.222876970518552,29.860000610351562,30.579598755477246,47.56842484338483,3.947999954223633,3.9519999027252197,3.953000068664551,3.9619998931884766,3.9609999656677246,3.9630000591278076,3.9670000076293945,3.9619998931884766,3.9649999141693115,3.9660000801086426,3.9670000076293945,3.9649999141693115
2025-07-21T21:18:30.0,20910.0,36.619998931884766,10.319255642087318,29.860000610351562,30.573159458064602,47.68000030517578,3.9560000896453857,3.9600000381469727,3.9609999656677246,3.9690001010894775,3.9679999351501465,3.9709999561309814,3.9760000705718994,3.9700000286102295,3.9719998836517334,3.9739999771118164,3.9749999046325684,3.9730000495910645
2025-07-21T21:18:40.0,20920.0,36.619998931884766,10.420977861342555,29.860000610351562,30.56999969482422,47.68000030517578,3.9570000171661377,3.9609999656677246,3.9609999656677246,3.9700000286102295,3.9690001010894775,3.9719998836517334,3.9769999980926514,3.9709999561309814,3.9730000495910645,3.9749999046325684,3.9749999046325684,3.9739999771118164
2025-07-21T21:18:50.0,20930.0,35.279998779296875,10.519862244418057,29.860000610351562,30.56999969482422,47.66999816894531,3.9570000171661377,3.9619998931884766,3.9619998931884766,3.9709999561309814,3.9700000286102295,3.9730000495910645,3.9769999980926514,3.9719998836517334,3.9739999771118164,3.9749999046325684,3.9769999980926514,3.9749999046325684
2025-07-21T21:19:00.0,20940.0,35.08000183105469,10.61865640974958,29.860000610351562,30.56999969482422,47.72999954223633,3.9590001106262207,3.9630000591278076,3.9630000591278076,3.9719998836517334,3.9709999561309814,3.9739999771118164,3.9790000915527344,3.9730000495910645,3.9749999046325684,3.9760000705718994,3.9769999980926514,3.9760000705718994
2025-07-21T21:19:10.0,20950.0,34.4900016784668,10.715236057348907,29.862667122994697,30.56999969482422,47.72999954223633,3.9590001106262207,3.9630000591278076,3.9639999866485596,3.9719998836517334,3.9719998836517334,3.9749999046325684,3.9790000915527344,3.9730000495910645,3.9749999046325684,3.9769999980926514,3.9779999256134033,3.9760000705718994
2025-07-21T21:19:20.0,20960.0,34.939998626708984,10.811487489833427,29.869118883563626,30.56999969482422,47.709999084472656,3.9600000381469727,3.9639999866485596,3.9649999141693115,3.9730000495910645,3.9719998836517334,3.9749999046325684,3.9800000190734863,3.9739999771118164,3.9760000705718994,3.9779999256134033,3.9790000915527344,3.9769999980926514
2025-07-21T21:19:30.0,20970.0,37.08000183105469,10.911788273199523,29.8700008392334,30.56999969482422,47.779998779296875,3.9630000591278076,3.9670000076293945,3.9679999351501465,3.9760000705718994,3.9749999046325684,3.9779999256134033,3.9830000400543213,3.9769999980926514,3.9790000915527344,3.9809999465942383,3.9820001125335693,3.9800000190734863
2025-07-21T21:19:40.0,20980.0,35.73511710897837,11.013772478979552,29.8700008392334,30.56999969482422,47.77000045776367,3.9630000591278076,3.9670000076293945,3.9679999351501465,3.9760000705718994,3.9749999046325684,3.9779999256134033,3.9830000400543213,3.9769999980926514,3.9790000915527344,3.9809999465942383,3.9820001125335693,3.9800000190734863
2025-07-21T21:19:50.0,20990.0,34.7400016784668,11.111016409186911,29.8700008392334,30.56999969482422,47.7599983215332,3.9630000591278076,3.9670000076293945,3.9679999351501465,3.9760000705718994,3.9749999046325684,3.9779999256134033,3.9830000400543213,3.9769999980926514,3.9790000915527344,3.9809999465942383,3.9820001125335693,3.9800000190734863
2025-07-21T21:20:00.0,21000.0,34.38999938964844,11.207188146547335,29.874937186710575,30.56999969482422,47.7599983215332,3.9639999866485596,3.9679999351501465,3.9679999351501465,3.9769999980926514,3.9760000705718994,3.9790000915527344,3.9830000400543213,3.9779999256134033,3.9800000190734863,3.9809999465942383,3.9830000400543213,3.9809999465942383
2025-07-21T21:20:10.0,21010.0,34.00109223047893,11.3021958474081,29.8799991607666,30.56999969482422,47.76911519686381,3.9639999866485596,3.9679999351501465,3.9690001010894775,3.9769999980926514,3.9760000705718994,3.9790000915527344,3.9839999675750732,3.9779999256134033,3.9800000190734863,3.9820001125335693,3.9830000400543213,3.9809999465942383
2025-07-21T21:20:20.0,21020.0,33.860252585968325,11.396518110202807,29.8799991607666,30.56999969482422,47.762745661549744,3.9639999866485596,3.9679999351501465,3.9690001010894775,3.9769999980926514,3.9769999980926514,3.9800000190734863,3.9839999675750732,3.9779999256134033,3.9809999465942383,3.9820001125335693,3.9839999675750732,3.9820001125335693
2025-07-21T21:20:30.0,21030.0,37.150001525878906,11.493243696024807,29.88431264430553,30.56999969482422,47.84000015258789,3.9649999141693115,3.9679999351501465,3.9690001010894775,3.9779999256134033,3.9769999980926514,3.9800000190734863,3.9839999675750732,3.9779999256134033,3.9809999465942383,3.984999895095825,3.986999988555908,3.984999895095825
2025-07-21T21:20:40.0,21040.0,35.11000061035156,11.593463969951861,29.889999389648438,30.56999969482422,47.79999923706055,3.9670000076293945,3.9709999561309814,3.9719998836517334,3.9800000190734863,3.9790000915527344,3.9820001125335693,3.986999988555908,3.9809999465942383,3.9830000400543213,3.984999895095825,3.9860000610351562,3.9839999675750732
2025-07-21T21:20:50.0,21050.0,34.15145317424429,11.690434841897348,29.889999389648438,30.56999969482422,47.80400919031215,3.9670000076293945,3.9709999561309814,3.9709999561309814,3.9800000190734863,3.9790000915527344,3.9820001125335693,3.986999988555908,3.9809999465942383,3.9830000400543213,3.984999895095825,3.9860000610351562,3.9839999675750732
2025-07-21T21:21:00.0,21060.0,33.56682371002384,11.784986702274342,29.893656006328193,30.573656311503974,47.78254643192997,3.9670000076293945,3.9709999561309814,3.9719998836517334,3.9800000190734863,3.9790000915527344,3.9820001125335693,3.986999988555908,3.9809999465942383,3.9830000400543213,3.984999895095825,3.9860000610351562,3.9839999675750732
2025-07-21T21:21:10.0,21070.0,32.939998626708984,11.877488549160022,29.899999618530273,30.579999923706055,47.790000915527344,3.9670000076293945,3.9709999561309814,3.9719998836517334,3.9800000190734863,3.9790000915527344,3.9820001125335693,3.986999988555908,3.9809999465942383,3.9830000400543213,3.984999895095825,3.9860000610351562,3.9839999675750732
2025-07-21T21:21:20.0,21080.0,32.91999816894531,11.968989723706372,29.899999618530273,30.579999923706055,47.790000915527344,3.9670000076293945,3.9709999561309814,3.9719998836517334,3.9800000190734863,3.9790000915527344,3.9820001125335693,3.986999988555908,3.9809999465942383,3.9830000400543213,3.984999895095825,3.9860000610351562,3.9839999675750732
2025-07-21T21:21:30.0,21090.0,35.54999923706055,12.066035524569212,29.90302138622987,30.579999923706055,47.86000061035156,3.9670000076293945,3.9709999561309814,3.9719998836517334,3.9830000400543213,3.9820001125335693,3.9860000610351562,3.990000009536743,3.9839999675750732,3.986999988555908,3.98799991607666,3.990000009536743,3.986999988555908
2025-07-21T21:21:40.0,21100.0,33.5384013366703,12.162600273164768,29.90946026903319,30.579999923706055,47.810001373291016,3.9690001010894775,3.9730000495910645,3.9739999771118164,3.9820001125335693,3.9809999465942383,3.984999895095825,3.989000082015991,3.9830000400543213,3.9860000610351562,3.986999988555908,3.989000082015991,3.986999988555908
2025-07-21T21:21:50.0,21110.0,32.38999938964844,12.254228920167943,29.90999984741211,30.579999923706055,47.810001373291016,3.9679999351501465,3.9719998836517334,3.9730000495910645,3.9809999465942383,3.9809999465942383,3.9839999675750732,3.98799991607666,3.9820001125335693,3.984999895095825,3.986999988555908,3.98799991607666,3.9860000610351562
2025-07-21T21:22:00.0,21120.0,31.979999542236328,12.343653247173753,29.91235276643709,30.579999923706055,47.81070928364775,3.9679999351501465,3.9719998836517334,3.9730000495910645,3.9820001125335693,3.9809999465942383,3.9839999675750732,3.98799991607666,3.9830000400543213,3.984999895095825,3.986999988555908,3.98799991607666,3.9860000610351562
2025-07-21T21:22:10.0,21130.0,31.739999771118164,12.432329768476611,29.91881327995982,30.579999923706055,47.79999923706055,3.9679999351501465,3.9719998836517334,3.9730000495910645,3.9809999465942383,3.9809999465942383,3.9839999675750732,3.98799991607666,3.9830000400543213,3.984999895095825,3.986999988555908,3.98799991607666,3.9860000610351562
2025-07-21T21:22:20.0,21140.0,31.530000686645508,12.520423926490274,29.920000076293945,30.585263100260693,47.81999969482422,3.9690001010894775,3.9719998836517334,3.9730000495910645,3.9820001125335693,3.9809999465942383,3.9839999675750732,3.989000082015991,3.9830000400543213,3.984999895095825,3.986999988555908,3.98799991607666,3.9860000610351562
2025-07-21T21:22:30.0,21150.0,36.32646650586822,12.610858649532126,29.920000076293945,30.59000015258789,47.887512794098306,3.9730000495910645,3.9760000705718994,3.9769999980926514,3.9860000610351562,3.984999895095825,3.98799991607666,3.993000030517578,3.986999988555908,3.989000082015991,3.986999988555908,3.98799991607666,3.9860000610351562
2025-07-21T21:22:40.0,21160.0,33.97573831346303,12.709361469222829,29.920000076293945,30.59000015258789,47.867595677590685,3.9719998836517334,3.9760000705718994,3.9769999980926514,3.984999895095825,3.9839999675750732,3.98799991607666,3.992000102996826,3.9860000610351562,3.98799991607666,3.990000009536743,3.992000102996826,3.990000009536743
2025-07-21T21:22:50.0,21170.0,32.88999938964844,12.802463310263546,29.924539427157793,30.59000015258789,47.86000061035156,3.9719998836517334,3.9749999046325684,3.9760000705718994,3.984999895095825,3.9839999675750732,3.986999988555908,3.992000102996826,3.9860000610351562,3.98799991607666,3.990000009536743,3.990999937057495,3.989000082015991
2025-07-21T21:23:00.0,21180.0,32.73318575028903,12.893611965722634,29.93000030517578,30.59000015258789,47.85666896353523,3.9719998836517334,3.9749999046325684,3.9760000705718994,3.984999895095825,3.9839999675750732,3.98799991607666,3.992000102996826,3.9860000610351562,3.98799991607666,3.990000009536743,3.990999937057495,3.989000082015991
2025-07-21T21:23:10.0,21190.0,32.439998626708984,12.984153071091566,29.93000030517578,30.59000015258789,47.869998931884766,3.9719998836517334,3.9760000705718994,3.9769999980926514,3.984999895095825,3.9839999675750732,3.98799991607666,3.992000102996826,3.9860000610351562,3.98799991607666,3.990000009536743,3.992000102996826,3.990000009536743
2025-07-21T21:23:20.0,21200.0,32.40049977736043,13.07426417838798,29.93000030517578,30.593829492809846,47.86000061035156,3.9719998836517334,3.9760000705718994,3.9769999980926514,3.984999895095825,3.984999895095825,3.98799991607666,3.992000102996826,3.9860000610351562,3.989000082015991,3.990999937057495,3.992000102996826,3.990000009536743
2025-07-21T21:23:30.0,21210.0,35.06999969482422,13.167430065507485,29.930272687456334,30.600000381469727,47.88999938964844,3.9719998836517334,3.9760000705718994,3.9769999980926514,3.98799991607666,3.986999988555908,3.990999937057495,3.994999885559082,3.989000082015991,3.992000102996826,3.993000030517578,3.994999885559082,3.993000030517578
2025-07-21T21:23:40.0,21220.0,32.48560992649625,13.261628038430342,29.936711984868978,30.600000381469727,47.866863094676624,3.9739999771118164,3.9779999256134033,3.9779999256134033,3.986999988555908,3.9860000610351562,3.990000009536743,3.99399995803833,3.98799991607666,3.990000009536743,3.992000102996826,3.99399995803833,3.990999937057495
2025-07-21T21:23:50.0,21230.0,31.786337866102006,13.350994926863372,29.940000534057617,30.600000381469727,47.87003980116411,3.9730000495910645,3.9769999980926514,3.9779999256134033,3.986999988555908,3.9860000610351562,3.989000082015991,3.99399995803833,3.98799991607666,3.990000009536743,3.992000102996826,3.993000030517578,3.990999937057495
2025-07-21T21:24:00.0,21240.0,31.520000457763672,13.439061660771497,29.940000534057617,30.600000381469727,47.86000061035156,3.9730000495910645,3.9769999980926514,3.9779999256134033,3.986999988555908,3.9860000610351562,3.989000082015991,3.99399995803833,3.98799991607666,3.990000009536743,3.992000102996826,3.993000030517578,3.990999937057495
2025-07-21T21:24:10.0,21250.0,31.329999923706055,13.526305669500687,29.946086479802286,30.606086327214395,47.869998931884766,3.9730000495910645,3.9769999980926514,3.9779999256134033,3.986999988555908,3.9860000610351562,3.989000082015991,3.99399995803833,3.98799991607666,3.990000009536743,3.992000102996826,3.993000030517578,3.990999937057495
2025-07-21T21:24:20.0,21260.0,30.853533032652724,13.612839999606472,29.950000762939453,30.610000610351562,47.86000061035156,3.9730000495910645,3.9769999980926514,3.9779999256134033,3.986999988555908,3.9860000610351562,3.989000082015991,3.99399995803833,3.98799991607666,3.990000009536743,3.992000102996826,3.993000030517578,3.990999937057495
2025-07-21T21:24:30.0,21270.0,34.816110750584926,13.703248331116168,29.950000762939453,30.610000610351562,47.92614883323768,3.9769999980926514,3.9809999465942383,3.9820001125335693,3.990000009536743,3.989000082015991,3.993000030517578,3.997999906539917,3.990999937057495,3.99399995803833,3.994999885559082,3.996999979019165,3.994999885559082
2025-07-21T21:24:40.0,21280.0,32.9900016784668,13.797907053333518,29.950000762939453,30.610000610351562,47.900001525878906,3.9769999980926514,3.9800000190734863,3.9809999465942383,3.990000009536743,3.989000082015991,3.992000102996826,3.996999979019165,3.990999937057495,3.993000030517578,3.994999885559082,3.996999979019165,3.99399995803833
2025-07-21T21:24:50.0,21290.0,32.79999923706055,13.889226847509406,29.95187941196281,30.611879617758937,47.88999938964844,3.9769999980926514,3.9800000190734863,3.9809999465942383,3.990000009536743,3.989000082015991,3.992000102996826,3.996999979019165,3.990999937057495,3.993000030517578,3.994999885559082,3.996999979019165,3.99399995803833
2025-07-21T21:25:00.0,21300.0,32.46638613520442,13.979800527470506,29.958350817485922,30.618352257811907,47.90999984741211,3.9769999980926514,3.9800000190734863,3.9809999465942383,3.990000009536743,3.989000082015991,3.992000102996826,3.996999979019165,3.990999937057495,3.993000030517578,3.994999885559082,3.996999979019165,3.994999885559082
2025-07-21T21:25:10.0,21310.0,32.25,14.069940749922456,29.959999084472656,30.6200008392334,47.90999984741211,3.9769999980926514,3.9800000190734863,3.9809999465942383,3.990000009536743,3.989000082015991,3.993000030517578,3.996999979019165,3.990999937057495,3.99399995803833,3.994999885559082,3.996999979019165,3.994999885559082
2025-07-21T21:25:20.0,21320.0,32.13999938964844,14.159260769084952,29.961256926265126,30.621258441117078,47.90999984741211,3.9769999980926514,3.9809999465942383,3.9820001125335693,3.990000009536743,3.990000009536743,3.993000030517578,3.997999906539917,3.992000102996826,3.99399995803833,3.996000051498413,3.996999979019165,3.994999885559082
2025-07-21T21:25:30.0,21330.0,34.439998626708984,14.251815906775391,29.967700787906878,30.62770107371789,47.939998626708984,3.9790000915527344,3.9830000400543213,3.9839999675750732,3.993000030517578,3.992000102996826,3.994999885559082,4.0,3.99399995803833,3.996000051498413,3.997999906539917,4.0,3.996999979019165
2025-07-21T21:25:40.0,21340.0,32.883714512416674,14.345742927024226,29.969999313354492,30.6299991607666,47.91999816894531,3.9790000915527344,3.9830000400543213,3.9839999675750732,3.992000102996826,3.990999937057495,3.994999885559082,4.0,3.99399995803833,3.996000051498413,3.997999906539917,3.999000072479248,3.996999979019165
2025-07-21T21:25:50.0,21350.0,32.11399221963019,14.436160915501514,29.97067995720509,30.6299991607666,47.939998626708984,3.9790000915527344,3.9820001125335693,3.9830000400543213,3.992000102996826,3.990999937057495,3.994999885559082,3.999000072479248,3.993000030517578,3.994999885559082,3.997999906539917,3.999000072479248,3.996999979019165
2025-07-21T21:26:00.0,21360.0,32.08000183105469,14.525313662751117,29.977143811436772,30.6299991607666,47.92528983966724,3.9790000915527344,3.9820001125335693,3.9830000400543213,3.992000102996826,3.990999937057495,3.994999885559082,3.999000072479248,3.993000030517578,3.994999885559082,3.997999906539917,3.999000072479248,3.996999979019165
2025-07-21T21:26:10.0,21370.0,31.509961268189517,14.613574000153669,29.983598825079735,30.63359844361001,47.93671283721923,3.9790000915527344,3.9820001125335693,3.9839999675750732,3.992000102996826,3.990999937057495,3.994999885559082,4.0,3.993000030517578,3.996000051498413,3.997999906539917,3.999000072479248,3.996999979019165
2025-07-21T21:26:20.0,21380.0,31.110000610351562,14.70093510423726,29.989999771118164,30.639999389648438,47.92367267165074,3.9790000915527344,3.9830000400543213,3.9839999675750732,3.992000102996826,3.990999937057495,3.994999885559082,4.0,3.99399995803833,3.996000051498413,3.997999906539917,3.999000072479248,3.996999979019165
2025-07-21T21:26:30.0,21390.0,32.00724555424273,14.788391454819173,29.989999771118164,30.639999389648438,47.939998626708984,3.9800000190734863,3.9839999675750732,3.984999895095825,3.993000030517578,3.992000102996826,3.996000051498413,4.000999927520752,3.994999885559082,3.996999979019165,3.999000072479248,4.0,3.997999906539917
2025-07-21T21:26:40.0,21400.0,30.920000076293945,14.875417084701457,29.989999771118164,30.642957871916078,47.93000030517578,3.9800000190734863,3.9830000400543213,3.9839999675750732,3.993000030517578,3.992000102996826,3.996000051498413,4.0,3.99399995803833,3.996999979019165,3.997999906539917,4.0,3.997999906539917
2025-07-21T21:26:50.0,21410.0,30.59000015258789,14.960882504950227,29.989999771118164,30.64945574643319,47.91999816894531,3.9800000190734863,3.9830000400543213,3.9839999675750732,3.993000030517578,3.992000102996826,3.996000051498413,4.0,3.99399995803833,3.996999979019165,3.999000072479248,4.0,3.997999906539917
2025-07-21T21:27:00.0,21420.0,30.25442265376144,15.045545384468632,29.995919157245055,30.649999618530273,47.937093074209734,3.9800000190734863,3.9830000400543213,3.9839999675750732,3.993000030517578,3.992000102996826,3.996000051498413,4.0,3.99399995803833,3.996999979019165,3.999000072479248,4.0,3.997999906539917
2025-07-21T21:27:10.0,21430.0,30.219999313354492,15.129215446158643,30.0,30.652394186046806,47.92082302043965,3.9800000190734863,3.9830000400543213,3.9839999675750732,3.993000030517578,3.992000102996826,3.996000051498413,4.0,3.994999885559082,3.996999979019165,3.999000072479248,4.0,3.997999906539917
2025-07-21T21:27:20.0,21440.0,29.989999771118164,15.212730031750066,30.0,30.65889586271402,47.93000030517578,3.9800000190734863,3.9830000400543213,3.984999895095825,3.993000030517578,3.992000102996826,3.996000051498413,4.000999927520752,3.994999885559082,3.996999979019165,3.999000072479248,4.000999927520752,3.997999906539917
2025-07-21T21:27:30.0,21450.0,31.450000762939453,15.29776908235722,30.0,30.65999984741211,47.939998626708984,3.9800000190734863,3.9839999675750732,3.984999895095825,3.99399995803833,3.993000030517578,3.996000051498413,4.001999855041504,3.996000051498413,3.997999906539917,4.0,4.001999855041504,4.0
2025-07-21T21:27:40.0,21460.0,28.760000228881836,15.380906174272035,30.001691396736803,30.661691244148912,47.90999984741211,3.9800000190734863,3.9830000400543213,3.984999895095825,3.99399995803833,3.992000102996826,3.996000051498413,4.000999927520752,3.994999885559082,3.996999979019165,3.999000072479248,4.0,3.997999906539917
2025-07-21T21:27:50.0,21470.0,28.1200008392334,15.459733198142711,30.008189271253915,30.668189118666024,47.91999816894531,3.9790000915527344,3.9830000400543213,3.9839999675750732,3.993000030517578,3.992000102996826,3.994999885559082,4.0,3.99399995803833,3.996000051498413,3.997999906539917,4.0,3.997999906539917
2025-07-21T21:28:00.0,21480.0,27.579999923706055,15.537570861121416,30.010000228881836,30.670000076293945,47.88999938964844,3.9790000915527344,3.9820001125335693,3.9839999675750732,3.993000030517578,3.992000102996826,3.994999885559082,4.0,3.99399995803833,3.996000051498413,3.997999906539917,4.0,3.996999979019165
2025-07-21T21:28:10.0,21490.0,27.239999771118164,15.613567439224585,30.010000228881836,30.671129612455662,47.90999984741211,3.9790000915527344,3.9820001125335693,3.9839999675750732,3.993000030517578,3.992000102996826,3.994999885559082,4.0,3.99399995803833,3.996000051498413,3.997999906539917,4.0,3.996999979019165
2025-07-21T21:28:20.0,21500.0,26.75,15.688540864113303,30.010000228881836,30.677573058900144,47.900001525878906,3.9779999256134033,3.9820001125335693,3.9830000400543213,3.992000102996826,3.990999937057495,3.994999885559082,3.999000072479248,3.99399995803833,3.996000051498413,3.997999906539917,3.999000072479248,3.996999979019165
2025-07-21T21:28:30.0,21510.0,31.05767596232422,15.763992294394836,30.014013842959137,30.68000030517578,47.96756261041055,3.9820001125335693,3.9860000610351562,3.986999988555908,3.996000051498413,3.994999885559082,3.997999906539917,4.002999782562256,3.996999979019165,3.999000072479248,4.000999927520752,4.002999782562256,4.0
2025-07-21T21:28:40.0,21520.0,29.59528626850683,15.84811791396843,30.020000457763672,30.68000030517578,47.939998626708984,3.9809999465942383,3.984999895095825,3.9860000610351562,3.994999885559082,3.99399995803833,3.997999906539917,4.001999855041504,3.996999979019165,3.999000072479248,4.000999927520752,4.001999855041504,4.0
2025-07-21T21:28:50.0,21530.0,29.012707242098706,15.929884413819444,30.020000457763672,30.68000030517578,47.945175056952934,3.9809999465942383,3.984999895095825,3.9860000610351562,3.994999885559082,3.99399995803833,3.997999906539917,4.001999855041504,3.996999979019165,3.999000072479248,4.000999927520752,4.001999855041504,4.0
2025-07-21T21:29:00.0,21540.0,28.739999771118164,16.01002510537055,30.020000457763672,30.683439014370745,47.93000030517578,3.9809999465942383,3.984999895095825,3.9860000610351562,3.994999885559082,3.99399995803833,3.997999906539917,4.001999855041504,3.996999979019165,3.999000072479248,4.000999927520752,4.001999855041504,4.0
2025-07-21T21:29:10.0,21550.0,28.324960073256328,16.08950755163206,30.020000457763672,30.68989911054764,47.94347081215967,3.9809999465942383,3.984999895095825,3.9860000610351562,3.994999885559082,3.99399995803833,3.997999906539917,4.001999855041504,3.996999979019165,3.999000072479248,4.000999927520752,4.001999855041504,4.0
2025-07-21T21:29:20.0,21560.0,28.280000686645508,16.168255138018,30.026338658206935,30.690000534057617,47.93056883718453,3.9820001125335693,3.984999895095825,3.9860000610351562,3.996000051498413,3.994999885559082,3.997999906539917,4.001999855041504,3.996999979019165,3.999000072479248,4.000999927520752,4.001999855041504,4.0
2025-07-21T21:29:30.0,21570.0,30.243461450353603,16.24874148690767,30.030000686645508,30.69277780303169,47.9900016784668,3.9839999675750732,3.98799991607666,3.989000082015991,3.997999906539917,3.996999979019165,4.000999927520752,4.005000114440918,3.999000072479248,4.000999927520752,4.002999782562256,4.005000114440918,4.002999782562256
2025-07-21T21:29:40.0,21580.0,30.079999923706055,16.33308552904566,30.030000686645508,30.699217100444333,47.97999954223633,3.9839999675750732,3.986999988555908,3.989000082015991,3.997999906539917,3.996999979019165,4.0,4.005000114440918,3.999000072479248,4.000999927520752,4.002999782562256,4.005000114440918,4.001999855041504
2025-07-21T21:29:50.0,21590.0,28.950000762939453,16.415466031468313,30.035715196096984,30.700000762939453,47.970001220703125,3.9830000400543213,3.986999988555908,3.98799991607666,3.996999979019165,3.996000051498413,4.0,4.005000114440918,3.999000072479248,4.000999927520752,4.002999782562256,4.005000114440918,4.001999855041504
2025-07-21T21:30:00.0,21600.0,28.709999084472656,16.495747387024164,30.040000915527344,30.700000762939453,47.959999084472656,3.9839999675750732,3.986999988555908,3.98799991607666,3.997999906539917,3.996999979019165,4.0,4.005000114440918,3.999000072479248,4.000999927520752,4.002999782562256,4.005000114440918,4.001999855041504
2025-07-21T21:30:10.0,21610.0,28.34000015258789,16.57486110664222,30.040000915527344,30.700000762939453,47.959999084472656,3.9839999675750732,3.98799991607666,3.989000082015991,3.997999906539917,3.996999979019165,4.000999927520752,4.005000114440918,3.999000072479248,4.000999927520752,4.002999782562256,4.005000114440918,4.001999855041504
2025-07-21T21:30:20.0,21620.0,28.18000030517578,16.65375075185948,30.040000915527344,30.705104481737404,47.970001220703125,3.9839999675750732,3.98799991607666,3.989000082015991,3.997999906539917,3.996999979019165,4.000999927520752,4.005000114440918,3.999000072479248,4.000999927520752,4.002999782562256,4.005000114440918,4.002999782562256
2025-07-21T21:30:30.0,21630.0,17.280000686645508,16.721124390167795,30.040000915527344,30.709999084472656,47.790000915527344,3.9760000705718994,3.9800000190734863,3.9809999465942383,3.990000009536743,3.990000009536743,3.993000030517578,3.996999979019165,3.992000102996826,3.99399995803833,3.996000051498413,3.996999979019165,3.994999885559082
2025-07-21T21:30:40.0,21640.0,16.670000076293945,16.76872352069339,30.040000915527344,30.709999084472656,47.779998779296875,3.9739999771118164,3.9779999256134033,3.9800000190734863,3.989000082015991,3.98799991607666,3.992000102996826,3.994999885559082,3.990999937057495,3.993000030517578,3.994999885559082,3.996000051498413,3.99399995803833
2025-07-21T21:30:50.0,21650.0,16.40999984741211,16.8145767482849,30.040000915527344,30.709999084472656,47.7599983215332,3.9719998836517334,3.9769999980926514,3.9779999256134033,3.986999988555908,3.9860000610351562,3.990000009536743,3.993000030517578,3.98799991607666,3.990999937057495,3.993000030517578,3.99399995803833,3.992000102996826
2025-07-21T21:31:00.0,21660.0,16.209999084472656,16.85991152579692,30.040000915527344,30.709999084472656,47.77000045776367,3.9719998836517334,3.9760000705718994,3.9769999980926514,3.9860000610351562,3.984999895095825,3.989000082015991,3.992000102996826,3.98799991607666,3.990000009536743,3.992000102996826,3.993000030517578,3.990999937057495
2025-07-21T21:31:10.0,21670.0,16.254869392494772,16.9049649682857,30.040000915527344,30.709999084472656,47.81999969482422,3.9709999561309814,3.9749999046325684,3.9760000705718994,3.9860000610351562,3.984999895095825,3.98799991607666,3.992000102996826,3.986999988555908,3.990000009536743,3.990999937057495,3.992000102996826,3.990000009536743
2025-07-21T21:31:20.0,21680.0,16.029662079006073,16.949885113289756,30.040000915527344,30.709999084472656,47.746792746209486,3.9709999561309814,3.9749999046325684,3.9760000705718994,3.9860000610351562,3.9839999675750732,3.98799991607666,3.990999937057495,3.986999988555908,3.989000082015991,3.990999937057495,3.992000102996826,3.990000009536743
2025-07-21T21:31:30.0,21690.0,23.670000076293945,16.99514679734985,30.040305632414277,30.71030385948948,47.849998474121094,3.9760000705718994,3.9800000190734863,3.9809999465942383,3.990999937057495,3.989000082015991,3.993000030517578,3.996999979019165,3.992000102996826,3.99399995803833,3.996000051498413,3.996999979019165,3.994999885559082
2025-07-21T21:31:40.0,21700.0,23.670000076293945,17.06089679756178,30.04674784989701,30.71674730593396,47.849998474121094,3.9760000705718994,3.9800000190734863,3.9809999465942383,3.990999937057495,3.990000009536743,3.993000030517578,3.996999979019165,3.992000102996826,3.99399995803833,3.996000051498413,3.996999979019165,3.994999885559082
2025-07-21T21:31:50.0,21710.0,22.366103136384652,17.123920029461782,30.053192733749892,30.723192810043837,47.837601862390045,3.9760000705718994,3.9800000190734863,3.9809999465942383,3.990999937057495,3.990000009536743,3.993000030517578,3.996999979019165,3.992000102996826,3.99399995803833,3.996000051498413,3.996999979019165,3.994999885559082
2025-07-21T21:32:00.0,21720.0,22.010000228881836,17.18571641406285,30.059640334576347,30.729640410870292,47.843278671974346,3.9760000705718994,3.9800000190734863,3.9809999465942383,3.990999937057495,3.990000009536743,3.99399995803833,3.996999979019165,3.992000102996826,3.99399995803833,3.996000051498413,3.997999906539917,3.994999885559082
2025-07-21T21:32:10.0,21730.0,21.799999237060547,17.24664390571025,30.053957740969178,30.729999542236328,47.83000183105469,3.9760000705718994,3.9809999465942383,3.9809999465942383,3.990999937057495,3.990000009536743,3.99399995803833,3.997999906539917,3.992000102996826,3.994999885559082,3.996999979019165,3.997999906539917,3.994999885559082
2025-07-21T21:32:20.0,21740.0,21.72448677954737,17.307141874219713,30.052457707255673,30.729999542236328,47.889829562116816,3.9769999980926514,3.9809999465942383,3.9820001125335693,3.990999937057495,3.990000009536743,3.99399995803833,3.997999906539917,3.992000102996826,3.994999885559082,3.996999979019165,3.997999906539917,3.996000051498413
2025-07-21T21:32:30.0,21750.0,21.700000762939453,17.367430128690536,30.05890530808213,30.729999542236328,47.869998931884766,3.9769999980926514,3.9809999465942383,3.9820001125335693,3.992000102996826,3.990000009536743,3.99399995803833,4.000999927520752,3.996000051498413,3.997999906539917,4.0,4.000999927520752,3.999000072479248
2025-07-21T21:32:40.0,21760.0,25.6200008392334,17.438280730838912,30.059999465942383,30.735349535819182,47.93000030517578,3.9809999465942383,3.984999895095825,3.9860000610351562,3.994999885559082,3.99399995803833,3.997999906539917,4.001999855041504,3.996000051498413,3.997999906539917,4.000999927520752,4.001999855041504,4.0
2025-07-21T21:32:50.0,21770.0,24.85643556148964,17.50781207879451,30.059999465942383,30.739999771118164,47.8901889652401,3.9809999465942383,3.984999895095825,3.9860000610351562,3.994999885559082,3.99399995803833,3.997999906539917,4.001999855041504,3.996999979019165,3.999000072479248,4.000999927520752,4.001999855041504,4.0
2025-07-21T21:33:00.0,21780.0,24.579999923706055,17.57645914277832,30.059999465942383,30.739999771118164,47.939998626708984,3.9809999465942383,3.984999895095825,3.9860000610351562,3.994999885559082,3.99399995803833,3.997999906539917,4.001999855041504,3.996999979019165,3.999000072479248,4.000999927520752,4.001999855041504,4.0
2025-07-21T21:33:10.0,21790.0,23.62256857055441,17.64401968892588,30.059999465942383,30.739999771118164,47.880001068115234,3.9809999465942383,3.984999895095825,3.9860000610351562,3.996000051498413,3.994999885559082,3.997999906539917,4.001999855041504,3.996999979019165,3.999000072479248,4.000999927520752,4.001999855041504,4.0
2025-07-21T21:33:20.0,21800.0,24.030000686645508,17.709839239550835,30.059999465942383,30.739999771118164,47.91999816894531,3.9809999465942383,3.984999895095825,3.9860000610351562,3.996000051498413,3.994999885559082,3.997999906539917,4.001999855041504,3.996999979019165,3.999000072479248,4.000999927520752,4.001999855041504,4.0
2025-07-21T21:33:30.0,21810.0,27.203136834231383,17.778532922013735,30.059999465942383,30.739999771118164,47.94691627248293,3.9809999465942383,3.984999895095825,3.9860000610351562,3.996000051498413,3.994999885559082,3.997999906539917,4.001999855041504,3.996999979019165,3.999000072479248,4.004000186920166,4.005000114440918,4.002999782562256
2025-07-21T21:33:40.0,21820.0,26.170000076293945,17.85260935868701,30.059999465942383,30.74407539700138,47.939998626708984,3.9839999675750732,3.98799991607666,3.989000082015991,3.997999906539917,3.996999979019165,4.000999927520752,4.005000114440918,4.0,4.001999855041504,4.004000186920166,4.005000114440918,4.002999782562256
2025-07-21T21:33:50.0,21830.0,25.729999542236328,17.924657437032728,30.059999465942383,30.75,47.95950900703076,3.9839999675750732,3.98799991607666,3.989000082015991,3.999000072479248,3.997999906539917,4.000999927520752,4.005000114440918,4.0,4.001999855041504,4.004000186920166,4.005000114440918,4.002999782562256
2025-07-21T21:34:00.0,21840.0,25.845608124078435,17.995781717485457,30.059999465942383,30.75,47.96819535049739,3.9839999675750732,3.98799991607666,3.989000082015991,3.999000072479248,3.997999906539917,4.000999927520752,4.00600004196167,4.0,4.001999855041504,4.004000186920166,4.00600004196167,4.002999782562256
2025-07-21T21:34:10.0,21850.0,25.690000534057617,18.06698121042583,30.059999465942383,30.75,47.959999084472656,3.984999895095825,3.989000082015991,3.990000009536743,3.999000072479248,3.997999906539917,4.001999855041504,4.00600004196167,4.000999927520752,4.002999782562256,4.005000114440918,4.00600004196167,4.004000186920166
2025-07-21T21:34:20.0,21860.0,25.510000228881836,18.137926977872983,30.059999465942383,30.75,47.970001220703125,3.984999895095825,3.989000082015991,3.990000009536743,4.0,3.997999906539917,4.001999855041504,4.00600004196167,4.000999927520752,4.002999782562256,4.005000114440918,4.00600004196167,4.004000186920166
2025-07-21T21:34:30.0,21870.0,26.649999618530273,18.209553649809234,30.059999465942383,30.75,47.97877752516004,3.984999895095825,3.989000082015991,3.990000009536743,4.0,3.999000072479248,4.001999855041504,4.00600004196167,4.000999927520752,4.002999782562256,4.006999969482422,4.007999897003174,4.00600004196167
2025-07-21T21:34:40.0,21880.0,26.31163023787681,18.283432502176634,30.059999465942383,30.75272282182901,47.9900016784668,3.9860000610351562,3.990000009536743,3.990999937057495,4.000999927520752,4.0,4.004000186920166,4.007999897003174,4.001999855041504,4.005000114440918,4.006999969482422,4.007999897003174,4.00600004196167
2025-07-21T21:34:50.0,21890.0,25.987823720695104,18.35533159734104,30.059999465942383,30.75917042265547,48.007510769912635,3.9860000610351562,3.990000009536743,3.990999937057495,4.000999927520752,4.0,4.004000186920166,4.007999897003174,4.001999855041504,4.004000186920166,4.006999969482422,4.007999897003174,4.00600004196167
2025-07-21T21:35:00.0,21900.0,25.301155373957247,18.425849855200585,30.06563542934778,30.760000228881836,47.978109794750516,3.986999988555908,3.990999937057495,3.992000102996826,4.000999927520752,4.0,4.004000186920166,4.007999897003174,4.002999782562256,4.005000114440918,4.006999969482422,4.007999897003174,4.00600004196167
2025-07-21T21:35:10.0,21910.0,24.959999084472656,18.496356018846964,30.06999969482422,30.760000228881836,47.970001220703125,3.986999988555908,3.990999937057495,3.992000102996826,4.000999927520752,4.0,4.004000186920166,4.007999897003174,4.002999782562256,4.005000114440918,4.006999969482422,4.007999897003174,4.00600004196167
2025-07-21T21:35:20.0,21920.0,25.020000457763672,18.56569289971842,30.06999969482422,30.760000228881836,47.9796924042546,3.986999988555908,3.990999937057495,3.992000102996826,4.001999855041504,4.000999927520752,4.004000186920166,4.007999897003174,4.002999782562256,4.005000114440918,4.006999969482422,4.007999897003174,4.00600004196167
2025-07-21T21:35:30.0,21930.0,22.526986543495624,18.635498112672835,30.06999969482422,30.760000228881836,47.97382735707729,3.986999988555908,3.990999937057495,3.992000102996826,4.001999855041504,4.000999927520752,4.004000186920166,4.007999897003174,4.002999782562256,4.005000114440918,4.006999969482422,4.008999824523926,4.00600004196167
2025-07-21T21:35:40.0,21940.0,21.408024921890036,18.69569956260059,30.06999969482422,30.761470718108484,47.93841167162821,3.9839999675750732,3.98799991607666,3.989000082015991,3.999000072479248,3.997999906539917,4.000999927520752,4.005000114440918,4.0,4.001999855041504,4.004000186920166,4.00600004196167,4.002999782562256
2025-07-21T21:35:50.0,21950.0,19.559999465942383,18.753782432306213,30.06999969482422,30.767914579750236,47.869998931884766,3.9830000400543213,3.986999988555908,3.98799991607666,3.997999906539917,3.996999979019165,4.000999927520752,4.005000114440918,4.0,4.001999855041504,4.004000186920166,4.005000114440918,4.002999782562256
2025-07-21T21:36:00.0,21960.0,19.52777098113341,18.80948702028606,30.06999969482422,30.770000457763672,47.89287328439783,3.9830000400543213,3.986999988555908,3.98799991607666,3.997999906539917,3.996999979019165,4.0,4.004000186920166,3.999000072479248,4.000999927520752,4.002999782562256,4.005000114440918,4.001999855041504
2025-07-21T21:36:10.0,21970.0,20.3700008392334,18.86590694140872,30.06999969482422,30.770000457763672,47.93000030517578,3.9820001125335693,3.986999988555908,3.98799991607666,3.997999906539917,3.996999979019165,4.0,4.004000186920166,3.999000072479248,4.000999927520752,4.002999782562256,4.004000186920166,4.001999855041504
2025-07-21T21:36:20.0,21980.0,20.108376464596045,18.922490277073255,30.06999969482422,30.770000457763672,47.93000030517578,3.9820001125335693,3.986999988555908,3.98799991607666,3.997999906539917,3.996999979019165,4.0,4.004000186920166,3.999000072479248,4.000999927520752,4.002999782562256,4.004000186920166,4.001999855041504
2025-07-21T21:36:30.0,21990.0,24.68000030517578,18.97844220069422,30.06999969482422,30.770000457763672,47.950136740690745,3.9820001125335693,3.9860000610351562,3.98799991607666,3.997999906539917,3.996000051498413,4.0,4.004000186920166,3.999000072479248,4.000999927520752,4.002999782562256,4.004000186920166,4.001999855041504
2025-07-21T21:36:40.0,22000.0,23.159267690704706,19.043862303090762,30.06999969482422,30.770000457763672,47.99947155277908,3.9860000610351562,3.990000009536743,3.990999937057495,4.000999927520752,4.0,4.002999782562256,4.006999969482422,4.001999855041504,4.004000186920166,4.00600004196167,4.006999969482422,4.005000114440918
2025-07-21T21:36:50.0,22010.0,22.020000457763672,19.105163621168806,30.06999969482422,30.770000457763672,47.939998626708984,3.984999895095825,3.989000082015991,3.990000009536743,4.0,3.999000072479248,4.002999782562256,4.006999969482422,4.000999927520752,4.004000186920166,4.00600004196167,4.006999969482422,4.005000114440918
2025-07-21T21:37:00.0,22020.0,21.639999389648438,19.1656243053888,30.06999969482422,30.773010229108248,47.93000030517578,3.984999895095825,3.989000082015991,3.990000009536743,4.0,3.999000072479248,4.002999782562256,4.006999969482422,4.000999927520752,4.004000186920166,4.00600004196167,4.006999969482422,4.005000114440918
2025-07-21T21:37:10.0,22030.0,22.770000457763672,19.227745247259808,30.06999969482422,30.77947868246002,47.95000076293945,3.984999895095825,3.989000082015991,3.990000009536743,4.0,3.999000072479248,4.002999782562256,4.006999969482422,4.000999927520752,4.004000186920166,4.00600004196167,4.006999969482422,4.005000114440918
2025-07-21T21:37:20.0,22040.0,20.780000686645508,19.289600840374767,30.06999969482422,30.780000686645508,47.93000030517578,3.984999895095825,3.989000082015991,3.990000009536743,4.0,3.999000072479248,4.002999782562256,4.006999969482422,4.000999927520752,4.004000186920166,4.00600004196167,4.006999969482422,4.005000114440918
2025-07-21T21:37:30.0,22050.0,26.6299991607666,19.34927760478457,30.06999969482422,30.780000686645508,48.018080222380824,3.984999895095825,3.989000082015991,3.990000009536743,4.0,3.999000072479248,4.002999782562256,4.006999969482422,4.001999855041504,4.004000186920166,4.00600004196167,4.006999969482422,4.005000114440918
2025-07-21T21:37:40.0,22060.0,25.450000762939453,19.421909704568257,30.06999969482422,30.780000686645508,48.0,3.989000082015991,3.99399995803833,3.994999885559082,4.005000114440918,4.002999782562256,4.006999969482422,4.011000156402588,4.00600004196167,4.007999897003174,4.010000228881836,4.011000156402588,4.008999824523926
2025-07-21T21:37:50.0,22070.0,25.059636306762716,19.492172874607117,30.06999969482422,30.780000686645508,48.02000045776367,3.989000082015991,3.99399995803833,3.994999885559082,4.005000114440918,4.002999782562256,4.006999969482422,4.011000156402588,4.00600004196167,4.007999897003174,4.010000228881836,4.011000156402588,4.008999824523926
2025-07-21T21:38:00.0,22080.0,24.770000457763672,19.56120566599171,30.068281127407598,30.780000686645508,48.0099983215332,3.990000009536743,3.99399995803833,3.994999885559082,4.005000114440918,4.004000186920166,4.006999969482422,4.01200008392334,4.00600004196167,4.007999897003174,4.010000228881836,4.01200008392334,4.008999824523926
2025-07-21T21:38:10.0,22090.0,24.540000915527344,19.629818087092115,30.06182520172533,30.780000686645508,48.02000045776367,3.990000009536743,3.99399995803833,3.994999885559082,4.005000114440918,4.004000186920166,4.006999969482422,4.01200008392334,4.00600004196167,4.007999897003174,4.010000228881836,4.01200008392334,4.008999824523926
2025-07-21T21:38:20.0,22100.0,24.3700008392334,19.697963003273145,30.059999465942383,30.784616275907396,48.02963299692103,3.990000009536743,3.99399995803833,3.996000051498413,4.00600004196167,4.004000186920166,4.007999897003174,4.01200008392334,4.006999969482422,4.008999824523926,4.011000156402588,4.01200008392334,4.010000228881836
2025-07-21T21:38:30.0,22110.0,22.610000610351562,19.764388481821094,30.059999465942383,30.790000915527344,47.95000076293945,3.990000009536743,3.994999885559082,3.996000051498413,4.00600004196167,4.005000114440918,4.007999897003174,4.01200008392334,4.006999969482422,4.008999824523926,3.996999979019165,3.996999979019165,3.994999885559082
2025-07-21T21:38:40.0,22120.0,-0.0,19.7763283626977,30.059999465942383,30.790000915527344,47.63999938964844,3.9690001010894775,3.9730000495910645,3.9749999046325684,3.984999895095825,3.9839999675750732,3.986999988555908,3.990000009536743,3.986999988555908,3.98799991607666,3.990000009536743,3.990999937057495,3.989000082015991
2025-07-21T21:38:50.0,22130.0,0.009999999776482582,19.776345176586215,30.059999465942383,30.790000915527344,47.61000061035156,3.9660000801086426,3.9709999561309814,3.9719998836517334,3.9830000400543213,3.9809999465942383,3.9839999675750732,3.986999988555908,3.9839999675750732,3.9860000610351562,3.98799991607666,3.989000082015991,3.986999988555908
2025-07-21T21:39:00.0,22140.0,-0.0,19.776356001585974,30.059616382239092,30.790000915527344,47.599998474121094,3.9649999141693115,3.9690001010894775,3.9709999561309814,3.9820001125335693,3.9800000190734863,3.9830000400543213,3.9860000610351562,3.9820001125335693,3.984999895095825,3.9860000610351562,3.986999988555908,3.984999895095825
2025-07-21T21:39:10.0,22150.0,-0.0,19.776356001585974,30.053156286062194,30.790000915527344,47.56999969482422,3.9630000591278076,3.9679999351501465,3.9690001010894775,3.9800000190734863,3.9779999256134033,3.9809999465942383,3.9839999675750732,3.9809999465942383,3.9820001125335693,3.9839999675750732,3.984999895095825,3.9830000400543213
2025-07-21T21:39:20.0,22160.0,-0.03460389533040553,19.776352493252716,30.049999237060547,30.790000915527344,47.560001373291016,3.9619998931884766,3.9670000076293945,3.9679999351501465,3.9790000915527344,3.9779999256134033,3.9800000190734863,3.9830000400543213,3.9800000190734863,3.9820001125335693,3.9839999675750732,3.9839999675750732,3.9820001125335693
2025-07-21T21:39:30.0,22170.0,-0.0,19.77630050158721,30.049999237060547,30.790000915527344,47.529998779296875,3.9600000381469727,3.9649999141693115,3.9660000801086426,3.9769999980926514,3.9760000705718994,3.9779999256134033,3.9809999465942383,3.9779999256134033,3.9800000190734863,3.9820001125335693,3.9820001125335693,3.9800000190734863
2025-07-21T21:39:40.0,22180.0,-0.009999999776482582,19.776300687698317,30.043805038508264,30.790000915527344,47.540000915527344,3.9590001106262207,3.9639999866485596,3.9649999141693115,3.9760000705718994,3.9749999046325684,3.9769999980926514,3.9800000190734863,3.9769999980926514,3.9790000915527344,3.9809999465942383,3.9809999465942383,3.9790000915527344
2025-07-21T21:39:50.0,22190.0,-0.0,19.77629983492056,30.03735204921991,30.790000915527344,47.52000045776367,3.9579999446868896,3.9630000591278076,3.9639999866485596,3.9749999046325684,3.9739999771118164,3.9760000705718994,3.9790000915527344,3.9760000705718994,3.9779999256134033,3.9790000915527344,3.9800000190734863,3.9779999256134033
2025-07-21T21:40:00.0,22200.0,0.009999999776482582,19.776311287698082,30.030896123537637,30.790000915527344,47.50485298647517,3.9570000171661377,3.9619998931884766,3.9630000591278076,3.9739999771118164,3.9730000495910645,3.9749999046325684,3.9779999256134033,3.9749999046325684,3.9769999980926514,3.9790000915527344,3.9790000915527344,3.9769999980926514
2025-07-21T21:40:10.0,22210.0,-0.003461038883673159,19.776333334919812,30.024429407773628,30.790000915527344,47.498281334272406,3.9560000896453857,3.9619998931884766,3.9619998931884766,3.9739999771118164,3.9719998836517334,3.9749999046325684,3.9769999980926514,3.9739999771118164,3.9760000705718994,3.9779999256134033,3.9790000915527344,3.9769999980926514
2025-07-21T21:40:20.0,22220.0,-0.0,19.776341196030746,30.017964904396052,30.790000915527344,47.4900016784668,3.9549999237060547,3.9600000381469727,3.9609999656677246,3.9730000495910645,3.9709999561309814,3.9739999771118164,3.9760000705718994,3.9730000495910645,3.9749999046325684,3.9769999980926514,3.9779999256134033,3.9760000705718994
2025-07-21T21:40:30.0,22230.0,-0.009266233559109969,19.776332354364275,30.01150897871378,30.790000915527344,47.47999954223633,3.9549999237060547,3.9600000381469727,3.9609999656677246,3.9719998836517334,3.9709999561309814,3.9730000495910645,3.9749999046325684,3.9730000495910645,3.9749999046325684,3.9760000705718994,3.9769999980926514,3.9749999046325684
2025-07-21T21:40:40.0,22240.0,-0.0,19.776324112697797,30.005056244757867,30.790000915527344,47.470001220703125,3.9539999961853027,3.9590001106262207,3.9600000381469727,3.9719998836517334,3.9700000286102295,3.9719998836517334,3.9749999046325684,3.9719998836517334,3.9739999771118164,3.9760000705718994,3.9769999980926514,3.9749999046325684
2025-07-21T21:40:50.0,22250.0,0.029999999329447746,19.776378054363256,30.0,30.78860449880227,47.470001220703125,3.9539999961853027,3.9590001106262207,3.9590001106262207,3.9709999561309814,3.9700000286102295,3.9719998836517334,3.9749999046325684,3.9719998836517334,3.9739999771118164,3.9749999046325684,3.9760000705718994,3.9739999771118164
2025-07-21T21:41:00.0,22260.0,-0.0,19.77640486269599,30.0,30.78214857312,47.46749741797355,3.953000068664551,3.9579999446868896,3.9590001106262207,3.9709999561309814,3.9690001010894775,3.9719998836517334,3.9739999771118164,3.9709999561309814,3.9739999771118164,3.9749999046325684,3.9749999046325684,3.9739999771118164
2025-07-21T21:41:10.0,22270.0,-0.0,19.77639672936284,29.99135041771504,30.780000686645508,47.45076534046847,3.953000068664551,3.9579999446868896,3.9590001106262207,3.9700000286102295,3.9690001010894775,3.9709999561309814,3.9739999771118164,3.9709999561309814,3.9730000495910645,3.9749999046325684,3.9749999046325684,3.9730000495910645
2025-07-21T21:41:20.0,22280.0,-0.0,19.776413090473586,29.97920425851911,30.780000686645508,47.45000076293945,3.9519999027252197,3.9579999446868896,3.9579999446868896,3.9700000286102295,3.9679999351501465,3.9709999561309814,3.9730000495910645,3.9700000286102295,3.9719998836517334,3.9739999771118164,3.9739999771118164,3.9719998836517334
2025-07-21T21:41:30.0,22290.0,-0.029999999329447746,19.776403732140462,29.972806159426444,30.780000686645508,47.439998626708984,3.9519999027252197,3.9570000171661377,3.9579999446868896,3.9690001010894775,3.9679999351501465,3.9700000286102295,3.9730000495910645,3.9700000286102295,3.9719998836517334,3.9739999771118164,3.9739999771118164,3.9719998836517334
2025-07-21T21:41:40.0,22300.0,-0.009999999776482582,19.77637752658549,29.969999313354492,30.780000686645508,47.431849667916886,3.9509999752044678,3.9570000171661377,3.9570000171661377,3.9690001010894775,3.9679999351501465,3.9700000286102295,3.9719998836517334,3.9690001010894775,3.9719998836517334,3.9730000495910645,3.9739999771118164,3.9719998836517334
2025-07-21T21:41:50.0,22310.0,-0.019999999552965164,19.776349573808336,29.969927153337657,30.779928526628673,47.439998626708984,3.9509999752044678,3.9560000896453857,3.9570000171661377,3.9690001010894775,3.9679999351501465,3.9690001010894775,3.9719998836517334,3.9690001010894775,3.9719998836517334,3.9730000495910645,3.9730000495910645,3.9719998836517334
2025-07-21T21:42:00.0,22320.0,0.0097597400415915,19.77630234047606,29.963541311139803,30.77354268443082,47.43000030517578,3.9509999752044678,3.9560000896453857,3.9570000171661377,3.9679999351501465,3.9670000076293945,3.9690001010894775,3.9719998836517334,3.9690001010894775,3.9709999561309814,3.9730000495910645,3.9730000495910645,3.9709999561309814
2025-07-21T21:42:10.0,22330.0,0.005344155724703701,19.776327729364382,29.957115501196274,30.770000457763672,47.41999816894531,3.950000047683716,3.9560000896453857,3.9560000896453857,3.9679999351501465,3.9670000076293945,3.9690001010894775,3.9719998836517334,3.9690001010894775,3.9709999561309814,3.9719998836517334,3.9730000495910645,3.9709999561309814
2025-07-21T21:42:20.0,22340.0,0.0008230088311677954,19.776331979364286,29.950639904348343,30.770000457763672,47.41999816894531,3.950000047683716,3.9549999237060547,3.9560000896453857,3.9679999351501465,3.9670000076293945,3.9679999351501465,3.9709999561309814,3.9679999351501465,3.9700000286102295,3.9719998836517334,3.9719998836517334,3.9709999561309814
2025-07-21T21:42:30.0,22350.0,-0.007490195911004518,19.776346757141734,29.944178278255215,30.770000457763672,47.422044357598985,3.950000047683716,3.9549999237060547,3.9560000896453857,3.9679999351501465,3.9660000801086426,3.9679999351501465,3.9709999561309814,3.9679999351501465,3.9700000286102295,3.9719998836517334,3.9719998836517334,3.9700000286102295
2025-07-21T21:42:40.0,22360.0,-0.0,19.77632128492008,29.937721127048615,30.76772105075467,47.41999816894531,3.9489998817443848,3.9549999237060547,3.9560000896453857,3.9679999351501465,3.9660000801086426,3.9679999351501465,3.9709999561309814,3.9679999351501465,3.9700000286102295,3.9709999561309814,3.9719998836517334,3.9700000286102295
2025-07-21T21:42:50.0,22370.0,-0.019999999552965164,19.776333879364245,29.93126936647969,30.761269290185744,47.41645206274511,3.9489998817443848,3.9549999237060547,3.9549999237060547,3.9679999351501465,3.9660000801086426,3.9679999351501465,3.9709999561309814,3.9679999351501465,3.9700000286102295,3.9709999561309814,3.9719998836517334,3.9700000286102295
2025-07-21T21:43:00.0,22380.0,-0.0,19.776322673808938,29.93000030517578,30.760000228881836,47.40999984741211,3.9489998817443848,3.9549999237060547,3.9549999237060547,3.9670000076293945,3.9660000801086426,3.9679999351501465,3.9700000286102295,3.9670000076293945,3.9690001010894775,3.9709999561309814,3.9709999561309814,3.9700000286102295
2025-07-21T21:43:10.0,22390.0,-0.0,19.776322673808938,29.92832036486004,30.760000228881836,47.40999984741211,3.9489998817443848,3.9539999961853027,3.9549999237060547,3.9670000076293945,3.9649999141693115,3.9670000076293945,3.9700000286102295,3.9670000076293945,3.9690001010894775,3.9709999561309814,3.9709999561309814,3.9690001010894775
2025-07-21T21:43:20.0,22400.0,-0.0,19.776322673808938,29.921864022370634,30.760000228881836,47.40999984741211,3.9489998817443848,3.9539999961853027,3.9549999237060547,3.9670000076293945,3.9649999141693115,3.9670000076293945,3.9700000286102295,3.9670000076293945,3.9690001010894775,3.9709999561309814,3.9709999561309814,3.9690001010894775
2025-07-21T21:43:30.0,22410.0,0.7645454796923862,19.776322673808938,29.915410939001266,30.755411091589156,47.40956457285544,3.9519999027252197,3.9579999446868896,3.9590001106262207,3.9670000076293945,3.9649999141693115,3.9670000076293945,3.9700000286102295,3.9670000076293945,3.9690001010894775,3.9700000286102295,3.9709999561309814,3.9690001010894775
2025-07-21T21:43:40.0,22420.0,5.820000171661377,19.790285357595888,29.90999984741211,30.75,47.540000915527344,3.953000068664551,3.9579999446868896,3.9590001106262207,3.9700000286102295,3.9690001010894775,3.9709999561309814,3.9739999771118164,3.9709999561309814,3.9730000495910645,3.9749999046325684,3.9749999046325684,3.9730000495910645
2025-07-21T21:43:50.0,22430.0,5.514409013227957,19.806089252197815,29.90999984741211,30.75,47.516953215660926,3.9539999961853027,3.9590001106262207,3.9600000381469727,3.9709999561309814,3.9700000286102295,3.9719998836517334,3.9749999046325684,3.9719998836517334,3.9739999771118164,3.9749999046325684,3.9760000705718994,3.9739999771118164
2025-07-21T21:44:00.0,22440.0,5.659999847412109,19.82127000210359,29.90999984741211,30.75,47.5099983215332,3.9539999961853027,3.9590001106262207,3.9600000381469727,3.9709999561309814,3.9700000286102295,3.9719998836517334,3.9749999046325684,3.9719998836517334,3.9739999771118164,3.9760000705718994,3.9760000705718994,3.9739999771118164
2025-07-21T21:44:10.0,22450.0,5.170000076293945,19.836900621609363,29.90999984741211,30.75,47.508621980779466,3.9539999961853027,3.9600000381469727,3.9600000381469727,3.9719998836517334,3.9709999561309814,3.9719998836517334,3.9760000705718994,3.9719998836517334,3.9749999046325684,3.9760000705718994,3.9769999980926514,3.9749999046325684
2025-07-21T21:44:20.0,22460.0,5.349999904632568,19.851600327460574,29.90999984741211,30.75,47.439998626708984,3.9549999237060547,3.9600000381469727,3.9609999656677246,3.9719998836517334,3.9709999561309814,3.9730000495910645,3.9760000705718994,3.9730000495910645,3.9749999046325684,3.9760000705718994,3.9769999980926514,3.9749999046325684
2025-07-21T21:44:30.0,22470.0,5.5,19.86641672999906,29.90999984741211,30.75,47.5099983215332,3.9549999237060547,3.9600000381469727,3.9609999656677246,3.9730000495910645,3.9709999561309814,3.9730000495910645,3.9760000705718994,3.9730000495910645,3.9749999046325684,3.9769999980926514,3.9769999980926514,3.9749999046325684
2025-07-21T21:44:40.0,22480.0,5.5,19.88169450777684,29.90999984741211,30.75,47.5099983215332,3.9549999237060547,3.9609999656677246,3.9609999656677246,3.9730000495910645,3.9719998836517334,3.9739999771118164,3.9769999980926514,3.9739999771118164,3.9760000705718994,3.9769999980926514,3.9779999256134033,3.9760000705718994
2025-07-21T21:44:50.0,22490.0,5.71050002574893,19.89687723595057,29.90999984741211,30.75,47.51437504508278,3.9549999237060547,3.9609999656677246,3.9609999656677246,3.9730000495910645,3.9719998836517334,3.9739999771118164,3.9769999980926514,3.9739999771118164,3.9760000705718994,3.9769999980926514,3.9779999256134033,3.9760000705718994
2025-07-21T21:45:00.0,22500.0,5.415246595655397,19.911970216479506,29.90999984741211,30.75,47.54860322603312,3.9549999237060547,3.9609999656677246,3.9619998931884766,3.9730000495910645,3.9719998836517334,3.9739999771118164,3.9769999980926514,3.9739999771118164,3.9760000705718994,3.9779999256134033,3.9779999256134033,3.9760000705718994
2025-07-21T21:45:10.0,22510.0,5.53000020980835,19.926965977639433,29.90999984741211,30.75,47.5099983215332,3.9549999237060547,3.9609999656677246,3.9619998931884766,3.9730000495910645,3.9719998836517334,3.9739999771118164,3.9769999980926514,3.9739999771118164,3.9760000705718994,3.9779999256134033,3.9779999256134033,3.9760000705718994
2025-07-21T21:45:20.0,22520.0,5.5815713507788915,19.942130396935486,29.90999984741211,30.75,47.62478501951542,3.9560000896453857,3.9609999656677246,3.9619998931884766,3.9739999771118164,3.9719998836517334,3.9739999771118164,3.9769999980926514,3.9739999771118164,3.9760000705718994,3.9779999256134033,3.9779999256134033,3.9760000705718994
2025-07-21T21:45:30.0,22530.0,8.964864859707024,19.95753706903478,29.90007404909546,30.74404429382305,47.549444479837845,3.9560000896453857,3.9609999656677246,3.9619998931884766,3.9739999771118164,3.9719998836517334,3.9739999771118164,3.9769999980926514,3.9739999771118164,3.9760000705718994,3.9779999256134033,3.9779999256134033,3.9760000705718994
2025-07-21T21:45:40.0,22540.0,12.789999961853027,19.99249966621631,29.867878790202635,30.724726401585116,47.628330795853216,3.9619998931884766,3.9670000076293945,3.9679999351501465,3.9790000915527344,3.9779999256134033,3.9800000190734863,3.9839999675750732,3.9800000190734863,3.9820001125335693,3.9839999675750732,3.984999895095825,3.9830000400543213
2025-07-21T21:45:50.0,22550.0,11.829999923706055,20.02710820007053,29.855086379463827,30.715085082466757,47.59000015258789,3.9630000591278076,3.9679999351501465,3.9690001010894775,3.9809999465942383,3.9790000915527344,3.9809999465942383,3.984999895095825,3.9809999465942383,3.9830000400543213,3.984999895095825,3.984999895095825,3.9830000400543213
2025-07-21T21:46:00.0,22560.0,11.885050230026255,20.06001426077121,29.848587404146162,30.709999084472656,47.66464073499044,3.9639999866485596,3.9690001010894775,3.9690001010894775,3.9809999465942383,3.9800000190734863,3.9820001125335693,3.984999895095825,3.9809999465942383,3.9839999675750732,3.984999895095825,3.9860000610351562,3.9839999675750732
2025-07-21T21:46:10.0,22570.0,11.449999809265137,20.09285224461099,29.842114764093196,30.709999084472656,47.66999816894531,3.9639999866485596,3.9690001010894775,3.9700000286102295,3.9820001125335693,3.9800000190734863,3.9820001125335693,3.9860000610351562,3.9820001125335693,3.9839999675750732,3.9860000610351562,3.986999988555908,3.984999895095825
2025-07-21T21:46:20.0,22580.0,11.510000228881836,20.124916516888874,29.84000015258789,30.705659022653105,47.689998626708984,3.9649999141693115,3.9700000286102295,3.9709999561309814,3.9820001125335693,3.9809999465942383,3.9830000400543213,3.986999988555908,3.9830000400543213,3.984999895095825,3.9860000610351562,3.986999988555908,3.984999895095825
2025-07-21T21:46:30.0,22590.0,11.539999961853027,20.156909181231597,29.839212204964344,30.700000762939453,47.63999938964844,3.9649999141693115,3.9700000286102295,3.9709999561309814,3.9830000400543213,3.9809999465942383,3.9830000400543213,3.986999988555908,3.9830000400543213,3.984999895095825,3.986999988555908,3.986999988555908,3.984999895095825
2025-07-21T21:46:40.0,22600.0,12.819999694824219,20.192098302719266,29.832764188405033,30.700000762939453,47.63999938964844,3.9649999141693115,3.9700000286102295,3.9709999561309814,3.9830000400543213,3.9809999465942383,3.9830000400543213,3.986999988555908,3.9830000400543213,3.984999895095825,3.986999988555908,3.986999988555908,3.984999895095825
2025-07-21T21:46:50.0,22610.0,12.960000038146973,20.227865057363182,29.826319019923957,30.696319859157356,47.72999954223633,3.9670000076293945,3.9730000495910645,3.9730000495910645,3.984999895095825,3.9839999675750732,3.9860000610351562,3.989000082015991,3.984999895095825,3.98799991607666,3.989000082015991,3.990000009536743,3.98799991607666
2025-07-21T21:47:00.0,22620.0,12.900753716172279,20.263780373824112,29.81999969482422,30.690000534057617,47.68295367337013,3.9679999351501465,3.9730000495910645,3.9739999771118164,3.984999895095825,3.9839999675750732,3.9860000610351562,3.990000009536743,3.9860000610351562,3.98799991607666,3.990000009536743,3.990000009536743,3.98799991607666
2025-07-21T21:47:10.0,22630.0,12.828895150602197,20.299321339709962,29.81999969482422,30.690000534057617,47.689998626708984,3.9679999351501465,3.9739999771118164,3.9739999771118164,3.9860000610351562,3.984999895095825,3.986999988555908,3.990000009536743,3.9860000610351562,3.98799991607666,3.990000009536743,3.990999937057495,3.989000082015991
2025-07-21T21:47:20.0,22640.0,12.65999984741211,20.334352389818765,29.816937649273118,30.690000534057617,47.68000030517578,3.9690001010894775,3.9739999771118164,3.9749999046325684,3.9860000610351562,3.984999895095825,3.986999988555908,3.990999937057495,3.986999988555908,3.989000082015991,3.990999937057495,3.990999937057495,3.989000082015991
2025-07-21T21:47:30.0,22650.0,12.5,20.36963314484166,29.810481723590847,30.690000534057617,47.7400016784668,3.9690001010894775,3.9749999046325684,3.9749999046325684,3.9860000610351562,3.984999895095825,3.98799991607666,3.990999937057495,3.986999988555908,3.989000082015991,3.990999937057495,3.990999937057495,3.989000082015991
2025-07-21T21:47:40.0,22660.0,12.709326959747429,20.404654517136354,29.809999465942383,30.68403072000319,47.717418797810865,3.9700000286102295,3.9749999046325684,3.9749999046325684,3.986999988555908,3.9860000610351562,3.98799991607666,3.990999937057495,3.98799991607666,3.990000009536743,3.990999937057495,3.992000102996826,3.990000009536743
2025-07-21T21:47:50.0,22670.0,12.23068204049907,20.439172275309502,29.807579681352212,30.67758052058561,47.689998626708984,3.9700000286102295,3.9749999046325684,3.9760000705718994,3.986999988555908,3.9860000610351562,3.98799991607666,3.990999937057495,3.98799991607666,3.990000009536743,3.990999937057495,3.992000102996826,3.990000009536743
2025-07-21T21:48:00.0,22680.0,12.307856231265635,20.473584552842713,29.801132080525758,30.671132919759156,47.74511453034895,3.9700000286102295,3.9749999046325684,3.9760000705718994,3.986999988555908,3.9860000610351562,3.98799991607666,3.992000102996826,3.98799991607666,3.990000009536743,3.992000102996826,3.992000102996826,3.990999937057495
2025-07-21T21:48:10.0,22690.0,12.149999618530273,20.507746277937297,29.799999237060547,30.670000076293945,47.720001220703125,3.9700000286102295,3.9749999046325684,3.9760000705718994,3.986999988555908,3.9860000610351562,3.98799991607666,3.992000102996826,3.98799991607666,3.990000009536743,3.992000102996826,3.992000102996826,3.990999937057495
2025-07-21T21:48:20.0,22700.0,12.170000076293945,20.541508516046672,29.799999237060547,30.670000076293945,47.720001220703125,3.9700000286102295,3.9749999046325684,3.9760000705718994,3.98799991607666,3.9860000610351562,3.98799991607666,3.992000102996826,3.98799991607666,3.990000009536743,3.992000102996826,3.993000030517578,3.990999937057495
2025-07-21T21:48:30.0,22710.0,11.84000015258789,20.57503040768299,29.799999237060547,30.670000076293945,47.69366561041941,3.9709999561309814,3.9760000705718994,3.9760000705718994,3.98799991607666,3.986999988555908,3.989000082015991,3.992000102996826,3.98799991607666,3.990999937057495,3.992000102996826,3.993000030517578,3.990999937057495
2025-07-21T21:48:40.0,22720.0,12.498188107973627,20.609338149873615,29.79533952154319,30.665339471857184,47.7393746229654,3.9709999561309814,3.9760000705718994,3.9769999980926514,3.98799991607666,3.986999988555908,3.989000082015991,3.993000030517578,3.989000082015991,3.990999937057495,3.993000030517578,3.99399995803833,3.990999937057495
2025-07-21T21:48:50.0,22730.0,12.020000457763672,20.64325022505436,29.78894666286343,30.65999984741211,47.709999084472656,3.9709999561309814,3.9760000705718994,3.9769999980926514,3.98799991607666,3.986999988555908,3.989000082015991,3.993000030517578,3.989000082015991,3.990999937057495,3.993000030517578,3.993000030517578,3.990999937057495
2025-07-21T21:49:00.0,22740.0,11.602967037025376,20.67666815605316,29.78249073718116,30.65999984741211,47.74282336515537,3.9709999561309814,3.9760000705718994,3.9769999980926514,3.98799991607666,3.986999988555908,3.989000082015991,3.993000030517578,3.989000082015991,3.990999937057495,3.993000030517578,3.993000030517578,3.990999937057495
2025-07-21T21:49:10.0,22750.0,11.449999809265137,20.70877291712887,29.780000686645508,30.65999984741211,47.70000076293945,3.9709999561309814,3.9760000705718994,3.9769999980926514,3.98799991607666,3.986999988555908,3.989000082015991,3.993000030517578,3.989000082015991,3.990999937057495,3.992000102996826,3.993000030517578,3.990999937057495
2025-07-21T21:49:20.0,22760.0,11.5600004196167,20.74072187017249,29.779540408858875,30.659539569625476,47.720001220703125,3.9709999561309814,3.9760000705718994,3.9769999980926514,3.98799991607666,3.986999988555908,3.989000082015991,3.993000030517578,3.989000082015991,3.990999937057495,3.993000030517578,3.993000030517578,3.990999937057495
2025-07-21T21:49:30.0,22770.0,11.136551891673625,20.772572761925794,29.773084899929923,30.653084060696525,47.71871356964114,3.9709999561309814,3.9760000705718994,3.9769999980926514,3.98799991607666,3.986999988555908,3.989000082015991,3.993000030517578,3.989000082015991,3.990999937057495,3.993000030517578,3.993000030517578,3.990999937057495
2025-07-21T21:49:40.0,22780.0,12.019182139557936,20.804738501218097,29.766661293161015,30.646660453927616,47.720001220703125,3.9719998836517334,3.9769999980926514,3.9779999256134033,3.989000082015991,3.98799991607666,3.990000009536743,3.99399995803833,3.990000009536743,3.992000102996826,3.99399995803833,3.99399995803833,3.992000102996826
2025-07-21T21:49:50.0,22790.0,11.847145680560223,20.838022601805996,29.76026687607435,30.640266036840952,47.72297462209063,3.9719998836517334,3.9769999980926514,3.9779999256134033,3.989000082015991,3.98799991607666,3.990000009536743,3.99399995803833,3.989000082015991,3.992000102996826,3.993000030517578,3.99399995803833,3.992000102996826
2025-07-21T21:50:00.0,22800.0,11.645836931739595,20.87074742959387,29.753797899364354,30.639999389648438,47.745986836252634,3.9719998836517334,3.9769999980926514,3.9779999256134033,3.989000082015991,3.98799991607666,3.990000009536743,3.99399995803833,3.990000009536743,3.992000102996826,3.99399995803833,3.99399995803833,3.992000102996826
2025-07-21T21:50:10.0,22810.0,11.550000190734863,20.90291091913879,29.75,30.639999389648438,47.709999084472656,3.9719998836517334,3.9769999980926514,3.9779999256134033,3.989000082015991,3.98799991607666,3.990000009536743,3.99399995803833,3.990000009536743,3.992000102996826,3.99399995803833,3.99399995803833,3.992000102996826
2025-07-21T21:50:20.0,22820.0,11.627104872036654,20.935173191516864,29.75,30.639999389648438,47.75,3.9719998836517334,3.9769999980926514,3.9779999256134033,3.989000082015991,3.98799991607666,3.990000009536743,3.99399995803833,3.990000009536743,3.992000102996826,3.99399995803833,3.99399995803833,3.992000102996826
2025-07-21T21:50:30.0,22830.0,11.283908511766402,20.966654883057743,29.744360388721848,30.634359778370285,47.720001220703125,3.9719998836517334,3.9769999980926514,3.9779999256134033,3.989000082015991,3.98799991607666,3.990000009536743,3.99399995803833,3.990000009536743,3.992000102996826,3.99399995803833,3.994999885559082,3.992000102996826
2025-07-21T21:50:40.0,22840.0,12.130000114440918,21.00035517975774,29.739999771118164,30.6299991607666,47.72999954223633,3.9730000495910645,3.9779999256134033,3.9790000915527344,3.990000009536743,3.989000082015991,3.990999937057495,3.994999885559082,3.990999937057495,3.993000030517578,3.994999885559082,3.994999885559082,3.993000030517578
2025-07-21T21:50:50.0,22850.0,11.380000114440918,21.033206374162503,29.739999771118164,30.6299991607666,47.7400016784668,3.9730000495910645,3.9779999256134033,3.9779999256134033,3.990000009536743,3.989000082015991,3.990999937057495,3.99399995803833,3.990000009536743,3.993000030517578,3.99399995803833,3.994999885559082,3.993000030517578
2025-07-21T21:51:00.0,22860.0,11.59000015258789,21.064862613600294,29.734963433338475,30.624963783570124,47.7400016784668,3.9719998836517334,3.9779999256134033,3.9779999256134033,3.990000009536743,3.989000082015991,3.990999937057495,3.99399995803833,3.990000009536743,3.993000030517578,3.99399995803833,3.994999885559082,3.993000030517578
2025-07-21T21:51:10.0,22870.0,11.069999694824219,21.096543413571982,29.729999542236328,30.6200008392334,47.720001220703125,3.9730000495910645,3.9779999256134033,3.9779999256134033,3.990000009536743,3.989000082015991,3.990999937057495,3.99399995803833,3.990000009536743,3.993000030517578,3.99399995803833,3.994999885559082,3.993000030517578
2025-07-21T21:51:20.0,22880.0,11.15999984741211,21.127681313922338,29.729999542236328,30.6200008392334,47.720001220703125,3.9730000495910645,3.9779999256134033,3.9779999256134033,3.990000009536743,3.989000082015991,3.990999937057495,3.99399995803833,3.990000009536743,3.993000030517578,3.99399995803833,3.994999885559082,3.993000030517578
2025-07-21T21:51:30.0,22890.0,11.51203150596564,21.158694505288008,29.72562945515187,30.61563075214894,47.72999954223633,3.9730000495910645,3.9779999256134033,3.9779999256134033,3.990000009536743,3.989000082015991,3.990999937057495,3.99399995803833,3.990000009536743,3.993000030517578,3.99399995803833,3.994999885559082,3.993000030517578
2025-07-21T21:51:40.0,22900.0,16.5,21.198714043737716,29.719159915904307,30.610000610351562,47.810001373291016,3.9769999980926514,3.9820001125335693,3.9830000400543213,3.99399995803833,3.993000030517578,3.994999885559082,3.999000072479248,3.994999885559082,3.996999979019165,3.999000072479248,4.0,3.997999906539917
2025-07-21T21:51:50.0,22910.0,15.8181049870513,21.244398493182597,29.71268308372695,30.610000610351562,47.805490112304696,3.9779999256134033,3.9830000400543213,3.9839999675750732,3.994999885559082,3.99399995803833,3.996000051498413,4.0,3.994999885559082,3.997999906539917,3.999000072479248,4.0,3.997999906539917
2025-07-21T21:52:00.0,22920.0,15.72865301269364,21.288750736584866,29.709999084472656,30.60620285806025,47.807843780517544,3.9779999256134033,3.9830000400543213,3.9839999675750732,3.994999885559082,3.99399995803833,3.996000051498413,4.0,3.994999885559082,3.997999906539917,4.0,4.0,3.997999906539917
2025-07-21T21:52:10.0,22930.0,15.527966948024503,21.33182724670907,29.709999084472656,30.600000381469727,47.793099150110464,3.9779999256134033,3.9830000400543213,3.9839999675750732,3.994999885559082,3.99399995803833,3.996999979019165,4.0,3.996000051498413,3.997999906539917,4.0,4.000999927520752,3.999000072479248
2025-07-21T21:52:20.0,22940.0,15.470000267028809,21.375101704720592,29.709999084472656,30.600000381469727,47.81999969482422,3.9790000915527344,3.9839999675750732,3.984999895095825,3.996000051498413,3.994999885559082,3.996999979019165,4.000999927520752,3.996000051498413,3.997999906539917,4.0,4.000999927520752,3.999000072479248
2025-07-21T21:52:30.0,22950.0,15.207022923328921,21.417718538191256,29.70687800428383,30.596878705882162,47.83285119478822,3.9790000915527344,3.9839999675750732,3.984999895095825,3.996000051498413,3.994999885559082,3.996999979019165,4.000999927520752,3.996000051498413,3.999000072479248,4.000999927520752,4.000999927520752,3.999000072479248
2025-07-21T21:52:40.0,22960.0,15.529999732971191,21.461008582329423,29.70041078466339,30.590410252530393,47.84000015258789,3.9800000190734863,3.984999895095825,3.984999895095825,3.996999979019165,3.994999885559082,3.997999906539917,4.001999855041504,3.996999979019165,4.0,4.000999927520752,4.001999855041504,4.0
2025-07-21T21:52:50.0,22970.0,15.289999961853027,21.504452957083057,29.700000762939453,30.59000015258789,47.84000015258789,3.9800000190734863,3.984999895095825,3.9860000610351562,3.996999979019165,3.996000051498413,3.997999906539917,4.001999855041504,3.996999979019165,4.0,4.000999927520752,4.001999855041504,4.0
2025-07-21T21:53:00.0,22980.0,15.210000038146973,21.546854823710856,29.697561746077103,30.59000015258789,47.869998931884766,3.9800000190734863,3.984999895095825,3.9860000610351562,3.996999979019165,3.996000051498413,3.997999906539917,4.001999855041504,3.996999979019165,4.0,4.001999855041504,4.001999855041504,4.0
2025-07-21T21:53:10.0,22990.0,15.34805396054193,21.588637753905658,29.69106809095903,30.59000015258789,47.8544859190245,3.9800000190734863,3.984999895095825,3.9860000610351562,3.996999979019165,3.996000051498413,3.997999906539917,4.001999855041504,3.997999906539917,4.0,4.001999855041504,4.002999782562256,4.000999927520752
2025-07-21T21:53:20.0,23000.0,14.881789348000362,21.63084683088985,29.68458849309022,30.584588111620494,47.865643044091904,3.9800000190734863,3.984999895095825,3.9860000610351562,3.996999979019165,3.996000051498413,3.999000072479248,4.001999855041504,3.997999906539917,4.0,4.001999855041504,4.002999782562256,4.000999927520752
2025-07-21T21:53:30.0,23010.0,14.829999923706055,21.672278483218818,29.68000030517578,30.579999923706055,47.86000061035156,3.9809999465942383,3.9860000610351562,3.9860000610351562,3.997999906539917,3.996000051498413,3.999000072479248,4.001999855041504,3.997999906539917,4.000999927520752,4.001999855041504,4.002999782562256,4.000999927520752
2025-07-21T21:53:40.0,23020.0,15.34000015258789,21.714818394602606,29.68000030517578,30.579999923706055,47.86000061035156,3.9809999465942383,3.9860000610351562,3.986999988555908,3.997999906539917,3.996999979019165,4.0,4.002999782562256,3.999000072479248,4.000999927520752,4.002999782562256,4.004000186920166,4.001999855041504
2025-07-21T21:53:50.0,23030.0,15.0,21.756844328097174,29.68000030517578,30.579999923706055,47.869998931884766,3.9809999465942383,3.9860000610351562,3.986999988555908,3.997999906539917,3.996999979019165,4.0,4.002999782562256,3.999000072479248,4.000999927520752,4.002999782562256,4.004000186920166,4.000999927520752
2025-07-21T21:54:00.0,23040.0,14.95011753221992,21.798470494609347,29.678705288180968,30.57870490671124,47.825442330496664,3.9809999465942383,3.9860000610351562,3.986999988555908,3.997999906539917,3.996999979019165,3.999000072479248,4.002999782562256,3.999000072479248,4.000999927520752,4.002999782562256,4.004000186920166,4.001999855041504
2025-07-21T21:54:10.0,23050.0,14.850000381469727,21.83996301180171,29.67222047598861,30.572220094518883,47.81999969482422,3.9809999465942383,3.9860000610351562,3.986999988555908,3.997999906539917,3.996999979019165,4.0,4.002999782562256,3.999000072479248,4.000999927520752,4.002999782562256,4.004000186920166,4.001999855041504
2025-07-21T21:54:20.0,23060.0,14.350000381469727,21.880156206525367,29.670000076293945,30.56999969482422,47.86000061035156,3.9809999465942383,3.9860000610351562,3.986999988555908,3.997999906539917,3.996999979019165,4.0,4.002999782562256,3.999000072479248,4.000999927520752,4.002999782562256,4.004000186920166,4.001999855041504
2025-07-21T21:54:30.0,23070.0,14.794877771336399,21.92056328744273,29.66938895119561,30.569388569725884,47.85062450710818,3.9809999465942383,3.986999988555908,3.986999988555908,3.997999906539917,3.996999979019165,4.0,4.002999782562256,3.999000072479248,4.000999927520752,4.002999782562256,4.004000186920166,4.001999855041504
2025-07-21T21:54:40.0,23080.0,14.86917019762456,21.961734875991812,29.662928855018713,30.562928473548986,47.88354172550776,3.9820001125335693,3.98799991607666,3.98799991607666,3.999000072479248,3.997999906539917,4.000999927520752,4.004000186920166,4.0,4.001999855041504,4.004000186920166,4.005000114440918,4.002999782562256
2025-07-21T21:54:50.0,23090.0,14.859999656677246,22.003016552843192,29.656502646448057,30.559999465942383,47.88999938964844,3.9820001125335693,3.98799991607666,3.98799991607666,3.999000072479248,3.997999906539917,4.000999927520752,4.005000114440918,4.0,4.001999855041504,4.004000186920166,4.005000114440918,4.002999782562256
2025-07-21T21:55:00.0,23100.0,14.460000038146973,22.043709860982833,29.650104547355394,30.559999465942383,47.880001068115234,3.9820001125335693,3.986999988555908,3.98799991607666,3.999000072479248,3.997999906539917,4.000999927520752,4.005000114440918,4.0,4.001999855041504,4.004000186920166,4.005000114440918,4.002999782562256
2025-07-21T21:55:10.0,23110.0,14.858205977607918,22.08424733874156,29.649999618530273,30.55362059102139,47.88438971914893,3.9820001125335693,3.98799991607666,3.98799991607666,4.0,3.997999906539917,4.000999927520752,4.005000114440918,4.0,4.001999855041504,4.004000186920166,4.005000114440918,4.002999782562256
2025-07-21T21:55:20.0,23120.0,14.422235480165247,22.124855266480914,29.6471758439448,30.549999237060547,47.870953384100225,3.9830000400543213,3.98799991607666,3.98799991607666,4.0,3.997999906539917,4.000999927520752,4.005000114440918,4.0,4.001999855041504,4.004000186920166,4.005000114440918,4.002999782562256
2025-07-21T21:55:30.0,23130.0,14.760000228881836,22.165641138556737,29.640781426858137,30.549999237060547,47.83000183105469,3.9830000400543213,3.98799991607666,3.989000082015991,4.0,3.999000072479248,4.000999927520752,4.005000114440918,4.0,4.002999782562256,4.004000186920166,4.005000114440918,4.002999782562256
2025-07-21T21:55:40.0,23140.0,17.3799991607666,22.209473476653567,29.639999389648438,30.549999237060547,47.900001525878906,3.984999895095825,3.990000009536743,3.990999937057495,4.001999855041504,4.000999927520752,4.002999782562256,4.006999969482422,4.002999782562256,4.005000114440918,4.006999969482422,4.007999897003174,4.00600004196167
2025-07-21T21:55:50.0,23150.0,16.8700008392334,22.256527804928822,29.639999389648438,30.54789217390368,47.88999938964844,3.984999895095825,3.990000009536743,3.990999937057495,4.001999855041504,4.000999927520752,4.002999782562256,4.006999969482422,4.001999855041504,4.005000114440918,4.006999969482422,4.007999897003174,4.00600004196167
2025-07-21T21:56:00.0,23160.0,16.38774080108267,22.302991306610576,29.639999389648438,30.541499385199582,47.90321498100935,3.984999895095825,3.990000009536743,3.990999937057495,4.001999855041504,4.000999927520752,4.004000186920166,4.007999897003174,4.002999782562256,4.005000114440918,4.006999969482422,4.007999897003174,4.00600004196167
2025-07-21T21:56:10.0,23170.0,16.287830505371094,22.348560726675927,29.63503751328296,30.540000915527344,47.90999984741211,3.9860000610351562,3.990999937057495,3.990999937057495,4.001999855041504,4.000999927520752,4.004000186920166,4.007999897003174,4.002999782562256,4.00600004196167,4.006999969482422,4.007999897003174,4.00600004196167
2025-07-21T21:56:20.0,23180.0,16.31999969482422,22.39389094926033,29.6299991607666,30.540000915527344,47.88999938964844,3.9860000610351562,3.990999937057495,3.992000102996826,4.002999782562256,4.001999855041504,4.004000186920166,4.007999897003174,4.002999782562256,4.00600004196167,4.007999897003174,4.008999824523926,4.006999969482422
2025-07-21T21:56:30.0,23190.0,15.899280534373837,22.43910801837915,29.6299991607666,30.540000915527344,47.889137951221336,3.9860000610351562,3.990999937057495,3.992000102996826,4.002999782562256,4.001999855041504,4.004000186920166,4.007999897003174,4.002999782562256,4.00600004196167,4.007999897003174,4.008999824523926,4.00600004196167
2025-07-21T21:56:40.0,23200.0,18.100000381469727,22.484142085997732,29.625629624556087,30.540000915527344,47.95000076293945,3.98799991607666,3.993000030517578,3.99399995803833,4.005000114440918,4.004000186920166,4.006999969482422,4.010000228881836,4.00600004196167,4.007999897003174,4.010000228881836,4.011000156402588,4.007999897003174
2025-07-21T21:56:50.0,23210.0,17.846783930461587,22.534047465190294,29.6200008392334,30.539160924797486,47.939998626708984,3.98799991607666,3.993000030517578,3.99399995803833,4.005000114440918,4.004000186920166,4.006999969482422,4.010000228881836,4.00600004196167,4.007999897003174,4.010000228881836,4.011000156402588,4.008999824523926
2025-07-21T21:57:00.0,23220.0,17.059999465942383,22.582104190479853,29.6200008392334,30.532684512076912,47.93000030517578,3.98799991607666,3.993000030517578,3.99399995803833,4.005000114440918,4.004000186920166,4.006999969482422,4.010000228881836,4.00600004196167,4.007999897003174,4.010000228881836,4.011000156402588,4.008999824523926
2025-07-21T21:57:10.0,23230.0,16.709999084472656,22.629337081327378,29.6200008392334,30.530000686645508,47.95000076293945,3.98799991607666,3.993000030517578,3.99399995803833,4.005000114440918,4.004000186920166,4.006999969482422,4.010000228881836,4.00600004196167,4.007999897003174,4.010000228881836,4.011000156402588,4.008999824523926
2025-07-21T21:57:20.0,23240.0,16.469999313354492,22.67586862094714,29.61969570404444,30.52969555145655,47.938713011245675,3.98799991607666,3.993000030517578,3.99399995803833,4.005000114440918,4.004000186920166,4.006999969482422,4.010000228881836,4.00600004196167,4.007999897003174,4.010000228881836,4.011000156402588,4.008999824523926
2025-07-21T21:57:30.0,23250.0,16.440000534057617,22.72164959100452,29.61328530091506,30.52328514832717,47.970001220703125,3.98799991607666,3.993000030517578,3.99399995803833,4.005000114440918,4.004000186920166,4.006999969482422,4.011000156402588,4.00600004196167,4.007999897003174,4.010000228881836,4.011000156402588,4.008999824523926
2025-07-21T21:57:40.0,23260.0,18.450000762939453,22.768933192672137,29.610000610351562,30.520000457763672,47.970001220703125,3.990000009536743,3.994999885559082,3.996000051498413,4.006999969482422,4.00600004196167,4.007999897003174,4.01200008392334,4.006999969482422,4.010000228881836,4.01200008392334,4.013000011444092,4.011000156402588
2025-07-21T21:57:50.0,23270.0,17.920000076293945,22.819604588653714,29.610000610351562,30.520000457763672,47.9900016784668,3.990000009536743,3.994999885559082,3.996000051498413,4.006999969482422,4.00600004196167,4.007999897003174,4.01200008392334,4.007999897003174,4.010000228881836,4.01200008392334,4.013000011444092,4.011000156402588
2025-07-21T21:58:00.0,23280.0,17.77492412965916,22.869107376071018,29.60394787399948,30.520000457763672,47.967795207969786,3.990999937057495,3.994999885559082,3.996000051498413,4.006999969482422,4.00600004196167,4.008999824523926,4.013000011444092,4.007999897003174,4.010000228881836,4.01200008392334,4.013000011444092,4.011000156402588
2025-07-21T21:58:10.0,23290.0,17.349975093605412,22.918062525768217,29.600000381469727,30.517502835822018,47.96918412883108,3.990999937057495,3.996000051498413,3.996999979019165,4.006999969482422,4.00600004196167,4.008999824523926,4.013000011444092,4.007999897003174,4.010000228881836,4.01200008392334,4.013000011444092,4.011000156402588
2025-07-21T21:58:20.0,23300.0,17.3700008392334,22.96644137636602,29.600000381469727,30.511008759010643,47.9762485379487,3.990999937057495,3.996000051498413,3.996999979019165,4.007999897003174,4.006999969482422,4.008999824523926,4.013000011444092,4.007999897003174,4.011000156402588,4.01200008392334,4.013999938964844,4.011000156402588
2025-07-21T21:58:30.0,23310.0,16.984017751483147,23.01469137869723,29.594578910873174,30.510000228881836,47.97999954223633,3.990999937057495,3.996000051498413,3.996999979019165,4.007999897003174,4.006999969482422,4.008999824523926,4.013000011444092,4.007999897003174,4.011000156402588,4.013000011444092,4.013999938964844,4.011000156402588
2025-07-21T21:58:40.0,23320.0,17.98214278417343,23.06240603608655,29.59000015258789,30.510000228881836,47.98594693598704,3.990999937057495,3.996000051498413,3.996999979019165,4.007999897003174,4.006999969482422,4.008999824523926,4.013000011444092,4.007999897003174,4.011000156402588,4.013000011444092,4.013999938964844,4.011000156402588
2025-07-21T21:58:50.0,23330.0,17.1110135580363,23.111463760034713,29.59000015258789,30.510000228881836,47.97999954223633,3.990999937057495,3.996000051498413,3.996999979019165,4.007999897003174,4.006999969482422,4.010000228881836,4.013999938964844,4.008999824523926,4.011000156402588,4.013000011444092,4.013999938964844,4.01200008392334
2025-07-21T21:59:00.0,23340.0,16.69306792107907,23.15837514133447,29.585239482052824,30.50523955834677,47.970001220703125,3.990999937057495,3.996999979019165,3.996999979019165,4.007999897003174,4.006999969482422,4.010000228881836,4.013999938964844,4.008999824523926,4.011000156402588,4.013000011444092,4.013999938964844,4.01200008392334
2025-07-21T21:59:10.0,23350.0,16.969999313354492,23.204992111736868,29.579999923706055,30.5,47.95000076293945,3.990999937057495,3.996999979019165,3.996999979019165,4.007999897003174,4.006999969482422,4.010000228881836,4.013999938964844,4.008999824523926,4.011000156402588,4.013000011444092,4.013999938964844,4.01200008392334
2025-07-21T21:59:20.0,23360.0,16.809999465942383,23.25161051441822,29.579999923706055,30.5,47.9900016784668,3.992000102996826,3.996999979019165,3.996999979019165,4.007999897003174,4.006999969482422,4.010000228881836,4.013999938964844,4.008999824523926,4.011000156402588,4.013000011444092,4.013999938964844,4.01200008392334
2025-07-21T21:59:30.0,23370.0,16.6200008392334,23.298247641126782,29.579999923706055,30.5,47.97999954223633,3.992000102996826,3.996999979019165,3.997999906539917,4.007999897003174,4.006999969482422,4.010000228881836,4.013999938964844,4.008999824523926,4.011000156402588,4.013000011444092,4.013999938964844,4.01200008392334
2025-07-21T21:59:40.0,23380.0,17.771943719046305,23.345284711994534,29.579348776116724,30.5,47.98315276165847,3.993000030517578,3.997999906539917,3.997999906539917,4.010000228881836,4.007999897003174,4.011000156402588,4.014999866485596,4.010000228881836,4.013000011444092,4.013999938964844,4.014999866485596,4.013000011444092
2025-07-21T21:59:50.0,23390.0,16.770000457763672,23.393509225225916,29.57287613606376,30.5,47.9900016784668,3.993000030517578,3.997999906539917,3.997999906539917,4.008999824523926,4.007999897003174,4.011000156402588,4.014999866485596,4.010000228881836,4.01200008392334,4.013999938964844,4.015999794006348,4.013000011444092
2025-07-21T22:00:00.0,23400.0,16.970770572836802,23.44041918050177,29.56999969482422,30.496396804690825,47.99035456040326,3.993000030517578,3.997999906539917,3.997999906539917,4.008999824523926,4.007999897003174,4.011000156402588,4.014999866485596,4.010000228881836,4.01200008392334,4.013999938964844,4.014999866485596,4.013000011444092
2025-07-21T22:00:10.0,23410.0,16.5051101903426,23.48736531570481,29.56991126627234,30.489999771118164,47.9952407989502,3.993000030517578,3.997999906539917,3.997999906539917,4.008999824523926,4.007999897003174,4.011000156402588,4.014999866485596,4.010000228881836,4.013000011444092,4.013999938964844,4.014999866485596,4.013000011444092
2025-07-21T22:00:20.0,23420.0,16.549999237060547,23.53323336179992,29.563409166869324,30.489999771118164,47.97999954223633,3.993000030517578,3.997999906539917,3.999000072479248,4.008999824523926,4.007999897003174,4.011000156402588,4.014999866485596,4.010000228881836,4.013000011444092,4.013999938964844,4.014999866485596,4.013000011444092
2025-07-21T22:00:30.0,23430.0,16.459999084472656,23.578760238950984,29.559999465942383,30.48691539442802,47.97999954223633,3.993000030517578,3.997999906539917,3.999000072479248,4.008999824523926,4.007999897003174,4.011000156402588,4.014999866485596,4.010000228881836,4.013000011444092,4.013999938964844,4.014999866485596,4.013000011444092
2025-07-21T22:00:40.0,23440.0,17.342075418353144,23.625647665338985,29.559999465942383,30.480430161690126,48.0,3.99399995803833,3.999000072479248,4.0,4.011000156402588,4.008999824523926,4.01200008392334,4.015999794006348,4.011000156402588,4.013999938964844,4.014999866485596,4.017000198364258,4.013999938964844
2025-07-21T22:00:50.0,23450.0,16.845397853788462,23.673133124093948,29.553952695421604,30.486046312757107,48.000738083688866,3.99399995803833,3.999000072479248,4.0,4.011000156402588,4.008999824523926,4.01200008392334,4.015999794006348,4.011000156402588,4.013999938964844,4.014999866485596,4.017000198364258,4.013999938964844
2025-07-21T22:01:00.0,23460.0,16.68000030517578,23.719757540655603,29.549999237060547,30.48747786732351,48.00148258529675,3.99399995803833,3.999000072479248,4.0,4.011000156402588,4.010000228881836,4.01200008392334,4.015999794006348,4.011000156402588,4.013999938964844,4.014999866485596,4.017000198364258,4.013999938964844
2025-07-21T22:01:10.0,23470.0,16.540000915527344,23.766026554864187,29.549999237060547,30.48100480830232,48.0,3.99399995803833,3.999000072479248,4.0,4.011000156402588,4.010000228881836,4.013000011444092,4.015999794006348,4.011000156402588,4.013999938964844,4.015999794006348,4.017000198364258,4.013999938964844
2025-07-21T22:01:20.0,23480.0,16.505471021365523,23.81196112940358,29.549999237060547,30.479999542236328,48.0,3.99399995803833,3.999000072479248,4.0,4.011000156402588,4.010000228881836,4.013000011444092,4.015999794006348,4.01200008392334,4.013999938964844,4.015999794006348,4.017000198364258,4.014999866485596
2025-07-21T22:01:30.0,23490.0,16.34000015258789,23.857617444169723,29.549999237060547,30.478015549646333,48.0099983215332,3.99399995803833,3.999000072479248,4.0,4.011000156402588,4.010000228881836,4.013000011444092,4.015999794006348,4.01200008392334,4.013999938964844,4.015999794006348,4.017000198364258,4.014999866485596
2025-07-21T22:01:40.0,23500.0,16.84000015258789,23.904075222371354,29.549999237060547,30.471542490625144,48.0099983215332,3.994999885559082,4.0,4.000999927520752,4.01200008392334,4.010000228881836,4.013000011444092,4.017000198364258,4.01200008392334,4.014999866485596,4.015999794006348,4.017000198364258,4.014999866485596
2025-07-21T22:01:50.0,23510.0,16.18000030517578,23.94986868888319,29.545067422501166,30.469999313354492,47.97999954223633,3.994999885559082,4.0,4.0,4.011000156402588,4.010000228881836,4.013000011444092,4.017000198364258,4.01200008392334,4.013999938964844,4.015999794006348,4.017000198364258,4.014999866485596
2025-07-21T22:02:00.0,23520.0,16.0618823556341,23.994711702445287,29.540000915527344,30.469999313354492,48.009311137479905,3.994999885559082,4.0,4.000999927520752,4.011000156402588,4.010000228881836,4.013000011444092,4.017000198364258,4.01200008392334,4.013999938964844,4.015999794006348,4.017000198364258,4.014999866485596
2025-07-21T22:02:10.0,23530.0,16.09000015258789,24.03928454181559,29.540000915527344,30.469999313354492,48.029998779296875,3.994999885559082,4.0,4.000999927520752,4.01200008392334,4.010000228881836,4.013000011444092,4.017000198364258,4.01200008392334,4.013999938964844,4.015999794006348,4.017000198364258,4.014999866485596
2025-07-21T22:02:20.0,23540.0,15.930000305175781,24.083909342305862,29.540000915527344,30.46572255095745,48.0099983215332,3.994999885559082,4.0,4.000999927520752,4.01200008392334,4.010000228881836,4.013000011444092,4.017000198364258,4.01200008392334,4.014999866485596,4.015999794006348,4.01800012588501,4.014999866485596
2025-07-21T22:02:30.0,23550.0,15.84000015258789,24.128001917841637,29.539259150977273,30.459999084472656,48.0099983215332,3.994999885559082,4.0,4.000999927520752,4.01200008392334,4.011000156402588,4.013999938964844,4.017000198364258,4.01200008392334,4.014999866485596,4.015999794006348,4.01800012588501,4.014999866485596
2025-07-21T22:02:40.0,23560.0,15.94627177910239,24.17245555431651,29.532786510924304,30.459999084472656,48.003949631266224,3.994999885559082,4.0,4.000999927520752,4.01200008392334,4.011000156402588,4.013999938964844,4.01800012588501,4.013000011444092,4.014999866485596,4.017000198364258,4.019000053405762,4.015999794006348
2025-07-21T22:02:50.0,23570.0,14.930000305175781,24.215685659647455,29.530000686645508,30.459999084472656,47.98746166229249,3.994999885559082,4.0,4.000999927520752,4.011000156402588,4.010000228881836,4.013000011444092,4.017000198364258,4.01200008392334,4.013999938964844,4.015999794006348,4.017000198364258,4.014999866485596
2025-07-21T22:03:00.0,23580.0,14.65999984741211,24.256774876827073,29.529841046392107,30.459999084472656,47.9900016784668,3.99399995803833,3.999000072479248,4.0,4.011000156402588,4.010000228881836,4.013000011444092,4.015999794006348,4.01200008392334,4.013999938964844,4.015999794006348,4.017000198364258,4.014999866485596
2025-07-21T22:03:10.0,23590.0,14.626257138342527,24.29749709862544,29.523351605196886,30.459999084472656,47.98983170752433,3.99399995803833,3.999000072479248,4.0,4.011000156402588,4.010000228881836,4.013000011444092,4.015999794006348,4.01200008392334,4.013999938964844,4.015999794006348,4.017000198364258,4.014999866485596
2025-07-21T22:03:20.0,23600.0,14.228575247097732,24.33744513704241,29.520000457763672,30.45686951276168,47.99303384918014,3.99399995803833,3.999000072479248,4.0,4.011000156402588,4.010000228881836,4.013000011444092,4.015999794006348,4.01200008392334,4.013999938964844,4.015999794006348,4.017000198364258,4.014999866485596
2025-07-21T22:03:30.0,23610.0,14.050000190734863,24.37682940948136,29.520000457763672,30.450398107238573,47.97999954223633,3.99399995803833,3.999000072479248,4.0,4.011000156402588,4.010000228881836,4.013000011444092,4.015999794006348,4.01200008392334,4.013999938964844,4.015999794006348,4.017000198364258,4.014999866485596
2025-07-21T22:03:40.0,23620.0,16.469999313354492,24.417440164799896,29.513987507841513,30.450000762939453,48.02000045776367,3.996000051498413,4.000999927520752,4.001999855041504,4.013000011444092,4.01200008392334,4.013999938964844,4.01800012588501,4.013000011444092,4.015999794006348,4.017000198364258,4.019000053405762,4.015999794006348
2025-07-21T22:03:50.0,23630.0,15.8798889512723,24.462628917028315,29.510000228881836,30.447554952701886,48.02992034612916,3.996000051498413,4.000999927520752,4.001999855041504,4.013000011444092,4.01200008392334,4.013999938964844,4.01800012588501,4.013000011444092,4.015999794006348,4.017000198364258,4.019000053405762,4.015999794006348
2025-07-21T22:04:00.0,23640.0,15.470000267028809,24.506055967218813,29.510000228881836,30.441077701013413,48.0,3.996000051498413,4.000999927520752,4.001999855041504,4.013000011444092,4.01200008392334,4.013999938964844,4.01800012588501,4.013999938964844,4.015999794006348,4.017000198364258,4.019000053405762,4.015999794006348
2025-07-21T22:04:10.0,23650.0,15.520000457763672,24.549090773754855,29.504579781044384,30.440000534057617,48.01224716784908,3.996000051498413,4.000999927520752,4.001999855041504,4.013000011444092,4.01200008392334,4.013999938964844,4.01800012588501,4.013000011444092,4.015999794006348,4.01800012588501,4.019000053405762,4.015999794006348
2025-07-21T22:04:20.0,23660.0,15.170000076293945,24.592055495720114,29.5,30.440000534057617,48.02000045776367,3.996000051498413,4.000999927520752,4.001999855041504,4.013000011444092,4.01200008392334,4.014999866485596,4.01800012588501,4.013999938964844,4.015999794006348,4.01800012588501,4.019000053405762,4.017000198364258
2025-07-21T22:04:30.0,23670.0,15.249280620821896,24.634346201241485,29.5,30.440000534057617,48.02000045776367,3.996000051498413,4.000999927520752,4.001999855041504,4.013000011444092,4.01200008392334,4.014999866485596,4.01800012588501,4.013999938964844,4.015999794006348,4.01800012588501,4.019000053405762,4.017000198364258
2025-07-21T22:04:40.0,23680.0,16.01521436253057,24.677876787024545,29.5,30.440000534057617,48.03240718841551,3.996000051498413,4.000999927520752,4.001999855041504,4.013000011444092,4.01200008392334,4.014999866485596,4.01800012588501,4.013999938964844,4.015999794006348,4.01800012588501,4.019000053405762,4.017000198364258
2025-07-21T22:04:50.0,23690.0,15.259572344077077,24.72157266519567,29.498648932807804,30.43864946686542,48.02000045776367,3.996999979019165,4.001999855041504,4.002999782562256,4.013999938964844,4.013000011444092,4.014999866485596,4.019000053405762,4.013999938964844,4.015999794006348,4.01800012588501,4.019999980926514,4.017000198364258
2025-07-21T22:05:00.0,23700.0,15.209052432210866,24.764447728026383,29.492172100630448,30.432172634688065,48.02000045776367,3.996999979019165,4.001999855041504,4.002999782562256,4.013999938964844,4.01200008392334,4.014999866485596,4.019000053405762,4.013999938964844,4.015999794006348,4.01800012588501,4.019999980926514,4.017000198364258
2025-07-21T22:05:10.0,23710.0,14.93721392514938,24.80659554978974,29.489999771118164,30.43000030517578,48.02329402250403,3.996999979019165,4.001999855041504,4.002999782562256,4.013999938964844,4.013000011444092,4.014999866485596,4.019000053405762,4.013999938964844,4.017000198364258,4.01800012588501,4.019999980926514,4.017000198364258
2025-07-21T22:05:20.0,23720.0,14.760000228881836,24.848159955624944,29.489179272753653,30.42917980681127,48.029998779296875,3.996999979019165,4.001999855041504,4.002999782562256,4.013999938964844,4.013000011444092,4.014999866485596,4.019000053405762,4.013999938964844,4.017000198364258,4.01800012588501,4.019999980926514,4.017000198364258
2025-07-21T22:05:30.0,23730.0,14.814420991194483,24.889016422448627,29.48269824301818,30.422698777075798,48.020935552583325,3.996999979019165,4.001999855041504,4.002999782562256,4.013999938964844,4.013000011444092,4.014999866485596,4.019000053405762,4.013999938964844,4.017000198364258,4.019000053405762,4.019999980926514,4.01800012588501
2025-07-21T22:05:40.0,23740.0,16.330256774972476,24.932116744870548,29.479999542236328,30.420000076293945,48.04728864870576,3.997999906539917,4.002999782562256,4.004000186920166,4.014999866485596,4.013999938964844,4.017000198364258,4.019999980926514,4.014999866485596,4.01800012588501,4.019999980926514,4.020999908447266,4.019000053405762
2025-07-21T22:05:50.0,23750.0,16.030000686645508,24.976826767952648,29.479736582849927,30.420000076293945,48.04999923706055,3.997999906539917,4.002999782562256,4.004000186920166,4.014999866485596,4.013999938964844,4.017000198364258,4.019999980926514,4.015999794006348,4.01800012588501,4.019999980926514,4.020999908447266,4.019000053405762
2025-07-21T22:06:00.0,23760.0,15.5,25.020789802461668,29.47325975067257,30.420000076293945,48.04999923706055,3.997999906539917,4.002999782562256,4.004000186920166,4.014999866485596,4.013999938964844,4.017000198364258,4.019999980926514,4.015999794006348,4.01800012588501,4.019999980926514,4.020999908447266,4.019000053405762
2025-07-21T22:06:10.0,23770.0,15.107080777278865,25.063276450202935,29.469999313354492,30.416775117749417,48.035660119150194,3.997999906539917,4.002999782562256,4.004000186920166,4.014999866485596,4.013999938964844,4.017000198364258,4.019999980926514,4.015999794006348,4.01800012588501,4.019999980926514,4.020999908447266,4.019000053405762
2025-07-21T22:06:20.0,23780.0,15.42816007995648,25.106312823004398,29.469999313354492,30.41028104093804,48.05280093383788,3.997999906539917,4.002999782562256,4.004000186920166,4.014999866485596,4.013999938964844,4.017000198364258,4.019999980926514,4.015999794006348,4.01800012588501,4.019999980926514,4.020999908447266,4.019000053405762
2025-07-21T22:06:30.0,23790.0,14.854017011381307,25.148539905804732,29.469999313354492,30.40999984741211,48.02820443390714,3.997999906539917,4.002999782562256,4.004000186920166,4.014999866485596,4.013999938964844,4.017000198364258,4.019999980926514,4.015999794006348,4.01800012588501,4.019999980926514,4.020999908447266,4.019000053405762
2025-07-21T22:06:40.0,23800.0,16.31999969482422,25.190836592152323,29.46734797062018,30.40999984741211,48.04999923706055,3.999000072479248,4.004000186920166,4.005000114440918,4.015999794006348,4.014999866485596,4.01800012588501,4.020999908447266,4.017000198364258,4.019000053405762,4.020999908447266,4.021999835968018,4.019999980926514
2025-07-21T22:06:50.0,23810.0,15.75,25.235090344845393,29.4609375674908,30.40999984741211,48.060001373291016,3.999000072479248,4.004000186920166,4.005000114440918,4.015999794006348,4.014999866485596,4.01800012588501,4.020999908447266,4.017000198364258,4.019000053405762,4.020999908447266,4.021999835968018,4.019999980926514
2025-07-21T22:07:00.0,23820.0,15.260000228881836,25.278168603789744,29.459999084472656,30.40999984741211,48.04121639775293,3.999000072479248,4.004000186920166,4.005000114440918,4.015999794006348,4.014999866485596,4.01800012588501,4.020999908447266,4.017000198364258,4.019000053405762,4.020999908447266,4.021999835968018,4.019999980926514
2025-07-21T22:07:10.0,23830.0,15.069999694824219,25.32036223708279,29.458007140877626,30.408007523820206,48.029998779296875,3.999000072479248,4.004000186920166,4.005000114440918,4.015999794006348,4.014999866485596,4.01800012588501,4.020999908447266,4.017000198364258,4.019000053405762,4.020999908447266,4.021999835968018,4.019999980926514
2025-07-21T22:07:20.0,23840.0,14.989999771118164,25.36210682523907,29.45157321453708,30.401572370099593,48.04999923706055,3.999000072479248,4.004000186920166,4.005000114440918,4.015999794006348,4.014999866485596,4.01800012588501,4.020999908447266,4.017000198364258,4.019000053405762,4.020999908447266,4.021999835968018,4.019999980926514
2025-07-21T22:07:30.0,23850.0,14.873204912992758,25.40367469207625,29.450000762939453,30.399999618530273,48.04999923706055,3.999000072479248,4.004000186920166,4.005000114440918,4.015999794006348,4.014999866485596,4.01800012588501,4.020999908447266,4.017000198364258,4.019000053405762,4.020999908447266,4.021999835968018,4.019999980926514
2025-07-21T22:07:40.0,23860.0,15.84208420985896,25.4457086838711,29.450000762939453,30.399999618530273,48.06999969482422,4.0,4.005000114440918,4.00600004196167,4.017000198364258,4.015999794006348,4.019000053405762,4.021999835968018,4.01800012588501,4.019999980926514,4.020999908447266,4.0229997634887695,4.020999908447266
2025-07-21T22:07:50.0,23870.0,15.630000114440918,25.489968390111862,29.450000762939453,30.399999618530273,48.04999923706055,4.000999927520752,4.00600004196167,4.00600004196167,4.017000198364258,4.015999794006348,4.019000053405762,4.021999835968018,4.01800012588501,4.019999980926514,4.021999835968018,4.0229997634887695,4.020999908447266
2025-07-21T22:08:00.0,23880.0,15.015019831937787,25.532487578986952,29.445693470577258,30.395692326168078,48.06999969482422,4.0,4.005000114440918,4.00600004196167,4.017000198364258,4.015999794006348,4.019000053405762,4.021999835968018,4.01800012588501,4.019999980926514,4.020999908447266,4.0229997634887695,4.020999908447266
2025-07-21T22:08:10.0,23890.0,15.260000228881836,25.57437260748274,29.440000534057617,30.389999389648438,48.06999969482422,4.0,4.005000114440918,4.00600004196167,4.017000198364258,4.015999794006348,4.019000053405762,4.021999835968018,4.01800012588501,4.019999980926514,4.021999835968018,4.0229997634887695,4.020999908447266
2025-07-21T22:08:20.0,23900.0,14.90999984741211,25.615995365152827,29.440000534057617,30.389999389648438,48.06999969482422,4.0,4.00600004196167,4.00600004196167,4.017000198364258,4.015999794006348,4.019000053405762,4.021999835968018,4.01800012588501,4.019999980926514,4.021999835968018,4.0229997634887695,4.020999908447266
2025-07-21T22:08:30.0,23910.0,14.800000190734863,25.657038540137282,29.43622713163109,30.38622598722191,48.04999923706055,4.0,4.00600004196167,4.00600004196167,4.017000198364258,4.015999794006348,4.019000053405762,4.021999835968018,4.01800012588501,4.019999980926514,4.021999835968018,4.0229997634887695,4.020999908447266
2025-07-21T22:08:40.0,23920.0,14.770000457763672,25.69826368490716,29.43000030517578,30.3799991607666,48.060001373291016,4.000999927520752,4.00600004196167,4.006999969482422,4.01800012588501,4.017000198364258,4.019999980926514,4.0229997634887695,4.019000053405762,4.020999908447266,4.021999835968018,4.02400016784668,4.020999908447266
2025-07-21T22:08:50.0,23930.0,14.845019755643937,25.739720735941663,29.43000030517578,30.3799991607666,48.060001373291016,4.000999927520752,4.00600004196167,4.006999969482422,4.01800012588501,4.017000198364258,4.019999980926514,4.0229997634887695,4.019000053405762,4.020999908447266,4.021999835968018,4.02400016784668,4.020999908447266
2025-07-21T22:09:00.0,23940.0,14.9399995803833,25.78082921961566,29.426790387148685,30.3799991607666,48.05672970778652,4.000999927520752,4.00600004196167,4.006999969482422,4.01800012588501,4.015999794006348,4.019000053405762,4.0229997634887695,4.01800012588501,4.019999980926514,4.021999835968018,4.0229997634887695,4.020999908447266
2025-07-21T22:09:10.0,23950.0,14.770000457763672,25.821843492297006,29.42031355497133,30.3799991607666,48.06999969482422,4.000999927520752,4.00600004196167,4.006999969482422,4.01800012588501,4.015999794006348,4.019000053405762,4.0229997634887695,4.01800012588501,4.019999980926514,4.021999835968018,4.0229997634887695,4.020999908447266
2025-07-21T22:09:20.0,23960.0,14.40999984741211,25.862571164614298,29.420000076293945,30.3799991607666,48.060001373291016,4.000999927520752,4.00600004196167,4.006999969482422,4.01800012588501,4.017000198364258,4.019000053405762,4.0229997634887695,4.01800012588501,4.020999908447266,4.021999835968018,4.0229997634887695,4.020999908447266
2025-07-21T22:09:30.0,23970.0,14.539999961853027,25.902747686506316,29.420000076293945,30.37731437831345,48.06999969482422,4.000999927520752,4.00600004196167,4.006999969482422,4.01800012588501,4.017000198364258,4.019999980926514,4.0229997634887695,4.019000053405762,4.020999908447266,4.021999835968018,4.02400016784668,4.020999908447266
2025-07-21T22:09:40.0,23980.0,15.15999984741211,25.94339094746451,29.420000076293945,30.370838781465523,48.06999969482422,4.001999855041504,4.006999969482422,4.007999897003174,4.019000053405762,4.017000198364258,4.019999980926514,4.02400016784668,4.019000053405762,4.020999908447266,4.0229997634887695,4.02400016784668,4.021999835968018
2025-07-21T22:09:50.0,23990.0,14.700888697306688,25.98477324135271,29.414415599536714,30.364416362476167,48.08000183105469,4.000999927520752,4.006999969482422,4.006999969482422,4.019000053405762,4.017000198364258,4.019999980926514,4.0229997634887695,4.019000053405762,4.020999908447266,4.0229997634887695,4.02400016784668,4.021999835968018
2025-07-21T22:10:00.0,24000.0,14.119999885559082,26.024464591378578,29.40999984741211,30.360000610351562,48.060001373291016,4.000999927520752,4.00600004196167,4.006999969482422,4.01800012588501,4.017000198364258,4.019999980926514,4.0229997634887695,4.019000053405762,4.020999908447266,4.0229997634887695,4.02400016784668,4.021999835968018
2025-07-21T22:10:10.0,24010.0,13.9399995803833,26.063635101859774,29.40999984741211,30.360000610351562,48.04999923706055,4.000999927520752,4.00600004196167,4.006999969482422,4.01800012588501,4.017000198364258,4.019999980926514,4.0229997634887695,4.019000053405762,4.020999908447266,4.0229997634887695,4.02400016784668,4.021999835968018
2025-07-21T22:10:20.0,24020.0,13.96976486654833,26.102389457209316,29.405057360972283,30.360000610351562,48.0437938356619,4.000999927520752,4.00600004196167,4.006999969482422,4.01800012588501,4.017000198364258,4.019999980926514,4.0229997634887695,4.019000053405762,4.020999908447266,4.0229997634887695,4.02400016784668,4.021999835968018
2025-07-21T22:10:30.0,24030.0,14.0,26.14120406293704,29.399999618530273,30.360000610351562,48.09000015258789,4.000999927520752,4.006999969482422,4.006999969482422,4.01800012588501,4.017000198364258,4.019999980926514,4.0229997634887695,4.019000053405762,4.020999908447266,4.0229997634887695,4.02400016784668,4.021999835968018
2025-07-21T22:10:40.0,24040.0,14.20653180995015,26.18009295182593,29.399999618530273,30.360000610351562,48.09000015258789,4.000999927520752,4.006999969482422,4.006999969482422,4.01800012588501,4.017000198364258,4.019999980926514,4.0229997634887695,4.019000053405762,4.020999908447266,4.0229997634887695,4.025000095367432,4.021999835968018
2025-07-21T22:10:50.0,24050.0,14.180000305175781,26.219955530250807,29.3957534073548,30.35575439917609,48.09000015258789,4.001999855041504,4.006999969482422,4.007999897003174,4.019000053405762,4.01800012588501,4.019999980926514,4.02400016784668,4.019000053405762,4.020999908447266,4.0229997634887695,4.02400016784668,4.021999835968018
2025-07-21T22:11:00.0,24060.0,13.974269223547918,26.25927897529331,29.389999389648438,30.350000381469727,48.06999969482422,4.001999855041504,4.006999969482422,4.007999897003174,4.019000053405762,4.01800012588501,4.019999980926514,4.02400016784668,4.019000053405762,4.020999908447266,4.0229997634887695,4.02400016784668,4.021999835968018
2025-07-21T22:11:10.0,24070.0,13.609999656677246,26.29734933069647,29.389999389648438,30.350000381469727,48.06999969482422,4.001999855041504,4.006999969482422,4.007999897003174,4.019000053405762,4.017000198364258,4.019999980926514,4.0229997634887695,4.019000053405762,4.020999908447266,4.0229997634887695,4.02400016784668,4.021999835968018
2025-07-21T22:11:20.0,24080.0,13.620052105149329,26.335031596927053,29.386300603693183,30.346301595514472,48.068141657164375,4.001999855041504,4.006999969482422,4.007999897003174,4.019000053405762,4.01800012588501,4.019999980926514,4.0229997634887695,4.019000053405762,4.020999908447266,4.0229997634887695,4.02400016784668,4.021999835968018
2025-07-21T22:11:30.0,24090.0,13.710000038146973,26.373076702494824,29.3799991607666,30.34000015258789,48.060001373291016,4.001999855041504,4.006999969482422,4.007999897003174,4.019000053405762,4.017000198364258,4.019999980926514,4.0229997634887695,4.019000053405762,4.020999908447266,4.0229997634887695,4.02400016784668,4.021999835968018
2025-07-21T22:11:40.0,24100.0,14.204474027533234,26.410946575066454,29.3799991607666,30.34000015258789,48.08000183105469,4.002999782562256,4.007999897003174,4.008999824523926,4.019000053405762,4.01800012588501,4.019999980926514,4.0229997634887695,4.019000053405762,4.020999908447266,4.0229997634887695,4.02400016784668,4.021999835968018
2025-07-21T22:11:50.0,24110.0,14.289999961853027,26.451097506258957,29.376943290102272,30.34000015258789,48.08000183105469,4.002999782562256,4.007999897003174,4.008999824523926,4.019999980926514,4.019000053405762,4.020999908447266,4.025000095367432,4.019999980926514,4.021999835968018,4.02400016784668,4.025000095367432,4.0229997634887695
2025-07-21T22:12:00.0,24120.0,13.850000381469727,26.49063427039538,29.37046349649683,30.34000015258789,48.08000183105469,4.002999782562256,4.007999897003174,4.008999824523926,4.019999980926514,4.01800012588501,4.020999908447266,4.025000095367432,4.019999980926514,4.021999835968018,4.02400016784668,4.025000095367432,4.0229997634887695
2025-07-21T22:12:10.0,24130.0,13.760000228881836,26.529067787697254,29.3700008392334,30.334024468842927,48.06999969482422,4.002999782562256,4.007999897003174,4.008999824523926,4.019999980926514,4.01800012588501,4.020999908447266,4.02400016784668,4.019999980926514,4.021999835968018,4.02400016784668,4.025000095367432,4.0229997634887695
2025-07-21T22:12:20.0,24140.0,13.640000343322754,26.567054268489354,29.367576031324063,30.329999923706055,48.06999969482422,4.002999782562256,4.007999897003174,4.008999824523926,4.019999980926514,4.01800012588501,4.020999908447266,4.02400016784668,4.019999980926514,4.021999835968018,4.02400016784668,4.025000095367432,4.0229997634887695
2025-07-21T22:12:30.0,24150.0,13.45267499608104,26.604920291141873,29.361102972302874,30.329999923706055,48.080473618758326,4.002999782562256,4.007999897003174,4.008999824523926,4.019999980926514,4.01800012588501,4.020999908447266,4.02400016784668,4.019999980926514,4.021999835968018,4.02400016784668,4.025000095367432,4.0229997634887695
2025-07-21T22:12:40.0,24160.0,14.182019815258151,26.641971924516298,29.360000610351562,30.324622961809055,48.08749076992857,4.002999782562256,4.007999897003174,4.008999824523926,4.019999980926514,4.01800012588501,4.020999908447266,4.02400016784668,4.019999980926514,4.021999835968018,4.02400016784668,4.025000095367432,4.0229997634887695
2025-07-21T22:12:50.0,24170.0,13.960000038146973,26.681010977630557,29.358144350249535,30.31999969482422,48.06999969482422,4.002999782562256,4.008999824523926,4.008999824523926,4.019999980926514,4.019000053405762,4.021999835968018,4.025000095367432,4.020999908447266,4.0229997634887695,4.025000095367432,4.026000022888184,4.0229997634887695
2025-07-21T22:13:00.0,24180.0,13.397424518984124,26.7189689250813,29.35166751807218,30.31999969482422,48.08000183105469,4.002999782562256,4.007999897003174,4.008999824523926,4.019999980926514,4.019000053405762,4.021999835968018,4.025000095367432,4.020999908447266,4.0229997634887695,4.02400016784668,4.026000022888184,4.0229997634887695
2025-07-21T22:13:10.0,24190.0,13.300000190734863,26.75612239169989,29.350000381469727,30.31999969482422,48.06999969482422,4.002999782562256,4.007999897003174,4.008999824523926,4.019999980926514,4.019000053405762,4.021999835968018,4.025000095367432,4.020999908447266,4.0229997634887695,4.02400016784668,4.026000022888184,4.0229997634887695
2025-07-21T22:13:20.0,24200.0,13.407071745629382,26.79317229760879,29.34868255195494,30.318681865309433,48.08000183105469,4.002999782562256,4.007999897003174,4.008999824523926,4.019999980926514,4.019000053405762,4.021999835968018,4.025000095367432,4.020999908447266,4.0229997634887695,4.02400016784668,4.026000022888184,4.0229997634887695
2025-07-21T22:13:30.0,24210.0,13.140000343322754,26.830173319804608,29.342209911901975,30.312209225256467,48.08000183105469,4.002999782562256,4.007999897003174,4.008999824523926,4.019999980926514,4.019000053405762,4.021999835968018,4.025000095367432,4.020999908447266,4.0229997634887695,4.02400016784668,4.026000022888184,4.0229997634887695
2025-07-21T22:13:40.0,24220.0,14.008993265987064,26.866900809065175,29.34000015258789,30.309999465942383,48.096312818340216,4.002999782562256,4.007999897003174,4.008999824523926,4.019999980926514,4.019000053405762,4.021999835968018,4.025000095367432,4.020999908447266,4.0229997634887695,4.025000095367432,4.026000022888184,4.02400016784668
2025-07-21T22:13:50.0,24230.0,13.36217123137212,26.905038936396647,29.339251382292705,30.309250695647197,48.09779740477637,4.004000186920166,4.008999824523926,4.010000228881836,4.020999908447266,4.019000053405762,4.021999835968018,4.025000095367432,4.020999908447266,4.0229997634887695,4.025000095367432,4.026000022888184,4.02400016784668
2025-07-21T22:14:00.0,24240.0,12.989999771118164,26.941497046980267,29.33277413060423,30.30277344395872,48.08000183105469,4.002999782562256,4.008999824523926,4.008999824523926,4.019999980926514,4.019000053405762,4.021999835968018,4.025000095367432,4.020999908447266,4.0229997634887695,4.025000095367432,4.026000022888184,4.02400016784668
2025-07-21T22:14:10.0,24250.0,12.800000190734863,26.977204732433368,29.329999923706055,30.299999237060547,48.09000015258789,4.002999782562256,4.007999897003174,4.008999824523926,4.019999980926514,4.019000053405762,4.021999835968018,4.025000095367432,4.020999908447266,4.0229997634887695,4.025000095367432,4.026000022888184,4.02400016784668
2025-07-21T22:14:20.0,24260.0,12.380000114440918,27.012436305126553,29.329999923706055,30.299999237060547,48.08000183105469,4.002999782562256,4.007999897003174,4.008999824523926,4.019999980926514,4.019000053405762,4.021999835968018,4.025000095367432,4.020999908447266,4.0229997634887695,4.02400016784668,4.026000022888184,4.0229997634887695
2025-07-21T22:14:30.0,24270.0,12.460000038146973,27.04701090526734,29.329999923706055,30.299999237060547,48.08000183105469,4.002999782562256,4.007999897003174,4.008999824523926,4.019999980926514,4.019000053405762,4.020999908447266,4.025000095367432,4.020999908447266,4.0229997634887695,4.02400016784668,4.026000022888184,4.0229997634887695
2025-07-21T22:14:40.0,24280.0,13.630000114440918,27.081580050011418,29.32682475375758,30.296824672713818,48.119998931884766,4.002999782562256,4.007999897003174,4.008999824523926,4.019999980926514,4.019000053405762,4.020999908447266,4.025000095367432,4.020999908447266,4.021999835968018,4.02400016784668,4.025000095367432,4.0229997634887695
2025-07-21T22:14:50.0,24290.0,13.34000015258789,27.119096288914886,29.320339521019687,30.29034067690759,48.099998474121094,4.004000186920166,4.008999824523926,4.010000228881836,4.020999908447266,4.019999980926514,4.021999835968018,4.026000022888184,4.021999835968018,4.0229997634887695,4.025000095367432,4.026000022888184,4.02400016784668
2025-07-21T22:15:00.0,24300.0,13.079999923706055,27.155703897714293,29.31999969482422,30.290000915527344,48.09000015258789,4.004000186920166,4.008999824523926,4.010000228881836,4.020999908447266,4.019999980926514,4.021999835968018,4.026000022888184,4.021999835968018,4.0229997634887695,4.025000095367432,4.026000022888184,4.02400016784668
2025-07-21T22:15:10.0,24310.0,12.880000114440918,27.191659064242252,29.317375447505164,30.28737666820829,48.09000015258789,4.004000186920166,4.008999824523926,4.010000228881836,4.020999908447266,4.019999980926514,4.0229997634887695,4.026000022888184,4.021999835968018,4.0229997634887695,4.025000095367432,4.0269999504089355,4.02400016784668
2025-07-21T22:15:20.0,24320.0,12.670000076293945,27.22737349232641,29.31087334810215,30.280874568805274,48.08000183105469,4.004000186920166,4.008999824523926,4.010000228881836,4.020999908447266,4.019999980926514,4.021999835968018,4.026000022888184,4.021999835968018,4.02400016784668,4.025000095367432,4.026000022888184,4.02400016784668
2025-07-21T22:15:30.0,24330.0,12.710000038146973,27.262778151076578,29.304393120009664,30.280000686645508,48.099998474121094,4.004000186920166,4.008999824523926,4.010000228881836,4.020999908447266,4.019999980926514,4.0229997634887695,4.026000022888184,4.021999835968018,4.0229997634887695,4.025000095367432,4.0269999504089355,4.02400016784668
2025-07-21T22:15:40.0,24340.0,13.619999885559082,27.29815633483987,29.299999237060547,30.280000686645508,48.099998474121094,4.004000186920166,4.008999824523926,4.010000228881836,4.020999908447266,4.019999980926514,4.0229997634887695,4.026000022888184,4.021999835968018,4.02400016784668,4.025000095367432,4.0269999504089355,4.025000095367432
2025-07-21T22:15:50.0,24350.0,12.995690827620738,27.335288259757565,29.299999237060547,30.280000686645508,48.06999969482422,4.005000114440918,4.010000228881836,4.011000156402588,4.021999835968018,4.020999908447266,4.0229997634887695,4.026000022888184,4.021999835968018,4.02400016784668,4.026000022888184,4.0269999504089355,4.025000095367432
2025-07-21T22:16:00.0,24360.0,12.880000114440918,27.371149820811425,29.294947521845913,30.27494800773091,48.09000015258789,4.005000114440918,4.010000228881836,4.011000156402588,4.021999835968018,4.020999908447266,4.0229997634887695,4.026000022888184,4.021999835968018,4.02400016784668,4.026000022888184,4.0269999504089355,4.025000095367432
2025-07-21T22:16:10.0,24370.0,12.930000305175781,27.407041293785248,29.290000915527344,30.270000457763672,48.099998474121094,4.005000114440918,4.010000228881836,4.011000156402588,4.021999835968018,4.020999908447266,4.0229997634887695,4.026000022888184,4.021999835968018,4.02400016784668,4.026000022888184,4.0269999504089355,4.025000095367432
2025-07-21T22:16:20.0,24380.0,12.822299061531574,27.44248367180421,29.290000915527344,30.270000457763672,48.105385245528886,4.005000114440918,4.010000228881836,4.011000156402588,4.021999835968018,4.020999908447266,4.0229997634887695,4.026000022888184,4.021999835968018,4.02400016784668,4.026000022888184,4.0269999504089355,4.025000095367432
2025-07-21T22:16:30.0,24390.0,12.5600004196167,27.477917494370878,29.28556761042772,30.265567152664048,48.09596069435669,4.005000114440918,4.010000228881836,4.011000156402588,4.021999835968018,4.020999908447266,4.0229997634887695,4.026000022888184,4.021999835968018,4.02400016784668,4.026000022888184,4.0269999504089355,4.025000095367432
2025-07-21T22:16:40.0,24400.0,12.84000015258789,27.512485894326577,29.280000686645508,30.260000228881836,48.130001068115234,4.005000114440918,4.010000228881836,4.011000156402588,4.021999835968018,4.020999908447266,4.0229997634887695,4.0269999504089355,4.021999835968018,4.02400016784668,4.026000022888184,4.0269999504089355,4.025000095367432
2025-07-21T22:16:50.0,24410.0,13.304588531045388,27.54925663940954,29.280000686645508,30.260000228881836,48.11000061035156,4.00600004196167,4.011000156402588,4.01200008392334,4.0229997634887695,4.021999835968018,4.02400016784668,4.0269999504089355,4.0229997634887695,4.025000095367432,4.0269999504089355,4.0279998779296875,4.026000022888184
2025-07-21T22:17:00.0,24420.0,13.050000190734863,27.585904261602767,29.27611610714605,30.260000228881836,48.119998931884766,4.00600004196167,4.011000156402588,4.01200008392334,4.0229997634887695,4.021999835968018,4.02400016784668,4.0269999504089355,4.0229997634887695,4.025000095367432,4.0269999504089355,4.0279998779296875,4.026000022888184
2025-07-21T22:17:10.0,24430.0,12.911473181406544,27.62219206179613,29.269625936838057,30.260000228881836,48.11000061035156,4.00600004196167,4.011000156402588,4.01200008392334,4.0229997634887695,4.021999835968018,4.02400016784668,4.0269999504089355,4.0229997634887695,4.025000095367432,4.0269999504089355,4.0279998779296875,4.026000022888184
2025-07-21T22:17:20.0,24440.0,12.793420256470592,27.657838861008162,29.263123837435042,30.260000228881836,48.110182917745504,4.00600004196167,4.011000156402588,4.01200008392334,4.0229997634887695,4.021999835968018,4.02400016784668,4.0269999504089355,4.0229997634887695,4.025000095367432,4.0269999504089355,4.0279998779296875,4.026000022888184
2025-07-21T22:17:30.0,24450.0,12.760000228881836,27.693211149797115,29.260000228881836,30.256630501951225,48.104457999834054,4.00600004196167,4.011000156402588,4.01200008392334,4.0229997634887695,4.021999835968018,4.02400016784668,4.0269999504089355,4.0229997634887695,4.025000095367432,4.0269999504089355,4.0279998779296875,4.026000022888184
2025-07-21T22:17:40.0,24460.0,12.75,27.728373897272157,29.260000228881836,30.25014526921333,48.099998474121094,4.00600004196167,4.011000156402588,4.01200008392334,4.0229997634887695,4.021999835968018,4.02400016784668,4.0269999504089355,4.02400016784668,4.025000095367432,4.0269999504089355,4.0279998779296875,4.026000022888184
2025-07-21T22:17:50.0,24470.0,13.435189656027076,27.764931236520816,29.260000228881836,30.25,48.11938061463205,4.006999969482422,4.01200008392334,4.013000011444092,4.02400016784668,4.021999835968018,4.025000095367432,4.0279998779296875,4.02400016784668,4.026000022888184,4.0279998779296875,4.0289998054504395,4.0269999504089355
2025-07-21T22:18:00.0,24480.0,13.420000076293945,27.80252479306268,29.260000228881836,30.247181983624646,48.130001068115234,4.006999969482422,4.01200008392334,4.013000011444092,4.02400016784668,4.0229997634887695,4.025000095367432,4.0279998779296875,4.025000095367432,4.026000022888184,4.0279998779296875,4.0289998054504395,4.0269999504089355
2025-07-21T22:18:10.0,24490.0,13.430000305175781,27.839814837999814,29.260000228881836,30.240696330286664,48.12567226434847,4.007999897003174,4.013000011444092,4.013000011444092,4.02400016784668,4.0229997634887695,4.026000022888184,4.0289998054504395,4.025000095367432,4.026000022888184,4.0279998779296875,4.0289998054504395,4.0269999504089355
2025-07-21T22:18:20.0,24500.0,13.359999656677246,27.877241387477923,29.25425251201131,30.239999771118164,48.119998931884766,4.007999897003174,4.013000011444092,4.013999938964844,4.025000095367432,4.0229997634887695,4.026000022888184,4.0289998054504395,4.025000095367432,4.0269999504089355,4.0279998779296875,4.03000020980835,4.0279998779296875
2025-07-21T22:18:30.0,24510.0,13.437859886314264,27.914438232141805,29.25,30.237797386080373,48.130001068115234,4.007999897003174,4.013000011444092,4.013999938964844,4.025000095367432,4.0229997634887695,4.026000022888184,4.0289998054504395,4.025000095367432,4.0269999504089355,4.0279998779296875,4.03000020980835,4.0279998779296875
2025-07-21T22:18:40.0,24520.0,6.300000190734863,27.950714023644338,29.25,30.23131215334248,48.0,4.007999897003174,4.013000011444092,4.013999938964844,4.025000095367432,4.0229997634887695,4.026000022888184,4.0289998054504395,4.025000095367432,4.0269999504089355,4.0289998054504395,4.03000020980835,4.0279998779296875
2025-07-21T22:18:50.0,24530.0,3.5999999046325684,27.962528440401098,29.24484076160663,30.229999542236328,47.97999954223633,3.999000072479248,4.005000114440918,4.005000114440918,4.017000198364258,4.014999866485596,4.01800012588501,4.019999980926514,4.017000198364258,4.019000053405762,4.020999908447266,4.020999908447266,4.019999980926514
2025-07-21T22:19:00.0,24540.0,-27.0,27.927588940276245,29.239999771118164,30.229999542236328,47.5099983215332,3.9739999771118164,3.9800000190734863,3.9820001125335693,3.993000030517578,3.992000102996826,3.993000030517578,3.993000030517578,3.993000030517578,3.99399995803833,3.996000051498413,3.996000051498413,3.99399995803833
2025-07-21T22:19:10.0,24550.0,-27.20342502469331,27.852062202289574,29.239999771118164,30.229999542236328,47.600745496562894,3.9679999351501465,3.9749999046325684,3.9760000705718994,3.98799991607666,3.986999988555908,3.98799991607666,3.989000082015991,3.989000082015991,3.990000009536743,3.992000102996826,3.990999937057495,3.990000009536743
2025-07-21T22:19:20.0,24560.0,-27.559999465942383,27.776212018093208,29.239999771118164,30.229999542236328,47.439998626708984,3.9609999656677246,3.9670000076293945,3.9690001010894775,3.9809999465942383,3.9800000190734863,3.9809999465942383,3.9830000400543213,3.9830000400543213,3.9839999675750732,3.9860000610351562,3.984999895095825,3.9839999675750732
2025-07-21T22:19:30.0,24570.0,-27.520000457763672,27.700209481972795,29.244180979364742,30.229999542236328,47.2400016784668,3.9579999446868896,3.9649999141693115,3.9660000801086426,3.9779999256134033,3.9769999980926514,3.9779999256134033,3.9779999256134033,3.9779999256134033,3.9800000190734863,3.9809999465942383,3.9809999465942383,3.9790000915527344
2025-07-21T22:19:40.0,24580.0,-27.540000915527344,27.623709122708842,29.270054792771823,30.229999542236328,47.27000045776367,3.9539999961853027,3.9609999656677246,3.9619998931884766,3.9739999771118164,3.9730000495910645,3.9739999771118164,3.9739999771118164,3.9739999771118164,3.9760000705718994,3.9769999980926514,3.9769999980926514,3.9749999046325684
2025-07-21T22:19:50.0,24590.0,-62.959999084472656,27.477687534870785,29.283990667136568,30.229999542236328,46.79999923706055,3.9210000038146973,3.928999900817871,3.930000066757202,3.944999933242798,3.943000078201294,3.943000078201294,3.940000057220459,3.943000078201294,3.944000005722046,3.944999933242798,3.944000005722046,3.943000078201294
2025-07-21T22:20:00.0,24600.0,-62.470001220703125,27.30130766662725,29.2909437784425,30.229999542236328,46.66999816894531,3.9159998893737793,3.9240000247955322,3.924999952316284,3.940000057220459,3.937999963760376,3.937999963760376,3.934999942779541,3.938999891281128,3.940000057220459,3.940000057220459,3.937999963760376,3.937000036239624
2025-07-21T22:20:10.0,24610.0,-64.44999694824219,27.12683161563153,29.303913006986626,30.229999542236328,46.599998474121094,3.9070000648498535,3.9149999618530273,3.9159998893737793,3.930999994277954,3.928999900817871,3.928999900817871,3.927999973297119,3.930999994277954,3.933000087738037,3.934999942779541,3.933000087738037,3.933000087738037
2025-07-21T22:20:20.0,24620.0,-64.18000030517578,26.95009796876293,29.313451925913494,30.226547082265217,46.52000045776367,3.9019999504089355,3.9100000858306885,3.9110000133514404,3.927000045776367,3.924999952316284,3.924999952316284,3.9260001182556152,3.928999900817871,3.930999994277954,3.930999994277954,3.928999900817871,3.927999973297119
2025-07-21T22:20:30.0,24630.0,-64.12230741265543,26.774261663451938,29.319957409182965,30.220041598995746,46.4932384446644,3.8980000019073486,3.9059998989105225,3.9070000648498535,3.9230000972747803,3.921999931335449,3.9210000038146973,3.9189999103546143,3.9230000972747803,3.924999952316284,3.9260001182556152,3.9230000972747803,3.921999931335449
2025-07-21T22:20:40.0,24640.0,-63.4900016784668,26.598808106745828,29.339330184598076,30.219999313354492,46.45000076293945,3.8940000534057617,3.9019999504089355,3.9030001163482666,3.9189999103546143,3.9170000553131104,3.9159998893737793,3.9149999618530273,3.9189999103546143,3.9200000762939453,3.9210000038146973,3.9189999103546143,3.9179999828338623
2025-07-21T22:20:50.0,24650.0,-62.83000183105469,26.422913940864355,29.35586545077237,30.219999313354492,46.43000030517578,3.8929998874664307,3.9010000228881836,3.9019999504089355,3.9170000553131104,3.9159998893737793,3.9149999618530273,3.9140000343322754,3.9170000553131104,3.9189999103546143,3.9200000762939453,3.9170000553131104,3.9170000553131104
2025-07-21T22:21:00.0,24660.0,-64.30999755859375,26.247146891888725,29.36885276100852,30.219999313354492,46.369998931884766,3.888000011444092,3.8959999084472656,3.8980000019073486,3.9140000343322754,3.9119999408721924,3.9110000133514404,3.9089999198913574,3.9130001068115234,3.9149999618530273,3.9149999618530273,3.9119999408721924,3.9119999408721924
2025-07-21T22:21:10.0,24670.0,-64.21103741495259,26.070489234144638,29.393678174204638,30.22591892936013,46.35086372724546,3.884999990463257,3.8929998874664307,3.8940000534057617,3.9110000133514404,3.9089999198913574,3.9079999923706055,3.9059998989105225,3.9100000858306885,3.9119999408721924,3.9130001068115234,3.9100000858306885,3.9089999198913574
2025-07-21T22:21:20.0,24680.0,-63.969180200051724,25.89221914661853,29.41478245365727,30.229999542236328,46.357974248183375,3.881999969482422,3.890000104904175,3.8910000324249268,3.9079999923706055,3.9059998989105225,3.9040000438690186,3.9030001163482666,3.9070000648498535,3.9089999198913574,3.9100000858306885,3.9070000648498535,3.9059998989105225
2025-07-21T22:21:30.0,24690.0,-63.028352380889025,25.71501530868552,29.4276527610985,30.229999542236328,46.29897430599552,3.880000114440918,3.888000011444092,3.8889999389648438,3.9059998989105225,3.9040000438690186,3.9030001163482666,3.9019999504089355,3.9059998989105225,3.9070000648498535,3.9079999923706055,3.9049999713897705,3.9049999713897705
2025-07-21T22:21:40.0,24700.0,-63.459999084472656,25.53983290250376,29.440618730024855,30.229999542236328,46.2400016784668,3.877000093460083,3.885999917984009,3.88700008392334,3.9040000438690186,3.9019999504089355,3.9000000953674316,3.8989999294281006,3.9030001163482666,3.9049999713897705,3.9059998989105225,3.9030001163482666,3.9019999504089355
2025-07-21T22:21:50.0,24710.0,-63.664138958500175,25.36431300841459,29.453603590894033,30.229999542236328,46.22999954223633,3.874000072479248,3.882999897003174,3.884000062942505,3.9030001163482666,3.9000000953674316,3.8989999294281006,3.8980000019073486,3.9019999504089355,3.9040000438690186,3.9040000438690186,3.9010000228881836,3.9010000228881836
2025-07-21T22:22:00.0,24720.0,-63.91943176550946,25.186561388429222,29.466582077762123,30.229999542236328,46.24081679475221,3.872999906539917,3.881999969482422,3.881999969482422,3.9000000953674316,3.8980000019073486,3.8959999084472656,3.8949999809265137,3.8989999294281006,3.9010000228881836,3.9019999504089355,3.8980000019073486,3.8980000019073486
2025-07-21T22:22:10.0,24730.0,-63.84000015258789,25.01114483007982,29.484359332750074,30.229999542236328,46.18000030517578,3.869999885559082,3.878999948501587,3.880000114440918,3.8980000019073486,3.8959999084472656,3.8940000534057617,3.8929998874664307,3.8970000743865967,3.8989999294281006,3.8989999294281006,3.8959999084472656,3.8959999084472656
2025-07-21T22:22:20.0,24740.0,-64.31999969482422,24.834802247744882,29.501271586375193,30.229999542236328,46.189998626708984,3.86899995803833,3.878000020980835,3.878999948501587,3.8970000743865967,3.8949999809265137,3.8929998874664307,3.8919999599456787,3.8959999084472656,3.8980000019073486,3.8980000019073486,3.8949999809265137,3.8949999809265137
2025-07-21T22:22:30.0,24750.0,-64.01775106128949,24.658213128187608,29.507706740095806,30.229999542236328,46.130001068115234,3.865999937057495,3.875999927520752,3.875999927520752,3.8940000534057617,3.8919999599456787,3.890000104904175,3.8889999389648438,3.8929998874664307,3.8959999084472656,3.8959999084472656,3.8919999599456787,3.8919999599456787
2025-07-21T22:22:40.0,24760.0,-63.310001373291016,24.481212230373174,29.52254632499947,30.229999542236328,46.130001068115234,3.865999937057495,3.875,3.875999927520752,3.8940000534057617,3.8919999599456787,3.8889999389648438,3.8889999389648438,3.8929998874664307,3.8949999809265137,3.8940000534057617,3.8910000324249268,3.8910000324249268
2025-07-21T22:22:50.0,24770.0,-62.560001373291016,24.303620035464185,29.541355739603386,30.229999542236328,46.15999984741211,3.864000082015991,3.872999906539917,3.872999906539917,3.8919999599456787,3.890000104904175,3.88700008392334,3.885999917984009,3.8910000324249268,3.8929998874664307,3.8929998874664307,3.8889999389648438,3.8889999389648438
2025-07-21T22:23:00.0,24780.0,-62.88999938964844,24.127793000081596,29.554308168628673,30.229999542236328,46.1077568348597,3.86299991607666,3.871999979019165,3.871999979019165,3.8910000324249268,3.8889999389648438,3.885999917984009,3.884999990463257,3.8889999389648438,3.8919999599456787,3.8919999599456787,3.888000011444092,3.888000011444092
2025-07-21T22:23:10.0,24790.0,-64.3499984741211,23.951122506751172,29.567214560293937,30.233607089412104,46.13999938964844,3.859999895095825,3.86899995803833,3.869999885559082,3.888000011444092,3.885999917984009,3.884000062942505,3.882999897003174,3.88700008392334,3.8889999389648438,3.8889999389648438,3.885999917984009,3.884999990463257
2025-07-21T22:23:20.0,24800.0,-62.72999954223633,23.774644322320306,29.58004278182983,30.239999771118164,46.068637915417135,3.8580000400543213,3.867000102996826,3.868000030517578,3.88700008392334,3.884999990463257,3.881999969482422,3.88100004196167,3.885999917984009,3.888000011444092,3.888000011444092,3.884000062942505,3.884000062942505
2025-07-21T22:23:30.0,24810.0,-63.7599983215332,23.597878800774897,29.58653643694791,30.239999771118164,46.09000015258789,3.8559999465942383,3.865999937057495,3.865999937057495,3.884999990463257,3.882999897003174,3.880000114440918,3.880000114440918,3.884000062942505,3.885999917984009,3.885999917984009,3.882999897003174,3.882999897003174
2025-07-21T22:23:40.0,24820.0,-63.257018045662626,23.420767694326194,29.5990787701304,30.24302597696567,46.04854935290768,3.8550000190734863,3.865000009536743,3.865000009536743,3.884000062942505,3.881999969482422,3.878999948501587,3.878000020980835,3.882999897003174,3.884999990463257,3.884999990463257,3.88100004196167,3.88100004196167
2025-07-21T22:23:50.0,24830.0,-63.902796587698056,23.245744684306466,29.618535730144348,30.24951163030365,45.99649604383367,3.8529999256134033,3.86299991607666,3.86299991607666,3.881999969482422,3.880000114440918,3.877000093460083,3.877000093460083,3.88100004196167,3.882999897003174,3.884999990463257,3.88100004196167,3.88100004196167
2025-07-21T22:24:00.0,24840.0,-63.04364647027144,23.068080454690936,29.626000480973666,30.25,46.01216332901474,3.8519999980926514,3.861999988555908,3.861999988555908,3.88100004196167,3.878999948501587,3.875999927520752,3.875,3.880000114440918,3.881999969482422,3.881999969482422,3.878000020980835,3.878000020980835
2025-07-21T22:24:10.0,24850.0,-64.33000183105469,22.8924580147597,29.634947049640825,30.25,46.00716941733111,3.8499999046325684,3.859999895095825,3.859999895095825,3.878999948501587,3.877000093460083,3.874000072479248,3.874000072479248,3.878000020980835,3.880000114440918,3.880000114440918,3.875999927520752,3.875999927520752
2025-07-21T22:24:20.0,24860.0,-64.47000122070312,22.71328940664525,29.647842251293742,30.25,45.959999084472656,3.8489999771118164,3.8589999675750732,3.8589999675750732,3.878000020980835,3.875999927520752,3.872999906539917,3.871999979019165,3.877000093460083,3.878999948501587,3.878999948501587,3.875,3.875
2025-07-21T22:24:30.0,24870.0,-63.23279458163699,22.53650495880996,29.655354380661265,30.25,45.95322897917304,3.8480000495910645,3.8580000400543213,3.8580000400543213,3.877000093460083,3.875,3.871999979019165,3.871000051498413,3.875999927520752,3.878000020980835,3.878000020980835,3.874000072479248,3.874000072479248
2025-07-21T22:24:40.0,24880.0,-64.0971818923954,22.36030318588278,29.661802486072887,30.25,45.970001220703125,3.8459999561309814,3.8559999465942383,3.8559999465942383,3.875,3.872999906539917,3.869999885559082,3.871000051498413,3.875,3.878000020980835,3.877000093460083,3.872999906539917,3.872999906539917
2025-07-21T22:24:50.0,24890.0,-56.209999084472656,22.196599455712853,29.66829614119096,30.25,45.9907515525818,3.8499999046325684,3.859999895095825,3.859999895095825,3.878999948501587,3.877000093460083,3.874000072479248,3.874000072479248,3.878000020980835,3.880000114440918,3.880000114440918,3.875999927520752,3.875999927520752
2025-07-21T22:25:00.0,24900.0,-57.09000015258789,22.039908881022352,29.67958574078159,30.25,46.0,3.8489999771118164,3.8589999675750732,3.859999895095825,3.878000020980835,3.877000093460083,3.872999906539917,3.872999906539917,3.877000093460083,3.880000114440918,3.878999948501587,3.875999927520752,3.875
2025-07-21T22:25:10.0,24910.0,-57.869998931884766,21.882144519894076,29.69128020252149,30.251279668463873,46.0,3.8480000495910645,3.8589999675750732,3.8589999675750732,3.877000093460083,3.875999927520752,3.871999979019165,3.871999979019165,3.875999927520752,3.878999948501587,3.878000020980835,3.875,3.874000072479248
2025-07-21T22:25:20.0,24920.0,-56.040000915527344,21.722798235301127,29.697723648965972,30.257723114908355,45.9900016784668,3.8480000495910645,3.8580000400543213,3.8580000400543213,3.877000093460083,3.875,3.871999979019165,3.871999979019165,3.875999927520752,3.878000020980835,3.878000020980835,3.874000072479248,3.874000072479248
2025-07-21T22:25:30.0,24930.0,-56.70673146465887,21.567454272665664,29.704193586535904,30.260000228881836,45.99873705412213,3.8469998836517334,3.8580000400543213,3.8580000400543213,3.875999927520752,3.875,3.871000051498413,3.871000051498413,3.875,3.878000020980835,3.877000093460083,3.872999906539917,3.872999906539917
2025-07-21T22:25:40.0,24940.0,-57.66341062586944,21.409690146190012,29.711357004145736,30.260679188718374,45.99666016942316,3.8459999561309814,3.8559999465942383,3.8570001125335693,3.875,3.874000072479248,3.869999885559082,3.869999885559082,3.874000072479248,3.875999927520752,3.875999927520752,3.871999979019165,3.871999979019165
2025-07-21T22:25:50.0,24950.0,-64.52999877929688,21.239105726972376,29.724326628530452,30.267164000910736,45.849998474121094,3.8389999866485596,3.8499999046325684,3.8499999046325684,3.875,3.872999906539917,3.86899995803833,3.865000009536743,3.86899995803833,3.871999979019165,3.871000051498413,3.867000102996826,3.867000102996826
2025-07-21T22:26:00.0,24960.0,-63.83615944967131,21.060853956734558,29.73364813417467,30.270000457763672,45.82979129992034,3.8380000591278076,3.8480000495910645,3.8480000495910645,3.867000102996826,3.865999937057495,3.861999988555908,3.8610000610351562,3.865999937057495,3.86899995803833,3.868000030517578,3.864000082015991,3.864000082015991
2025-07-21T22:26:10.0,24970.0,-62.99025418296326,20.88402900913472,29.740132420644862,30.27013310729037,45.81570708211263,3.8359999656677246,3.8459999561309814,3.8459999561309814,3.865999937057495,3.865000009536743,3.859999895095825,3.859999895095825,3.865000009536743,3.867000102996826,3.867000102996826,3.86299991607666,3.86299991607666
2025-07-21T22:26:20.0,24980.0,-64.05000305175781,20.70733402642378,29.746571718057506,30.276572404703014,45.810001373291016,3.8350000381469727,3.8450000286102295,3.8450000286102295,3.865000009536743,3.86299991607666,3.8589999675750732,3.8589999675750732,3.86299991607666,3.865999937057495,3.865000009536743,3.8610000610351562,3.8610000610351562
2025-07-21T22:26:30.0,24990.0,-63.5,20.531079858082883,29.753007142781446,30.280000686645508,45.779998779296875,3.8329999446868896,3.8440001010894775,3.8440001010894775,3.86299991607666,3.861999988555908,3.8570001125335693,3.8570001125335693,3.861999988555908,3.864000082015991,3.86299991607666,3.8589999675750732,3.8589999675750732
2025-07-21T22:26:40.0,25000.0,-63.77407928466793,20.354205859962256,29.759438158139538,30.280000686645508,45.77000045776367,3.8329999446868896,3.8429999351501465,3.8429999351501465,3.86299991607666,3.8610000610351562,3.8559999465942383,3.8559999465942383,3.8610000610351562,3.86299991607666,3.86299991607666,3.8589999675750732,3.8589999675750732
2025-07-21T22:26:50.0,25010.0,-56.491804594152505,20.190990409396704,29.765919036118078,30.28591949388175,45.898578601134446,3.8359999656677246,3.8459999561309814,3.8459999561309814,3.865000009536743,3.864000082015991,3.859999895095825,3.859999895095825,3.864000082015991,3.867000102996826,3.865999937057495,3.861999988555908,3.861999988555908
2025-07-21T22:27:00.0,25020.0,-55.779998779296875,20.032452298856526,29.7748145410654,30.290000915527344,45.900001525878906,3.8350000381469727,3.8459999561309814,3.8459999561309814,3.865000009536743,3.864000082015991,3.8589999675750732,3.8589999675750732,3.86299991607666,3.865999937057495,3.865000009536743,3.861999988555908,3.861999988555908
2025-07-21T22:27:10.0,25030.0,-57.939998626708984,19.873592428118602,29.787801008024477,30.290000915527344,45.86000061035156,3.8350000381469727,3.8450000286102295,3.8450000286102295,3.864000082015991,3.86299991607666,3.8580000400543213,3.8580000400543213,3.86299991607666,3.865000009536743,3.865000009536743,3.8610000610351562,3.8610000610351562
2025-07-21T22:27:20.0,25040.0,-57.65999984741211,19.712903564152406,29.790000915527344,30.290000915527344,45.81999969482422,3.8340001106262207,3.8440001010894775,3.8440001010894775,3.86299991607666,3.861999988555908,3.8580000400543213,3.8580000400543213,3.861999988555908,3.865000009536743,3.864000082015991,3.859999895095825,3.859999895095825
2025-07-21T22:27:30.0,25050.0,-57.29306459078876,19.55342028768773,29.79361989871069,30.290000915527344,45.84097147724748,3.8329999446868896,3.8440001010894775,3.8429999351501465,3.86299991607666,3.861999988555908,3.8570001125335693,3.8570001125335693,3.8610000610351562,3.864000082015991,3.86299991607666,3.8589999675750732,3.8589999675750732
2025-07-21T22:27:40.0,25060.0,-56.29999923706055,19.394410910650045,29.80660512721211,30.290000915527344,45.77000045776367,3.8320000171661377,3.8429999351501465,3.8429999351501465,3.861999988555908,3.859999895095825,3.8559999465942383,3.8559999465942383,3.859999895095825,3.86299991607666,3.861999988555908,3.8580000400543213,3.8580000400543213
2025-07-21T22:27:50.0,25070.0,-56.73803921749744,19.23707016633691,29.81479256720917,30.290000915527344,45.80855250107609,3.8310000896453857,3.8420000076293945,3.8420000076293945,3.859999895095825,3.8589999675750732,3.8550000190734863,3.8550000190734863,3.8589999675750732,3.861999988555908,3.8610000610351562,3.8570001125335693,3.8570001125335693
2025-07-21T22:28:00.0,25080.0,-56.961732762654705,19.07895208884473,29.81999969482422,30.290000915527344,45.81999969482422,3.8299999237060547,3.8410000801086426,3.8410000801086426,3.8589999675750732,3.8580000400543213,3.8540000915527344,3.8540000915527344,3.8580000400543213,3.8610000610351562,3.859999895095825,3.8559999465942383,3.8559999465942383
2025-07-21T22:28:10.0,25090.0,-55.95000076293945,18.92262355634181,29.81999969482422,30.290000915527344,45.810001373291016,3.8299999237060547,3.8399999141693115,3.8399999141693115,3.8589999675750732,3.8580000400543213,3.8529999256134033,3.8529999256134033,3.8570001125335693,3.859999895095825,3.8589999675750732,3.8550000190734863,3.8550000190734863
2025-07-21T22:28:20.0,25100.0,-56.31999969482422,18.76704696579531,29.832710211912577,30.29423694646238,45.7599983215332,3.828000068664551,3.8389999866485596,3.8389999866485596,3.8580000400543213,3.8570001125335693,3.8519999980926514,3.8519999980926514,3.8559999465942383,3.8589999675750732,3.8589999675750732,3.8540000915527344,3.8550000190734863
2025-07-21T22:28:30.0,25110.0,-57.349998474121094,18.609304361276845,29.850000381469727,30.299999237060547,45.7599983215332,3.8269999027252197,3.8380000591278076,3.8380000591278076,3.8559999465942383,3.8559999465942383,3.8510000705718994,3.8510000705718994,3.8550000190734863,3.8580000400543213,3.8570001125335693,3.8529999256134033,3.8529999256134033
2025-07-21T22:28:40.0,25120.0,-57.07316060879123,18.451044797979147,29.850000381469727,30.299999237060547,45.792790453057485,3.8269999027252197,3.8380000591278076,3.8369998931884766,3.8570001125335693,3.8550000190734863,3.8499999046325684,3.8499999046325684,3.8550000190734863,3.8570001125335693,3.8559999465942383,3.8519999980926514,3.8529999256134033
2025-07-21T22:28:50.0,25130.0,-60.88805767882183,18.28651333793556,29.857333016829056,30.307331872419876,45.71525410670862,3.822000026702881,3.8329999446868896,3.8329999446868896,3.8519999980926514,3.8510000705718994,3.8459999561309814,3.8459999561309814,3.8499999046325684,3.8529999256134033,3.8519999980926514,3.8480000495910645,3.8480000495910645
2025-07-21T22:29:00.0,25140.0,-62.13999938964844,18.116092808849764,29.870160449038536,30.31999969482422,45.689998626708984,3.821000099182129,3.8320000171661377,3.8310000896453857,3.8510000705718994,3.8499999046325684,3.8450000286102295,3.8450000286102295,3.8489999771118164,3.8519999980926514,3.8510000705718994,3.8469998836517334,3.8469998836517334
2025-07-21T22:29:10.0,25150.0,-61.596666218875384,17.943481699434074,29.87664865249941,30.31999969482422,45.69043009140911,3.819999933242798,3.8310000896453857,3.8299999237060547,3.8499999046325684,3.8489999771118164,3.8429999351501465,3.8429999351501465,3.8480000495910645,3.8510000705718994,3.8499999046325684,3.8450000286102295,3.8459999561309814
2025-07-21T22:29:20.0,25160.0,-60.172975921630844,17.775261022784132,29.8799991607666,30.31999969482422,45.633439515276656,3.819000005722046,3.8299999237060547,3.8299999237060547,3.8489999771118164,3.8480000495910645,3.8429999351501465,3.8429999351501465,3.8469998836517334,3.8499999046325684,3.8489999771118164,3.8450000286102295,3.8450000286102295
2025-07-21T22:29:30.0,25170.0,-61.114767382897234,17.60708636665366,29.8799991607666,30.31999969482422,45.62063039492257,3.816999912261963,3.8289999961853027,3.828000068664551,3.8480000495910645,3.8459999561309814,3.8410000801086426,3.8410000801086426,3.8459999561309814,3.8489999771118164,3.8469998836517334,3.8429999351501465,3.8429999351501465
2025-07-21T22:29:40.0,25180.0,-61.77000045776367,17.434874620068026,29.891960874130916,30.325980551506376,45.61000061035156,3.815999984741211,3.8269999027252197,3.8259999752044678,3.8459999561309814,3.8450000286102295,3.8389999866485596,3.8389999866485596,3.8440001010894775,3.8469998836517334,3.8459999561309814,3.8420000076293945,3.8420000076293945
2025-07-21T22:29:50.0,25190.0,-61.209999084472656,17.264844219225996,29.899999618530273,30.329999923706055,45.561190890642486,3.815000057220459,3.8259999752044678,3.825000047683716,3.8450000286102295,3.8440001010894775,3.8380000591278076,3.8380000591278076,3.8429999351501465,3.8459999561309814,3.8450000286102295,3.8399999141693115,3.8410000801086426
2025-07-21T22:30:00.0,25200.0,-62.16999816894531,17.095601483545522,29.899999618530273,30.329999923706055,45.630001068115234,3.812999963760376,3.8239998817443848,3.8239998817443848,3.8429999351501465,3.8420000076293945,3.8369998931884766,3.8369998931884766,3.8410000801086426,3.8450000286102295,3.8429999351501465,3.8389999866485596,3.8389999866485596
2025-07-21T22:30:10.0,25210.0,-61.8872594116069,16.925677940679346,29.91070076204234,30.335350495462087,45.60458012631067,3.812999963760376,3.8239998817443848,3.822999954223633,3.8420000076293945,3.8410000801086426,3.8359999656677246,3.8369998931884766,3.8410000801086426,3.8450000286102295,3.8429999351501465,3.8389999866485596,3.8389999866485596
2025-07-21T22:30:20.0,25220.0,-59.65999984741211,16.756989097604976,29.920000076293945,30.34000015258789,45.529998779296875,3.811000108718872,3.822000026702881,3.822000026702881,3.8410000801086426,3.8399999141693115,3.8350000381469727,3.8350000381469727,3.8389999866485596,3.8429999351501465,3.8410000801086426,3.8369998931884766,3.8369998931884766
2025-07-21T22:30:30.0,25230.0,-60.38990891400499,16.589052473507152,29.920000076293945,30.34000015258789,45.59000015258789,3.809999942779541,3.821000099182129,3.819999933242798,3.8399999141693115,3.8389999866485596,3.8329999446868896,3.8329999446868896,3.8380000591278076,3.8410000801086426,3.8399999141693115,3.8350000381469727,3.8359999656677246
2025-07-21T22:30:40.0,25240.0,-61.56999969482422,16.41902147659854,29.924699275935826,30.34000015258789,45.52000045776367,3.808000087738037,3.819999933242798,3.819000005722046,3.8389999866485596,3.8380000591278076,3.8320000171661377,3.8320000171661377,3.8369998931884766,3.8399999141693115,3.8389999866485596,3.8350000381469727,3.8350000381469727
2025-07-21T22:30:50.0,25250.0,-57.45370702487651,16.254013825160353,29.93000030517578,30.34000015258789,45.56292841814568,3.809999942779541,3.822000026702881,3.821000099182129,3.8399999141693115,3.8399999141693115,3.8340001106262207,3.8340001106262207,3.8389999866485596,3.8420000076293945,3.8399999141693115,3.8359999656677246,3.8369998931884766
2025-07-21T22:31:00.0,25260.0,-57.18848944271329,16.09456483977764,29.93000030517578,30.34000015258789,45.66999816894531,3.809999942779541,3.822000026702881,3.821000099182129,3.8399999141693115,3.8399999141693115,3.8340001106262207,3.8340001106262207,3.8380000591278076,3.8420000076293945,3.8399999141693115,3.8359999656677246,3.8359999656677246
2025-07-21T22:31:10.0,25270.0,-56.7400016784668,15.93656059687001,29.938328313576893,30.344164156788445,45.600605658481,3.809000015258789,3.819999933242798,3.819999933242798,3.8389999866485596,3.8380000591278076,3.8329999446868896,3.8329999446868896,3.8380000591278076,3.8410000801086426,3.8389999866485596,3.8350000381469727,3.8359999656677246
2025-07-21T22:31:20.0,25280.0,-56.95661933945008,15.778222225938599,29.95064885001822,30.350000381469727,45.52000045776367,3.808000087738037,3.819999933242798,3.819000005722046,3.8389999866485596,3.8380000591278076,3.8320000171661377,3.8320000171661377,3.8359999656677246,3.8389999866485596,3.8380000591278076,3.8340001106262207,3.8340001106262207
2025-07-21T22:31:30.0,25290.0,-56.90999984741211,15.61976013587974,29.95709106750095,30.350000381469727,45.560001373291016,3.806999921798706,3.819000005722046,3.818000078201294,3.8369998931884766,3.8369998931884766,3.8310000896453857,3.8310000896453857,3.8359999656677246,3.8389999866485596,3.8369998931884766,3.8329999446868896,3.8340001106262207
2025-07-21T22:31:40.0,25300.0,-57.38212578166351,15.461140176264667,29.963518087400544,30.353519384397615,45.55113615148216,3.805999994277954,3.818000078201294,3.818000078201294,3.8369998931884766,3.8359999656677246,3.8299999237060547,3.8299999237060547,3.8350000381469727,3.8380000591278076,3.8359999656677246,3.8320000171661377,3.8329999446868896
2025-07-21T22:31:50.0,25310.0,-61.310001373291016,15.295904574346768,29.969932602398515,30.359933899395585,45.459999084472656,3.802999973297119,3.813999891281128,3.813999891281128,3.8329999446868896,3.8320000171661377,3.8259999752044678,3.8259999752044678,3.8310000896453857,3.8340001106262207,3.8329999446868896,3.828000068664551,3.8289999961853027
2025-07-21T22:32:00.0,25320.0,-60.720001220703125,15.126398137405406,29.976421264361285,30.360000610351562,45.45882181750165,3.8010001182556152,3.812999963760376,3.812999963760376,3.8320000171661377,3.8310000896453857,3.825000047683716,3.825000047683716,3.8299999237060547,3.8329999446868896,3.8320000171661377,3.8269999027252197,3.828000068664551
2025-07-21T22:32:10.0,25330.0,-60.36771586947431,14.95812236769487,29.98291032777772,30.362911395892954,45.47260604657625,3.799999952316284,3.811000108718872,3.809999942779541,3.8310000896453857,3.8299999237060547,3.8239998817443848,3.8239998817443848,3.828000068664551,3.8320000171661377,3.8299999237060547,3.8259999752044678,3.8259999752044678
2025-07-21T22:32:20.0,25340.0,-60.59000015258789,14.789677560505563,29.989398926844572,30.369399994959807,45.4900016784668,3.7980000972747803,3.809999942779541,3.809000015258789,3.8289999961853027,3.828000068664551,3.822000026702881,3.822000026702881,3.8269999027252197,3.8299999237060547,3.8289999961853027,3.8239998817443848,3.825000047683716
2025-07-21T22:32:30.0,25350.0,-60.81143544347812,14.62071680441349,29.989999771118164,30.3700008392334,45.43045705159503,3.796999931335449,3.809000015258789,3.808000087738037,3.8289999961853027,3.8269999027252197,3.821000099182129,3.821000099182129,3.8259999752044678,3.8289999961853027,3.8269999027252197,3.822999954223633,3.8239998817443848
2025-07-21T22:32:40.0,25360.0,-59.88999938964844,14.453380419087104,29.992299285521575,30.372299915049283,45.45000076293945,3.7960000038146973,3.808000087738037,3.806999921798706,3.8269999027252197,3.8259999752044678,3.819999933242798,3.819999933242798,3.825000047683716,3.828000068664551,3.8259999752044678,3.822000026702881,3.822999954223633
2025-07-21T22:32:50.0,25370.0,-61.25,14.284496886317157,29.998784097713934,30.378783490390184,45.38999938964844,3.7950000762939453,3.806999921798706,3.805999994277954,3.8269999027252197,3.825000047683716,3.819000005722046,3.819000005722046,3.8239998817443848,3.8269999027252197,3.8259999752044678,3.821000099182129,3.822000026702881
2025-07-21T22:33:00.0,25380.0,-60.099060121333785,14.115099513694137,30.00526959333711,30.385268754103713,45.38999938964844,3.7939999103546143,3.805999994277954,3.805000066757202,3.8259999752044678,3.825000047683716,3.819000005722046,3.819000005722046,3.8239998817443848,3.8269999027252197,3.825000047683716,3.819999933242798,3.821000099182129
2025-07-21T22:33:10.0,25390.0,-60.540000915527344,13.947054121497697,30.011742702761698,30.389999389648438,45.31999969482422,3.7920000553131104,3.803999900817871,3.803999900817871,3.8239998817443848,3.822999954223633,3.816999912261963,3.816999912261963,3.821000099182129,3.825000047683716,3.822999954223633,3.818000078201294,3.819000005722046
2025-07-21T22:33:20.0,25400.0,-61.150001525878906,13.777936569651722,30.018182000174342,30.389999389648438,45.36000061035156,3.7909998893737793,3.803999900817871,3.802999973297119,3.822999954223633,3.822000026702881,3.815999984741211,3.815999984741211,3.819999933242798,3.8239998817443848,3.822000026702881,3.816999912261963,3.818000078201294
2025-07-21T22:33:30.0,25410.0,-60.475203456374075,13.60781132785926,30.024654260776387,30.394653192661153,45.33000183105469,3.7899999618530273,3.802000045776367,3.802000045776367,3.821000099182129,3.821000099182129,3.813999891281128,3.813999891281128,3.819000005722046,3.822000026702881,3.821000099182129,3.815999984741211,3.816999912261963
2025-07-21T22:33:40.0,25420.0,-59.81999969482422,13.436758624291116,30.030000686645508,30.399999618530273,45.369998931884766,3.7890000343322754,3.8010001182556152,3.799999952316284,3.821000099182129,3.819000005722046,3.812999963760376,3.812999963760376,3.818000078201294,3.821000099182129,3.819000005722046,3.815000057220459,3.815999984741211
2025-07-21T22:33:50.0,25430.0,-42.79999923706055,13.279224880926577,30.030000686645508,30.399999618530273,45.58000183105469,3.7880001068115234,3.8010001182556152,3.799999952316284,3.819999933242798,3.819000005722046,3.812999963760376,3.812999963760376,3.818000078201294,3.821000099182129,3.819000005722046,3.825000047683716,3.8259999752044678
2025-07-21T22:34:00.0,25440.0,-42.560001373291016,13.159005533478227,30.030000686645508,30.399999618530273,45.529998779296875,3.802000045776367,3.813999891281128,3.813999891281128,3.8329999446868896,3.8320000171661377,3.8259999752044678,3.8269999027252197,3.8310000896453857,3.8340001106262207,3.8329999446868896,3.8289999961853027,3.8289999961853027
2025-07-21T22:34:10.0,25450.0,-45.33554054010108,13.037820302389166,30.030000686645508,30.399999618530273,45.59477171350694,3.803999900817871,3.815999984741211,3.815000057220459,3.8340001106262207,3.8329999446868896,3.8269999027252197,3.828000068664551,3.8310000896453857,3.8350000381469727,3.8329999446868896,3.8289999961853027,3.8299999237060547
2025-07-21T22:34:20.0,25460.0,-44.339411956188655,12.912026543318662,30.030000686645508,30.399999618530273,45.53389853101898,3.803999900817871,3.815999984741211,3.815000057220459,3.8340001106262207,3.8329999446868896,3.8269999027252197,3.8289999961853027,3.8320000171661377,3.8350000381469727,3.8329999446868896,3.8299999237060547,3.8299999237060547
2025-07-21T22:34:30.0,25470.0,-45.369998931884766,12.78517011028101,30.030000686645508,30.399999618530273,45.5,3.803999900817871,3.815999984741211,3.815000057220459,3.8340001106262207,3.8340001106262207,3.828000068664551,3.8289999961853027,3.8320000171661377,3.8359999656677246,3.8340001106262207,3.8299999237060547,3.8310000896453857
2025-07-21T22:34:40.0,25480.0,-42.54999923706055,12.66492561680287,30.030000686645508,30.399999618530273,45.59000015258789,3.803999900817871,3.815999984741211,3.815000057220459,3.8340001106262207,3.8340001106262207,3.828000068664551,3.8289999961853027,3.8320000171661377,3.8359999656677246,3.8340001106262207,3.8299999237060547,3.8310000896453857
2025-07-21T22:34:50.0,25490.0,-30.350000381469727,12.557599312065143,30.030000686645508,30.399999618530273,45.728390354455264,3.803999900817871,3.815999984741211,3.815000057220459,3.8340001106262207,3.8340001106262207,3.828000068664551,3.8289999961853027,3.8320000171661377,3.8350000381469727,3.8340001106262207,3.8299999237060547,3.8310000896453857
2025-07-21T22:35:00.0,25500.0,-30.729999542236328,12.472962733958793,30.030000686645508,30.399999618530273,45.779998779296875,3.815999984741211,3.828000068664551,3.8269999027252197,3.8450000286102295,3.8440001010894775,3.8389999866485596,3.8410000801086426,3.8429999351501465,3.8459999561309814,3.8450000286102295,3.8410000801086426,3.8420000076293945
2025-07-21T22:35:10.0,25510.0,-31.010000228881836,12.387680294517113,30.030000686645508,30.399999618530273,45.84000015258789,3.816999912261963,3.8289999961853027,3.828000068664551,3.8459999561309814,3.8459999561309814,3.8399999141693115,3.8420000076293945,3.8440001010894775,3.8469998836517334,3.8459999561309814,3.8420000076293945,3.8429999351501465
2025-07-21T22:35:20.0,25520.0,-30.670000076293945,12.302163068785369,30.030000686645508,30.399999618530273,45.86000061035156,3.819000005722046,3.8299999237060547,3.8289999961853027,3.8469998836517334,3.8469998836517334,3.8410000801086426,3.8429999351501465,3.8450000286102295,3.8480000495910645,3.8469998836517334,3.8429999351501465,3.8440001010894775
2025-07-21T22:35:30.0,25530.0,-30.991988799225087,12.21642246843785,30.030000686645508,30.399999618530273,45.842849148020896,3.819000005722046,3.8310000896453857,3.8299999237060547,3.8480000495910645,3.8469998836517334,3.8420000076293945,3.8429999351501465,3.8459999561309814,3.8489999771118164,3.8469998836517334,3.8440001010894775,3.8450000286102295
2025-07-21T22:35:40.0,25540.0,-30.75,12.130481261274781,30.030000686645508,30.399999618530273,45.84000015258789,3.819000005722046,3.8310000896453857,3.8299999237060547,3.8480000495910645,3.8469998836517334,3.8420000076293945,3.8440001010894775,3.8459999561309814,3.8489999771118164,3.8480000495910645,3.8440001010894775,3.8450000286102295
2025-07-21T22:35:50.0,25550.0,-44.380001068115234,12.040018431623485,30.030000686645508,30.399999618530273,45.650001525878906,3.809999942779541,3.822000026702881,3.821000099182129,3.8480000495910645,3.8480000495910645,3.8429999351501465,3.8440001010894775,3.8459999561309814,3.8499999046325684,3.8480000495910645,3.8450000286102295,3.8459999561309814
2025-07-21T22:36:00.0,25560.0,-43.029998779296875,11.920261050572103,30.030000686645508,30.399999618530273,45.810001373291016,3.808000087738037,3.819999933242798,3.819999933242798,3.8380000591278076,3.8369998931884766,3.8320000171661377,3.8329999446868896,3.8359999656677246,3.8389999866485596,3.8380000591278076,3.8340001106262207,3.8350000381469727
2025-07-21T22:36:10.0,25570.0,-45.310001373291016,11.800345107196408,30.030000686645508,30.399999618530273,45.720001220703125,3.806999921798706,3.819000005722046,3.819000005722046,3.8369998931884766,3.8369998931884766,3.8310000896453857,3.8320000171661377,3.8350000381469727,3.8380000591278076,3.8369998931884766,3.8329999446868896,3.8340001106262207
2025-07-21T22:36:20.0,25580.0,-42.93000030517578,11.677050102503271,30.030000686645508,30.399999618530273,45.689998626708984,3.805999994277954,3.818000078201294,3.816999912261963,3.8359999656677246,3.8350000381469727,3.8299999237060547,3.8299999237060547,3.8340001106262207,3.8369998931884766,3.8359999656677246,3.8320000171661377,3.8329999446868896
2025-07-21T22:36:30.0,25590.0,-43.849998474121094,11.555958571987388,30.030000686645508,30.399999618530273,45.630001068115234,3.805000066757202,3.816999912261963,3.816999912261963,3.8350000381469727,3.8340001106262207,3.8289999961853027,3.8299999237060547,3.8329999446868896,3.8359999656677246,3.8350000381469727,3.8310000896453857,3.8320000171661377
2025-07-21T22:36:40.0,25600.0,-45.57824328572847,11.435970117332907,30.030000686645508,30.399999618530273,45.59807320819884,3.805000066757202,3.815999984741211,3.815999984741211,3.8340001106262207,3.8340001106262207,3.828000068664551,3.8289999961853027,3.8320000171661377,3.8350000381469727,3.8340001106262207,3.8299999237060547,3.8310000896453857
2025-07-21T22:36:50.0,25610.0,-62.11000061035156,11.292573869983064,30.041665581630205,30.42721869571354,45.369998931884766,3.7890000343322754,3.802000045776367,3.8010001182556152,3.8340001106262207,3.8340001106262207,3.828000068664551,3.8289999961853027,3.8320000171661377,3.8350000381469727,3.8340001106262207,3.8299999237060547,3.8310000896453857
2025-07-21T22:37:00.0,25620.0,-61.39455792161235,11.122873535544317,30.060373500477183,30.469999313354492,45.34909913735314,3.7869999408721924,3.799999952316284,3.7990000247955322,3.819000005722046,3.818000078201294,3.812000036239624,3.812000036239624,3.816999912261963,3.819999933242798,3.818000078201294,3.813999891281128,3.815000057220459
2025-07-21T22:37:10.0,25630.0,-60.32105178832981,10.954153576525822,30.066867155595258,30.469999313354492,45.290000915527344,3.7839999198913574,3.7960000038146973,3.7960000038146973,3.815000057220459,3.815000057220459,3.808000087738037,3.809000015258789,3.812999963760376,3.816999912261963,3.815000057220459,3.809999942779541,3.811000108718872
2025-07-21T22:37:20.0,25640.0,-60.09000015258789,10.784956747280996,30.06999969482422,30.473330148920283,45.2599983215332,3.7809998989105225,3.7939999103546143,3.7929999828338623,3.812999963760376,3.812000036239624,3.805999994277954,3.805999994277954,3.811000108718872,3.813999891281128,3.812000036239624,3.808000087738037,3.809000015258789
2025-07-21T22:37:30.0,25650.0,-61.2599983215332,10.615772883738652,30.06999969482422,30.479765302640896,45.25,3.7790000438690186,3.7920000553131104,3.7909998893737793,3.811000108718872,3.809999942779541,3.803999900817871,3.803999900817871,3.809000015258789,3.812000036239624,3.809999942779541,3.805999994277954,3.806999921798706
2025-07-21T22:37:40.0,25660.0,-60.13999938964844,10.44653310973933,30.076248865090456,30.479999542236328,45.17361568453423,3.7780001163482666,3.7899999618530273,3.7890000343322754,3.809999942779541,3.809000015258789,3.802999973297119,3.802999973297119,3.806999921798706,3.811000108718872,3.809000015258789,3.805000066757202,3.805999994277954
2025-07-21T22:37:50.0,25670.0,-9.496235267788709,10.330417025009503,30.079999923706055,30.479999542236328,45.9900016784668,3.813999891281128,3.8259999752044678,3.8239998817443848,3.8429999351501465,3.8420000076293945,3.8369998931884766,3.8399999141693115,3.8399999141693115,3.8440001010894775,3.8429999351501465,3.8399999141693115,3.8410000801086426
2025-07-21T22:38:00.0,25680.0,-9.5,10.304007852510324,30.079999923706055,30.479999542236328,46.040000915527344,3.822000026702881,3.8329999446868896,3.8320000171661377,3.8499999046325684,3.8489999771118164,3.8440001010894775,3.8469998836517334,3.8469998836517334,3.8510000705718994,3.8489999771118164,3.8469998836517334,3.8469998836517334
2025-07-21T22:38:10.0,25690.0,-9.09000015258789,10.277160869166563,30.079999923706055,30.479999542236328,45.939998626708984,3.8259999752044678,3.8369998931884766,3.8359999656677246,3.8529999256134033,3.8529999256134033,3.8480000495910645,3.8510000705718994,3.8510000705718994,3.8540000915527344,3.8529999256134033,3.8499999046325684,3.8510000705718994
2025-07-21T22:38:20.0,25700.0,-9.800000190734863,10.250120074848576,30.079999923706055,30.479999542236328,45.939998626708984,3.828000068664551,3.8389999866485596,3.8380000591278076,3.8550000190734863,3.8550000190734863,3.8499999046325684,3.8529999256134033,3.8529999256134033,3.8570001125335693,3.8550000190734863,3.8529999256134033,3.8529999256134033
2025-07-21T22:38:30.0,25710.0,-9.633932194625823,10.223228174765882,30.079999923706055,30.479999542236328,46.19031361099938,3.8299999237060547,3.8410000801086426,3.8399999141693115,3.8570001125335693,3.8570001125335693,3.8519999980926514,3.8550000190734863,3.8550000190734863,3.8589999675750732,3.8580000400543213,3.8550000190734863,3.8559999465942383
2025-07-21T22:38:40.0,25720.0,-9.74175920043623,10.195637530392517,30.085039535550877,30.490078765925976,46.060001373291016,3.8329999446868896,3.8440001010894775,3.8429999351501465,3.859999895095825,3.859999895095825,3.8550000190734863,3.8580000400543213,3.8580000400543213,3.861999988555908,3.859999895095825,3.8570001125335693,3.8580000400543213
2025-07-21T22:38:50.0,25730.0,-64.41999816894531,10.118617359940744,30.08852315577186,30.5,45.369998931884766,3.8340001106262207,3.8459999561309814,3.8440001010894775,3.8259999752044678,3.825000047683716,3.819999933242798,3.816999912261963,3.822000026702881,3.8259999752044678,3.822999954223633,3.818000078201294,3.819999933242798
2025-07-21T22:39:00.0,25740.0,-64.64522849133186,9.938899237373674,30.08203371457664,30.5,45.290000915527344,3.7860000133514404,3.7980000972747803,3.796999931335449,3.816999912261963,3.816999912261963,3.809999942779541,3.809999942779541,3.815000057220459,3.818000078201294,3.816999912261963,3.812000036239624,3.813999891281128
2025-07-21T22:39:10.0,25750.0,-64.86876590126414,9.759376514080369,30.075547162908215,30.50445276079784,45.279998779296875,3.7799999713897705,3.7920000553131104,3.7909998893737793,3.812000036239624,3.811000108718872,3.805000066757202,3.803999900817871,3.809999942779541,3.812999963760376,3.811000108718872,3.806999921798706,3.808000087738037
2025-07-21T22:39:20.0,25760.0,-65.10916390178895,9.578312376269768,30.06999969482422,30.510000228881836,45.21704354769944,3.7769999504089355,3.7890000343322754,3.7880001068115234,3.809000015258789,3.808000087738037,3.802000045776367,3.802999973297119,3.808000087738037,3.812000036239624,3.809999942779541,3.805999994277954,3.806999921798706
2025-07-21T22:39:30.0,25770.0,-64.73999786376953,9.397821879244384,30.06999969482422,30.510000228881836,45.15999984741211,3.7730000019073486,3.7860000133514404,3.7850000858306885,3.805999994277954,3.805000066757202,3.7990000247955322,3.799999952316284,3.805999994277954,3.809000015258789,3.806999921798706,3.802000045776367,3.803999900817871
2025-07-21T22:39:40.0,25780.0,-65.35368323075159,9.21779699585544,30.06999969482422,30.510000228881836,45.14792213439942,3.7720000743865967,3.7839999198913574,3.7839999198913574,3.803999900817871,3.802999973297119,3.796999931335449,3.796999931335449,3.802000045776367,3.805000066757202,3.802999973297119,3.7990000247955322,3.799999952316284
2025-07-21T22:39:50.0,25790.0,-42.86000061035156,9.059719907284311,30.06999969482422,30.510000228881836,45.459999084472656,3.7839999198913574,3.7960000038146973,3.7950000762939453,3.815000057220459,3.813999891281128,3.808000087738037,3.809000015258789,3.812999963760376,3.815999984741211,3.8010001182556152,3.7960000038146973,3.7980000972747803
2025-07-21T22:40:00.0,25800.0,-43.04999923706055,8.939405924869641,30.06999969482422,30.510000228881836,45.41999816894531,3.7850000858306885,3.796999931335449,3.7960000038146973,3.815999984741211,3.815000057220459,3.809000015258789,3.809999942779541,3.812999963760376,3.816999912261963,3.815000057220459,3.811000108718872,3.812000036239624
2025-07-21T22:40:10.0,25810.0,-44.290000915527344,8.816647677448591,30.06999969482422,30.510000228881836,45.31999969482422,3.7850000858306885,3.796999931335449,3.7960000038146973,3.815999984741211,3.815000057220459,3.809000015258789,3.809999942779541,3.812999963760376,3.816999912261963,3.815000057220459,3.811000108718872,3.812000036239624
2025-07-21T22:40:20.0,25820.0,-43.57076877821294,8.694592162867123,30.06999969482422,30.510000228881836,45.365584887282736,3.7839999198913574,3.796999931335449,3.7960000038146973,3.815000057220459,3.815000057220459,3.809000015258789,3.809999942779541,3.812999963760376,3.816999912261963,3.815000057220459,3.811000108718872,3.812000036239624
2025-07-21T22:40:30.0,25830.0,-42.959999084472656,8.573121220629481,30.06999969482422,30.510000228881836,45.440250682830694,3.7839999198913574,3.7960000038146973,3.7950000762939453,3.815000057220459,3.813999891281128,3.808000087738037,3.809999942779541,3.812999963760376,3.815999984741211,3.813999891281128,3.811000108718872,3.812000036239624
2025-07-21T22:40:40.0,25840.0,-43.209999084472656,8.451876859326363,30.083508434617258,30.51540372479905,45.38999938964844,3.7829999923706055,3.7950000762939453,3.7950000762939453,3.813999891281128,3.813999891281128,3.808000087738037,3.809000015258789,3.812000036239624,3.815999984741211,3.813999891281128,3.809999942779541,3.811000108718872
2025-07-21T22:40:50.0,25850.0,-57.650001525878906,8.31995781623576,30.115934598306737,30.528374190274842,45.14368574853036,3.7720000743865967,3.7850000858306885,3.7839999198913574,3.805000066757202,3.803999900817871,3.7980000972747803,3.7980000972747803,3.802999973297119,3.805999994277954,3.803999900817871,3.799999952316284,3.8010001182556152
2025-07-21T22:41:00.0,25860.0,-57.849998474121094,8.16136051272022,30.1200008392334,30.530000686645508,45.15999984741211,3.7699999809265137,3.7829999923706055,3.7820000648498535,3.802000045776367,3.802000045776367,3.7960000038146973,3.7960000038146973,3.799999952316284,3.803999900817871,3.802000045776367,3.7980000972747803,3.7990000247955322
2025-07-21T22:41:10.0,25870.0,-56.41999816894531,8.003083567474688,30.122150932242743,30.530000686645508,45.119998931884766,3.7679998874664307,3.7799999713897705,3.7799999713897705,3.799999952316284,3.799999952316284,3.7929999828338623,3.7939999103546143,3.7990000247955322,3.802000045776367,3.799999952316284,3.7960000038146973,3.796999931335449
2025-07-21T22:41:20.0,25880.0,-56.91868385400202,7.845591291458877,30.12863492804897,30.530000686645508,45.12950422997567,3.7669999599456787,3.7790000438690186,3.7780001163482666,3.7990000247955322,3.7990000247955322,3.7920000553131104,3.7929999828338623,3.796999931335449,3.799999952316284,3.7980000972747803,3.7939999103546143,3.7950000762939453
2025-07-21T22:41:30.0,25890.0,-56.86000061035156,7.686806287260591,30.135086906079163,30.53508843195807,45.11000061035156,3.765000104904175,3.7780001163482666,3.7769999504089355,3.7980000972747803,3.796999931335449,3.7909998893737793,3.7909998893737793,3.7960000038146973,3.7990000247955322,3.796999931335449,3.7929999828338623,3.7939999103546143
2025-07-21T22:41:40.0,25900.0,-56.540000915527344,7.527535718870697,30.14154128087642,30.540000915527344,45.02000045776367,3.763000011444092,3.7760000228881836,3.7750000953674316,3.796999931335449,3.7960000038146973,3.7899999618530273,3.7890000343322754,3.7939999103546143,3.796999931335449,3.7950000762939453,3.7909998893737793,3.7929999828338623
2025-07-21T22:41:50.0,25910.0,-10.326235075557758,7.401951917055431,30.148030722071642,30.540000915527344,45.77000045776367,3.7939999103546143,3.806999921798706,3.805999994277954,3.8259999752044678,3.8259999752044678,3.819999933242798,3.822999954223633,3.8239998817443848,3.8269999027252197,3.825000047683716,3.822999954223633,3.822999954223633
2025-07-21T22:42:00.0,25920.0,-10.260000228881836,7.372187680879682,30.149999618530273,30.540000915527344,45.650001525878906,3.802999973297119,3.815000057220459,3.813999891281128,3.8329999446868896,3.8320000171661377,3.8269999027252197,3.8299999237060547,3.8299999237060547,3.8340001106262207,3.8320000171661377,3.8289999961853027,3.8299999237060547
2025-07-21T22:42:10.0,25930.0,-10.819999694824219,7.34364474695151,30.149999618530273,30.540000915527344,45.84000015258789,3.805999994277954,3.818000078201294,3.816999912261963,3.8359999656677246,3.8350000381469727,3.8299999237060547,3.8329999446868896,3.8329999446868896,3.8369998931884766,3.8340001106262207,3.8310000896453857,3.8320000171661377
2025-07-21T22:42:20.0,25940.0,-10.279999732971191,7.313748844277841,30.149999618530273,30.540000915527344,45.970001220703125,3.805999994277954,3.818000078201294,3.816999912261963,3.8359999656677246,3.8350000381469727,3.8299999237060547,3.8329999446868896,3.8329999446868896,3.8369998931884766,3.8369998931884766,3.8350000381469727,3.8359999656677246
2025-07-21T22:42:30.0,25950.0,-10.464688984064598,7.283896555965459,30.149999618530273,30.540000915527344,45.84715636403944,3.811000108718872,3.822999954223633,3.822000026702881,3.8399999141693115,3.8399999141693115,3.8350000381469727,3.8380000591278076,3.8389999866485596,3.8420000076293945,3.8399999141693115,3.8380000591278076,3.8389999866485596
2025-07-21T22:42:40.0,25960.0,-10.59785136545966,7.254236941908449,30.15118126909116,30.541576374482926,46.0,3.812999963760376,3.825000047683716,3.8239998817443848,3.8420000076293945,3.8420000076293945,3.8369998931884766,3.8399999141693115,3.8399999141693115,3.8440001010894775,3.8420000076293945,3.8399999141693115,3.8399999141693115
2025-07-21T22:42:50.0,25970.0,-35.22494544952679,7.224359808014746,30.170648329402308,30.567531217243754,45.13999938964844,3.7739999294281006,3.7860000133514404,3.7860000133514404,3.806999921798706,3.805999994277954,3.799999952316284,3.799999952316284,3.805000066757202,3.808000087738037,3.805999994277954,3.802000045776367,3.803999900817871
2025-07-21T22:43:00.0,25980.0,-65.05999755859375,7.056756333926517,30.17662620197643,30.579999923706055,45.099998474121094,3.7679998874664307,3.7809998989105225,3.7799999713897705,3.8010001182556152,3.8010001182556152,3.7939999103546143,3.7939999103546143,3.7990000247955322,3.802999973297119,3.799999952316284,3.7960000038146973,3.796999931335449
2025-07-21T22:43:10.0,25990.0,-64.6500015258789,6.87655890261226,30.170132546858355,30.579999923706055,45.040000915527344,3.765000104904175,3.7780001163482666,3.7769999504089355,3.7990000247955322,3.7980000972747803,3.7920000553131104,3.7909998893737793,3.796999931335449,3.799999952316284,3.7980000972747803,3.7939999103546143,3.7950000762939453
2025-07-21T22:43:20.0,26000.0,-64.37000274658203,6.697241717591812,30.163752484321595,30.579999923706055,45.02000045776367,3.759999990463257,3.7730000019073486,3.7730000019073486,3.7950000762939453,3.7939999103546143,3.7869999408721924,3.7869999408721924,3.7920000553131104,3.7960000038146973,3.7929999828338623,3.7890000343322754,3.7899999618530273
2025-07-21T22:43:30.0,26010.0,-64.44000244140625,6.517686282673939,30.162665711536306,30.58266578783025,44.970001220703125,3.755000114440918,3.7679998874664307,3.7669999599456787,3.7899999618530273,3.7880001068115234,3.7820000648498535,3.7820000648498535,3.7869999408721924,3.7909998893737793,3.7880001068115234,3.7839999198913574,3.7860000133514404
2025-07-21T22:43:40.0,26020.0,-64.19999694824219,6.338515849159027,30.16914254371366,30.589142620007607,44.95000076293945,3.753000020980835,3.7660000324249268,3.765000104904175,3.7869999408721924,3.7869999408721924,3.7799999713897705,3.7790000438690186,3.7850000858306885,3.7880001068115234,3.7860000133514404,3.7820000648498535,3.7829999923706055
2025-07-21T22:43:50.0,26030.0,-56.93000030517578,6.163189172794551,30.170000076293945,30.59000015258789,45.060001373291016,3.749000072479248,3.763000011444092,3.76200008392334,3.7890000343322754,3.7880001068115234,3.7820000648498535,3.7820000648498535,3.7869999408721924,3.7899999618530273,3.7880001068115234,3.7839999198913574,3.7850000858306885
2025-07-21T22:44:00.0,26040.0,-57.68000030517578,6.003676661079194,30.17211492243823,30.59000015258789,45.040000915527344,3.755000114440918,3.7679998874664307,3.7669999599456787,3.7890000343322754,3.7880001068115234,3.7820000648498535,3.7820000648498535,3.7869999408721924,3.7899999618530273,3.7880001068115234,3.7839999198913574,3.7850000858306885
2025-07-21T22:44:10.0,26050.0,-57.74901958540378,5.843295976018904,30.178608155917768,30.59000015258789,44.959999084472656,3.752000093460083,3.765000104904175,3.7639999389648438,3.7860000133514404,3.7860000133514404,3.7799999713897705,3.7799999713897705,3.7839999198913574,3.7880001068115234,3.7860000133514404,3.7809998989105225,3.7829999923706055
2025-07-21T22:44:20.0,26060.0,-57.52000045776367,5.68362338194741,30.18000030517578,30.59000015258789,44.95000076293945,3.75,3.763000011444092,3.763000011444092,3.7850000858306885,3.7839999198913574,3.7780001163482666,3.7780001163482666,3.7829999923706055,3.7860000133514404,3.7839999198913574,3.7799999713897705,3.7809998989105225
2025-07-21T22:44:30.0,26070.0,-56.939998626708984,5.524146800918578,30.18452035246097,30.591506930812475,44.91999816894531,3.749000072479248,3.76200008392334,3.760999917984009,3.7839999198913574,3.7829999923706055,3.7769999504089355,3.7769999504089355,3.7820000648498535,3.7850000858306885,3.7829999923706055,3.7780001163482666,3.7799999713897705
2025-07-21T22:44:40.0,26080.0,-57.44505253842026,5.365447523630987,30.203787391187287,30.597929685392973,44.91999816894531,3.746999979019165,3.760999917984009,3.759999990463257,3.7829999923706055,3.7809998989105225,3.7750000953674316,3.7760000228881836,3.7799999713897705,3.7839999198913574,3.7809998989105225,3.7769999504089355,3.7780001163482666
2025-07-21T22:44:50.0,26090.0,-56.900001525878906,5.206590770374932,30.21878217597017,30.600000381469727,44.900001525878906,3.7639999389648438,3.7780001163482666,3.7769999504089355,3.7809998989105225,3.7799999713897705,3.7739999294281006,3.7739999294281006,3.7790000438690186,3.7820000648498535,3.7799999713897705,3.7760000228881836,3.7780001163482666
2025-07-21T22:45:00.0,26100.0,-32.369998931884766,5.086897681131365,30.23174763419411,30.60174847342751,45.27000045776367,3.7669999599456787,3.7799999713897705,3.7790000438690186,3.799999952316284,3.7990000247955322,3.7939999103546143,3.7960000038146973,3.7980000972747803,3.802000045776367,3.7980000972747803,3.7950000762939453,3.7960000038146973
2025-07-21T22:45:10.0,26110.0,-32.1377831672364,4.997075756634078,30.244734944430263,30.61473578366366,45.340683359848846,3.7679998874664307,3.7809998989105225,3.7799999713897705,3.8010001182556152,3.8010001182556152,3.7950000762939453,3.796999931335449,3.7990000247955322,3.802999973297119,3.8010001182556152,3.796999931335449,3.7990000247955322
2025-07-21T22:45:20.0,26120.0,-32.64986918599979,4.907824137296678,30.253826588643502,30.6200008392334,45.401368070903594,3.7690000534057617,3.7820000648498535,3.7809998989105225,3.802000045776367,3.802000045776367,3.7960000038146973,3.7980000972747803,3.799999952316284,3.803999900817871,3.802000045776367,3.7980000972747803,3.799999952316284
2025-07-21T22:45:30.0,26130.0,-31.540000915527344,4.818764852682221,30.260264160738064,30.620264720749773,45.459999084472656,3.7699999809265137,3.7829999923706055,3.7820000648498535,3.802999973297119,3.802000045776367,3.796999931335449,3.7990000247955322,3.8010001182556152,3.803999900817871,3.802000045776367,3.7990000247955322,3.799999952316284
2025-07-21T22:45:40.0,26140.0,-32.30180924737633,4.729976489791341,30.266748972930422,30.626748296090675,45.30426276357551,3.7699999809265137,3.7829999923706055,3.7829999923706055,3.803999900817871,3.802999973297119,3.796999931335449,3.7990000247955322,3.802000045776367,3.805000066757202,3.802999973297119,3.799999952316284,3.8010001182556152
2025-07-21T22:45:50.0,26150.0,-32.369998931884766,4.640088825649157,30.273231899189778,30.636462043618817,45.33000183105469,3.7699999809265137,3.7829999923706055,3.7829999923706055,3.803999900817871,3.802999973297119,3.7980000972747803,3.799999952316284,3.802000045776367,3.805000066757202,3.802999973297119,3.799999952316284,3.8010001182556152
2025-07-21T22:46:00.0,26160.0,-63.90602383917694,4.47798493893678,30.279712928925253,30.649424103089764,44.8350698071857,3.746000051498413,3.759000062942505,3.759000062942505,3.7809998989105225,3.7799999713897705,3.7739999294281006,3.7730000019073486,3.7790000438690186,3.7820000648498535,3.7799999713897705,3.7750000953674316,3.7769999504089355
2025-07-21T22:46:10.0,26170.0,-63.09000015258789,4.301190760499653,30.286201996651663,30.65620092853643,44.779998779296875,3.740000009536743,3.753000020980835,3.753000020980835,3.7760000228881836,3.7750000953674316,3.7679998874664307,3.7679998874664307,3.7739999294281006,3.7769999504089355,3.7739999294281006,3.7699999809265137,3.7720000743865967
2025-07-21T22:46:20.0,26180.0,-62.72999954223633,4.126282709617102,30.292668421388132,30.662667862144676,44.790000915527344,3.7360000610351562,3.75,3.749000072479248,3.7730000019073486,3.7709999084472656,3.765000104904175,3.765000104904175,3.7709999084472656,3.7739999294281006,3.7709999084472656,3.7669999599456787,3.7690000534057617
2025-07-21T22:46:30.0,26190.0,-64.5199966430664,3.951214897080014,30.299102347728674,30.669103015865293,44.74481727198549,3.7339999675750732,3.747999906539917,3.746999979019165,3.7709999084472656,3.7690000534057617,3.763000011444092,3.763000011444092,3.7679998874664307,3.7709999084472656,3.7690000534057617,3.765000104904175,3.7669999599456787
2025-07-21T22:46:40.0,26200.0,-62.79999923706055,3.77282957065425,30.305580790323216,30.670000076293945,44.7400016784668,3.7309999465942383,3.744999885559082,3.74399995803833,3.7679998874664307,3.7669999599456787,3.759999990463257,3.759999990463257,3.765000104904175,3.7690000534057617,3.7669999599456787,3.76200008392334,3.7639999389648438
2025-07-21T22:46:50.0,26210.0,-62.86000061035156,3.5983168600999162,30.309999465942383,30.670000076293945,44.70000076293945,3.7300000190734863,3.74399995803833,3.743000030517578,3.7669999599456787,3.7660000324249268,3.759000062942505,3.759999990463257,3.765000104904175,3.7679998874664307,3.765000104904175,3.760999917984009,3.763000011444092
2025-07-21T22:47:00.0,26220.0,-11.039999961853027,3.5412312813220916,30.309999465942383,30.670000076293945,45.52000045776367,3.7739999294281006,3.7869999408721924,3.7860000133514404,3.806999921798706,3.805999994277954,3.8010001182556152,3.803999900817871,3.805000066757202,3.808000087738037,3.803999900817871,3.8010001182556152,3.802000045776367
2025-07-21T22:47:10.0,26230.0,-11.300000190734863,3.5100366341792046,30.309999465942383,30.670000076293945,45.54999923706055,3.7750000953674316,3.7880001068115234,3.7869999408721924,3.808000087738037,3.806999921798706,3.802000045776367,3.805999994277954,3.806999921798706,3.811000108718872,3.808000087738037,3.805999994277954,3.806999921798706
2025-07-21T22:47:20.0,26240.0,-11.460000038146973,3.478769423207691,30.309999465942383,30.670000076293945,45.439998626708984,3.7799999713897705,3.7929999828338623,3.7920000553131104,3.812999963760376,3.812000036239624,3.806999921798706,3.811000108718872,3.811000108718872,3.815000057220459,3.812999963760376,3.809999942779541,3.811000108718872
2025-07-21T22:47:30.0,26250.0,-11.399999618530273,3.44688110676446,30.309999465942383,30.670000076293945,45.599998474121094,3.7829999923706055,3.7950000762939453,3.7950000762939453,3.815000057220459,3.813999891281128,3.809999942779541,3.812999963760376,3.812999963760376,3.816999912261963,3.815000057220459,3.812999963760376,3.812999963760376
2025-07-21T22:47:40.0,26260.0,-11.850000381469727,3.413906545045889,30.309999465942383,30.670000076293945,45.45000076293945,3.7839999198913574,3.796999931335449,3.7960000038146973,3.816999912261963,3.815999984741211,3.811000108718872,3.813999891281128,3.815000057220459,3.818000078201294,3.815999984741211,3.813999891281128,3.815000057220459
2025-07-21T22:47:50.0,26270.0,-38.66999816894531,3.3632362350556555,30.31375783656308,30.674697860360844,44.9900016784668,3.7860000133514404,3.7980000972747803,3.7980000972747803,3.818000078201294,3.816999912261963,3.812999963760376,3.815999984741211,3.815999984741211,3.819999933242798,3.818000078201294,3.815999984741211,3.816999912261963
2025-07-21T22:48:00.0,26280.0,-61.630001068115234,3.2248858329526486,30.33974933463153,30.707185993603563,44.880001068115234,3.746000051498413,3.759000062942505,3.759000062942505,3.7809998989105225,3.7799999713897705,3.7739999294281006,3.7739999294281006,3.7790000438690186,3.7820000648498535,3.7799999713897705,3.7760000228881836,3.7780001163482666
2025-07-21T22:48:10.0,26290.0,-60.640394687654705,3.056378324474484,30.350000381469727,30.723934426162057,44.859461683976036,3.740000009536743,3.753000020980835,3.753000020980835,3.7760000228881836,3.7750000953674316,3.7699999809265137,3.7699999809265137,3.7739999294281006,3.7780001163482666,3.7760000228881836,3.7720000743865967,3.7730000019073486
2025-07-21T22:48:20.0,26300.0,-61.84000015258789,2.888797114323234,30.350000381469727,30.730428399444012,44.80632105509438,3.7360000610351562,3.749000072479248,3.749000072479248,3.7730000019073486,3.7709999084472656,3.765000104904175,3.765000104904175,3.7699999809265137,3.7739999294281006,3.7709999084472656,3.7679998874664307,3.7690000534057617
2025-07-21T22:48:30.0,26310.0,-59.619998931884766,2.7184684551490568,30.350000381469727,30.736867696856653,44.79999923706055,3.7330000400543213,3.746999979019165,3.746999979019165,3.7690000534057617,3.7679998874664307,3.763000011444092,3.763000011444092,3.7679998874664307,3.7709999084472656,3.7690000534057617,3.765000104904175,3.7660000324249268
2025-07-21T22:48:40.0,26320.0,-60.72999954223633,2.552035329886267,30.35333552273837,30.739999771118164,44.70000076293945,3.7320001125335693,3.746000051498413,3.746000051498413,3.7690000534057617,3.7679998874664307,3.76200008392334,3.76200008392334,3.7669999599456787,3.7699999809265137,3.7679998874664307,3.7639999389648438,3.7660000324249268
2025-07-21T22:48:50.0,26330.0,-54.15177443548855,2.3811413458895574,30.359829177856447,30.739999771118164,44.769480880737056,3.7279999256134033,3.740999937057495,3.740999937057495,3.765000104904175,3.7639999389648438,3.757999897003174,3.757999897003174,3.763000011444092,3.7660000324249268,3.7739999294281006,3.7709999084472656,3.7720000743865967
2025-07-21T22:49:00.0,26340.0,-46.459999084472656,2.255363467516098,30.360000610351562,30.739999771118164,44.883136320425955,3.740000009536743,3.753000020980835,3.753000020980835,3.7760000228881836,3.7750000953674316,3.7690000534057617,3.7699999809265137,3.7739999294281006,3.7769999504089355,3.7750000953674316,3.7709999084472656,3.7730000019073486
2025-07-21T22:49:10.0,26350.0,-44.08000183105469,2.13008720023128,30.360000610351562,30.739999771118164,44.93000030517578,3.739000082015991,3.753000020980835,3.753000020980835,3.7750000953674316,3.7739999294281006,3.7690000534057617,3.7699999809265137,3.7730000019073486,3.7769999504089355,3.7739999294281006,3.7709999084472656,3.7720000743865967
2025-07-21T22:49:20.0,26360.0,-45.27000045776367,2.007299623883293,30.360000610351562,30.739999771118164,44.83000183105469,3.739000082015991,3.752000093460083,3.752000093460083,3.7750000953674316,3.7739999294281006,3.7679998874664307,3.7690000534057617,3.7730000019073486,3.7760000228881836,3.7739999294281006,3.7709999084472656,3.7720000743865967
2025-07-21T22:49:30.0,26370.0,-43.900001525878906,1.8849026692408923,30.360000610351562,30.739999771118164,44.86000061035156,3.73799991607666,3.750999927520752,3.750999927520752,3.7739999294281006,3.7730000019073486,3.7679998874664307,3.7690000534057617,3.7720000743865967,3.7760000228881836,3.7739999294281006,3.7699999809265137,3.7709999084472656
2025-07-21T22:49:40.0,26380.0,-45.44679505965197,1.7633454838177824,30.360000610351562,30.739999771118164,44.949647813684834,3.73799991607666,3.750999927520752,3.750999927520752,3.7739999294281006,3.7730000019073486,3.7669999599456787,3.7679998874664307,3.7720000743865967,3.7750000953674316,3.7730000019073486,3.7690000534057617,3.7709999084472656
2025-07-21T22:49:50.0,26390.0,-43.59000015258789,1.6378432955272908,30.360000610351562,30.739999771118164,44.93000030517578,3.736999988555908,3.75,3.75,3.7730000019073486,3.7720000743865967,3.7660000324249268,3.7760000228881836,3.7780001163482666,3.7820000648498535,3.7799999713897705,3.7769999504089355,3.7780001163482666
2025-07-21T22:50:00.0,26400.0,-32.20953820881093,1.5401771000520288,30.406847443023278,30.766026340831406,45.029998779296875,3.746000051498413,3.759999990463257,3.759000062942505,3.7820000648498535,3.7809998989105225,3.7750000953674316,3.7769999504089355,3.7799999713897705,3.7829999923706055,3.7809998989105225,3.7780001163482666,3.7790000438690186
2025-07-21T22:50:10.0,26410.0,-31.649999618530273,1.4504654287335503,30.453397919295668,30.79169933170467,45.016480281215685,3.746999979019165,3.759999990463257,3.759999990463257,3.7820000648498535,3.7809998989105225,3.7760000228881836,3.7780001163482666,3.7799999713897705,3.7839999198913574,3.7820000648498535,3.7790000438690186,3.7799999713897705
2025-07-21T22:50:20.0,26420.0,-32.470001220703125,1.3602096401852934,30.466383990993748,30.798191748284673,45.09000015258789,3.746999979019165,3.759999990463257,3.759999990463257,3.7829999923706055,3.7820000648498535,3.7760000228881836,3.7780001163482666,3.7809998989105225,3.7839999198913574,3.7820000648498535,3.7790000438690186,3.7799999713897705
2025-07-21T22:50:30.0,26430.0,-32.470001220703125,1.2700151923500078,30.47464890430883,30.804648828014884,45.09000015258789,3.746999979019165,3.759999990463257,3.760999917984009,3.7829999923706055,3.7820000648498535,3.7769999504089355,3.7780001163482666,3.7809998989105225,3.7839999198913574,3.7820000648498535,3.7790000438690186,3.7799999713897705
2025-07-21T22:50:40.0,26440.0,-32.39246733347498,1.1801677582181727,30.48219833502606,30.812198258732113,45.12737972089783,3.746999979019165,3.759999990463257,3.760999917984009,3.7829999923706055,3.7820000648498535,3.7769999504089355,3.7780001163482666,3.7809998989105225,3.7839999198913574,3.7820000648498535,3.7790000438690186,3.7799999713897705
2025-07-21T22:50:50.0,26450.0,-40.209999084472656,1.0893051969000944,30.495162915154193,30.825162838860248,44.87405388522089,3.746999979019165,3.753000020980835,3.753000020980835,3.7750000953674316,3.7739999294281006,3.7690000534057617,3.7780001163482666,3.7809998989105225,3.7839999198913574,3.7820000648498535,3.7790000438690186,3.7799999713897705
2025-07-21T22:51:00.0,26460.0,-44.209999084472656,0.9704722815834064,30.50407087239352,30.834070796099574,44.81999969482422,3.736999988555908,3.75,3.750999927520752,3.7730000019073486,3.7720000743865967,3.7669999599456787,3.7679998874664307,3.7709999084472656,3.7750000953674316,3.7730000019073486,3.7690000534057617,3.7709999084472656
2025-07-21T22:51:10.0,26470.0,-44.09000015258789,0.8472900607005669,30.510000228881836,30.84000015258789,44.83000183105469,3.734999895095825,3.747999906539917,3.749000072479248,3.7709999084472656,3.7709999084472656,3.765000104904175,3.7660000324249268,3.7699999809265137,3.7730000019073486,3.7709999084472656,3.7669999599456787,3.7690000534057617
2025-07-21T22:51:20.0,26480.0,-44.63999938964844,0.7235274228840325,30.510000228881836,30.84000015258789,44.810001373291016,3.7339999675750732,3.746999979019165,3.747999906539917,3.7699999809265137,3.7690000534057617,3.7639999389648438,3.765000104904175,3.7679998874664307,3.7720000743865967,3.7699999809265137,3.7669999599456787,3.7679998874664307
2025-07-21T22:51:30.0,26490.0,-45.470001220703125,0.5999797313565596,30.510000228881836,30.84000015258789,44.86000061035156,3.7330000400543213,3.746999979019165,3.746999979019165,3.7699999809265137,3.7690000534057617,3.7639999389648438,3.7639999389648438,3.7679998874664307,3.7709999084472656,3.7690000534057617,3.7660000324249268,3.7669999599456787
2025-07-21T22:51:40.0,26500.0,-45.7400016784668,0.4746525878675696,30.510000228881836,30.84000015258789,44.900001525878906,3.7309999465942383,3.744999885559082,3.744999885559082,3.7679998874664307,3.7669999599456787,3.76200008392334,3.763000011444092,3.7660000324249268,3.7699999809265137,3.7679998874664307,3.7639999389648438,3.765000104904175
2025-07-21T22:51:50.0,26510.0,-12.8284211911656,0.3494683686979356,30.510000228881836,30.84000015258789,45.27569741198875,3.7300000190734863,3.74399995803833,3.74399995803833,3.7669999599456787,3.7660000324249268,3.760999917984009,3.76200008392334,3.765000104904175,3.7690000534057617,3.7660000324249268,3.763000011444092,3.7639999389648438
2025-07-21T22:52:00.0,26520.0,-12.853785457071178,0.31455250511643706,30.510000228881836,30.84000015258789,45.305422239634154,3.755000114440918,3.7690000534057617,3.7679998874664307,3.7899999618530273,3.7890000343322754,3.7850000858306885,3.7880001068115234,3.7880001068115234,3.7920000553131104,3.7899999618530273,3.7869999408721924,3.7880001068115234
2025-07-21T22:52:10.0,26530.0,-13.045581507128247,0.27817656065037655,30.510000228881836,30.84000015258789,45.35246364682219,3.757999897003174,3.7709999084472656,3.7709999084472656,3.7929999828338623,3.7920000553131104,3.7880001068115234,3.7899999618530273,3.7909998893737793,3.7950000762939453,3.7929999828338623,3.7899999618530273,3.7909998893737793
2025-07-21T22:52:20.0,26540.0,-12.911579031692552,0.24286772623271569,30.510000228881836,30.84000015258789,45.306533738186495,3.759999990463257,3.7730000019073486,3.7730000019073486,3.7939999103546143,3.7939999103546143,3.7890000343322754,3.7920000553131104,3.7929999828338623,3.7960000038146973,3.7939999103546143,3.7920000553131104,3.7929999828338623
2025-07-21T22:52:30.0,26550.0,-13.609144392766588,0.2054997354647603,30.510000228881836,30.84000015258789,45.22999954223633,3.760999917984009,3.7739999294281006,3.7739999294281006,3.7960000038146973,3.7950000762939453,3.7909998893737793,3.7939999103546143,3.7939999103546143,3.7980000972747803,3.796999931335449,3.7939999103546143,3.7950000762939453
2025-07-21T22:52:40.0,26560.0,-13.317105437579942,0.16837402510720034,30.510000228881836,30.84000015258789,45.3921173225438,3.7639999389648438,3.7769999504089355,3.7769999504089355,3.7980000972747803,3.796999931335449,3.7929999828338623,3.7960000038146973,3.7960000038146973,3.799999952316284,3.7980000972747803,3.7960000038146973,3.796999931335449
2025-07-21T22:52:50.0,26570.0,-18.559999465942383,0.13002338616925035,30.55733212731101,30.892591262297195,44.970001220703125,3.765000104904175,3.7769999504089355,3.7780001163482666,3.7990000247955322,3.7980000972747803,3.7939999103546143,3.796999931335449,3.796999931335449,3.8010001182556152,3.7990000247955322,3.796999931335449,3.796999931335449
2025-07-21T22:53:00.0,26580.0,-63.288290199480734,-0.022903634969134057,30.600000381469727,30.941752034236206,44.707731482715985,3.7219998836517334,3.734999895095825,3.7360000610351562,3.759999990463257,3.757999897003174,3.753000020980835,3.753000020980835,3.757999897003174,3.760999917984009,3.759000062942505,3.755000114440918,3.756999969482422
2025-07-21T22:53:10.0,26590.0,-64.22000122070312,-0.19958191468689757,30.600000381469727,30.94824147543143,44.619998931884766,3.7179999351501465,3.7309999465942383,3.7320001125335693,3.755000114440918,3.753999948501587,3.749000072479248,3.749000072479248,3.753999948501587,3.756999969482422,3.755000114440918,3.750999927520752,3.753000020980835
2025-07-21T22:53:20.0,26600.0,-63.59920958468909,-0.3775012205624644,30.600000381469727,30.954733392698238,44.5099983215332,3.7139999866485596,3.7279999256134033,3.7279999256134033,3.752000093460083,3.750999927520752,3.744999885559082,3.744999885559082,3.75,3.753999948501587,3.750999927520752,3.746999979019165,3.749000072479248
2025-07-21T22:53:30.0,26610.0,-63.753909823365014,-0.5527284412037075,30.60121889946255,30.961217602465478,44.50633017659448,3.7100000381469727,3.7239999771118164,3.7239999771118164,3.747999906539917,3.746999979019165,3.742000102996826,3.743000030517578,3.747999906539917,3.752000093460083,3.75,3.746000051498413,3.746999979019165
2025-07-21T22:53:40.0,26620.0,-63.76963752912317,-0.7282304704562899,30.607666084609757,30.967664787612687,44.46345450501691,3.7060000896453857,3.7200000286102295,3.7209999561309814,3.744999885559082,3.74399995803833,3.73799991607666,3.73799991607666,3.743000030517578,3.746999979019165,3.744999885559082,3.740999937057495,3.742000102996826
2025-07-21T22:53:50.0,26630.0,-62.7400016784668,-0.904626923505208,30.618204517303173,30.97410165805142,44.4564338095286,3.7019999027252197,3.7170000076293945,3.7179999351501465,3.743000030517578,3.740999937057495,3.7360000610351562,3.7360000610351562,3.740999937057495,3.74399995803833,3.742000102996826,3.73799991607666,3.740000009536743
2025-07-21T22:54:00.0,26640.0,-57.33692351499356,-1.0677998410619736,30.6299991607666,30.979999542236328,44.49986002349853,3.7049999237060547,3.7190001010894775,3.7200000286102295,3.74399995803833,3.743000030517578,3.73799991607666,3.73799991607666,3.743000030517578,3.746000051498413,3.74399995803833,3.740000009536743,3.742000102996826
2025-07-21T22:54:10.0,26650.0,-57.599998474121094,-1.2276676983867856,30.6299991607666,30.979999542236328,44.41999816894531,3.703000068664551,3.7170000076293945,3.7179999351501465,3.743000030517578,3.742000102996826,3.736999988555908,3.736999988555908,3.740999937057495,3.744999885559082,3.743000030517578,3.739000082015991,3.740999937057495
2025-07-21T22:54:20.0,26660.0,-57.029998779296875,-1.3873412233069309,30.6299991607666,30.979999542236328,44.486177554883504,3.700000047683716,3.7149999141693115,3.7160000801086426,3.740999937057495,3.740000009536743,3.7339999675750732,3.734999895095825,3.739000082015991,3.743000030517578,3.740999937057495,3.736999988555908,3.739000082015991
2025-07-21T22:54:30.0,26670.0,-57.13999938964844,-1.5459217215572565,30.6299991607666,30.979999542236328,44.40999984741211,3.697999954223633,3.7119998931884766,3.7139999866485596,3.739000082015991,3.73799991607666,3.7320001125335693,3.7320001125335693,3.736999988555908,3.740999937057495,3.73799991607666,3.7339999675750732,3.7360000610351562
2025-07-21T22:54:40.0,26680.0,-57.72725445616423,-1.7049656680056888,30.6299991607666,30.979999542236328,44.400001525878906,3.696000099182129,3.7100000381469727,3.7109999656677246,3.736999988555908,3.7360000610351562,3.7309999465942383,3.7309999465942383,3.734999895095825,3.739000082015991,3.736999988555908,3.7330000400543213,3.7339999675750732
2025-07-21T22:54:50.0,26690.0,-37.02890772565985,-1.8652449233142634,30.662155934383993,30.99753990470782,44.73975671019516,3.694000005722046,3.7090001106262207,3.7100000381469727,3.7360000610351562,3.734999895095825,3.7290000915527344,3.7300000190734863,3.7339999675750732,3.73799991607666,3.734999895095825,3.7309999465942383,3.7330000400543213
2025-07-21T22:55:00.0,26700.0,-0.005426356467832532,-1.884788087572219,30.733631314729394,31.036527151810496,45.2400016784668,3.740999937057495,3.755000114440918,3.753999948501587,3.7790000438690186,3.7780001163482666,3.7730000019073486,3.7769999504089355,3.7769999504089355,3.7809998989105225,3.7780001163482666,3.7760000228881836,3.7769999504089355
2025-07-21T22:55:10.0,26710.0,-0.019999999552965164,-1.8848384209044273,30.74591484156522,31.051829928237122,45.2400016784668,3.74399995803833,3.759000062942505,3.757999897003174,3.7829999923706055,3.7809998989105225,3.7769999504089355,3.7809998989105225,3.7809998989105225,3.7839999198913574,3.7829999923706055,3.7809998989105225,3.7820000648498535
2025-07-21T22:55:20.0,26720.0,0.009999999776482582,-1.8848710875703638,30.75,31.06477613676308,45.33000183105469,3.747999906539917,3.76200008392334,3.76200008392334,3.7860000133514404,3.7839999198913574,3.7799999713897705,3.7839999198913574,3.7839999198913574,3.7880001068115234,3.7860000133514404,3.7829999923706055,3.7839999198913574
2025-07-21T22:55:30.0,26730.0,-0.009999999776482582,-1.8848830875700955,30.75,31.07765473158837,45.369998931884766,3.753000020980835,3.7669999599456787,3.7669999599456787,3.7909998893737793,3.7890000343322754,3.7850000858306885,3.7890000343322754,3.7880001068115234,3.7920000553131104,3.7909998893737793,3.7880001068115234,3.7890000343322754
2025-07-21T22:55:40.0,26740.0,-0.0,-1.8849176681248783,30.744685388432455,31.0853145352736,45.39692243688246,3.756999969482422,3.7709999084472656,3.7709999084472656,3.7939999103546143,3.7929999828338623,3.7890000343322754,3.7929999828338623,3.7929999828338623,3.7960000038146973,3.7939999103546143,3.7929999828338623,3.7929999828338623
2025-07-21T22:55:50.0,26750.0,-0.009999999776482582,-1.884895501458707,30.739999771118164,31.091810057737238,45.43000030517578,3.759999990463257,3.7739999294281006,3.7739999294281006,3.796999931335449,3.7960000038146973,3.7920000553131104,3.7960000038146973,3.7950000762939453,3.7990000247955322,3.796999931335449,3.7950000762939453,3.7960000038146973
2025-07-21T22:56:00.0,26760.0,-64.52999877929688,-1.9969371660058646,30.739999771118164,31.09829949893246,44.54999923706055,3.7070000171661377,3.7209999561309814,3.7219998836517334,3.747999906539917,3.746000051498413,3.742000102996826,3.740999937057495,3.746000051498413,3.75,3.747999906539917,3.74399995803833,3.746000051498413
2025-07-21T22:56:10.0,26770.0,-64.34039361853328,-2.1761501535199366,30.74478864053987,31.109578120313138,44.40999984741211,3.7070000171661377,3.7209999561309814,3.7219998836517334,3.747999906539917,3.746000051498413,3.742000102996826,3.740999937057495,3.746000051498413,3.75,3.747999906539917,3.74399995803833,3.746000051498413
2025-07-21T22:56:20.0,26780.0,-65.19999694824219,-2.3551872071791635,30.751270914837573,31.121271511668752,44.35755838646919,3.696000099182129,3.7109999656677246,3.7119998931884766,3.73799991607666,3.736999988555908,3.7320001125335693,3.7309999465942383,3.736999988555908,3.740000009536743,3.73799991607666,3.7339999675750732,3.7360000610351562
2025-07-21T22:56:30.0,26790.0,-64.68000030517578,-2.5349484251229906,30.757722259190736,31.127721625553793,44.310001373291016,3.691999912261963,3.7060000896453857,3.7079999446868896,3.7339999675750732,3.7330000400543213,3.7279999256134033,3.7279999256134033,3.7330000400543213,3.7360000610351562,3.7339999675750732,3.7300000190734863,3.7320001125335693
2025-07-21T22:56:40.0,26800.0,-64.5999984741211,-2.7144644781956018,30.7684017198736,31.134199906262484,44.279998779296875,3.687999963760376,3.703000068664551,3.7049999237060547,3.7309999465942383,3.7300000190734863,3.7249999046325684,3.7249999046325684,3.7300000190734863,3.7339999675750732,3.7309999465942383,3.7269999980926514,3.7290000915527344
2025-07-21T22:56:50.0,26810.0,-64.60782523777156,-2.8942712187783863,30.781387996859245,31.141386832175975,44.22999954223633,3.683000087738037,3.697999954223633,3.700000047683716,3.7279999256134033,3.7260000705718994,3.7209999561309814,3.7209999561309814,3.7260000705718994,3.7300000190734863,3.7279999256134033,3.7239999771118164,3.7249999046325684
2025-07-21T22:57:00.0,26820.0,-60.2599983215332,-3.072363574029697,30.794365641515338,31.154365714566417,44.290000915527344,3.683000087738037,3.697999954223633,3.700000047683716,3.7269999980926514,3.7260000705718994,3.7200000286102295,3.7200000286102295,3.7249999046325684,3.7290000915527344,3.7269999980926514,3.7219998836517334,3.7239999771118164
2025-07-21T22:57:10.0,26830.0,-60.18000030517578,-3.2416795725203484,30.807339699508475,31.163670078636073,44.22999954223633,3.680000066757202,3.694999933242798,3.697000026702881,3.7249999046325684,3.7239999771118164,3.7179999351501465,3.7190001010894775,3.7239999771118164,3.7269999980926514,3.7249999046325684,3.7209999561309814,3.7219998836517334
2025-07-21T22:57:20.0,26840.0,-60.2400016784668,-3.408741741701325,30.820618265682885,31.170309361723277,44.27000045776367,3.678999900817871,3.694000005722046,3.696000099182129,3.7239999771118164,3.7219998836517334,3.7170000076293945,3.7170000076293945,3.7219998836517334,3.7260000705718994,3.7230000495910645,3.7190001010894775,3.7209999561309814
2025-07-21T22:57:30.0,26850.0,-60.337160255034085,-3.5780159440110406,30.846392051460818,31.183196254612245,44.15800166324189,3.674999952316284,3.690000057220459,3.691999912261963,3.7209999561309814,3.7190001010894775,3.7139999866485596,3.7139999866485596,3.7190001010894775,3.7230000495910645,3.7200000286102295,3.7160000801086426,3.7179999351501465
2025-07-21T22:57:40.0,26860.0,-59.84000015258789,-3.74782197726312,30.866129638204235,31.19612956191029,44.15164671505199,3.6730000972747803,3.687999963760376,3.690000057220459,3.7190001010894775,3.7170000076293945,3.7119998931884766,3.7119998931884766,3.7170000076293945,3.7209999561309814,3.7190001010894775,3.7149999141693115,3.7160000801086426
2025-07-21T22:57:50.0,26870.0,-60.25,-3.9156053392384718,30.879114866705653,31.209114790411707,44.20000076293945,3.6700000762939453,3.684999942779541,3.687000036239624,3.7170000076293945,3.7149999141693115,3.7090001106262207,3.7100000381469727,3.7149999141693115,3.7190001010894775,3.7160000801086426,3.7119998931884766,3.7139999866485596
2025-07-21T22:58:00.0,26880.0,-33.15999984741211,-4.040778524715215,30.90420648148868,31.222102744833695,44.47999954223633,3.688999891281128,3.7039999961853027,3.7060000896453857,3.7339999675750732,3.7330000400543213,3.7279999256134033,3.7300000190734863,3.7330000400543213,3.736999988555908,3.7339999675750732,3.7309999465942383,3.7320001125335693
2025-07-21T22:58:10.0,26890.0,-32.820012401334225,-4.134027385242889,30.930063365688753,31.2350314268672,44.63577838574171,3.690999984741211,3.7060000896453857,3.7079999446868896,3.7360000610351562,3.734999895095825,3.7300000190734863,3.7320001125335693,3.734999895095825,3.739000082015991,3.736999988555908,3.7330000400543213,3.734999895095825
2025-07-21T22:58:20.0,26900.0,-33.543289535924124,-4.227885303749087,30.955735022308172,31.247867867252072,44.50394445685014,3.691999912261963,3.7070000171661377,3.7090001106262207,3.736999988555908,3.7360000610351562,3.7309999465942383,3.7330000400543213,3.7360000610351562,3.740000009536743,3.736999988555908,3.7339999675750732,3.734999895095825
2025-07-21T22:58:30.0,26910.0,-34.41999816894531,-4.320988147489338,30.97074546445276,31.260746379980105,44.45000076293945,3.691999912261963,3.7079999446868896,3.7090001106262207,3.736999988555908,3.7360000610351562,3.7320001125335693,3.7339999675750732,3.7360000610351562,3.740000009536743,3.73799991607666,3.734999895095825,3.7360000610351562
2025-07-21T22:58:40.0,26920.0,-33.635579788397884,-4.414999258577137,30.985491226369682,31.275491792753144,44.52436820478993,3.693000078201294,3.7079999446868896,3.7100000381469727,3.73799991607666,3.7360000610351562,3.7320001125335693,3.7339999675750732,3.736999988555908,3.740999937057495,3.73799991607666,3.734999895095825,3.736999988555908
2025-07-21T22:58:50.0,26930.0,-33.189998626708984,-4.507363143820871,31.00497219172391,31.294971519569295,44.58000183105469,3.693000078201294,3.7079999446868896,3.7100000381469727,3.73799991607666,3.736999988555908,3.7320001125335693,3.7339999675750732,3.736999988555908,3.740999937057495,3.73799991607666,3.734999895095825,3.736999988555908
2025-07-21T22:59:00.0,26940.0,-57.880001068115234,-4.625484577870466,31.01481474530457,31.30481375348328,44.16999816894531,3.693000078201294,3.7079999446868896,3.7100000381469727,3.73799991607666,3.736999988555908,3.7320001125335693,3.7339999675750732,3.736999988555908,3.740999937057495,3.73799991607666,3.734999895095825,3.736999988555908
2025-07-21T22:59:10.0,26950.0,-57.779998779296875,-4.784106160911551,31.022609608390113,31.312608616568824,44.13999938964844,3.671999931335449,3.687000036239624,3.688999891281128,3.7179999351501465,3.7170000076293945,3.7119998931884766,3.7119998931884766,3.7170000076293945,3.7200000286102295,3.7179999351501465,3.7139999866485596,3.7160000801086426
2025-07-21T22:59:20.0,26960.0,-56.94764776790843,-4.942875440137218,31.035596918626265,31.325595926804976,44.14009895324709,3.6670000553131104,3.681999921798706,3.684000015258789,3.7149999141693115,3.7130000591278076,3.7079999446868896,3.7090001106262207,3.7130000591278076,3.7170000076293945,3.7149999141693115,3.7109999656677246,3.7130000591278076
2025-07-21T22:59:30.0,26970.0,-57.133440694803085,-5.101438242503899,31.05702303046959,31.3427671186861,44.07953357755009,3.6649999618530273,3.680000066757202,3.681999921798706,3.7119998931884766,3.7109999656677246,3.7060000896453857,3.7070000171661377,3.7119998931884766,3.7149999141693115,3.7130000591278076,3.7090001106262207,3.7109999656677246
2025-07-21T22:59:40.0,26980.0,-56.849998474121094,-5.260780583919516,31.079999923706055,31.360000610351562,44.119998931884766,3.6619999408721924,3.677000045776367,3.680000066757202,3.7100000381469727,3.7079999446868896,3.7039999961853027,3.7039999961853027,3.7090001106262207,3.7130000591278076,3.7100000381469727,3.7070000171661377,3.7079999446868896
2025-07-21T22:59:50.0,26990.0,-57.66999816894531,-5.419312246118748,31.079999923706055,31.360000610351562,44.04999923706055,3.6600000858306885,3.674999952316284,3.677999973297119,3.7090001106262207,3.7079999446868896,3.703000068664551,3.7039999961853027,3.7079999446868896,3.7119998931884766,3.7090001106262207,3.7060000896453857,3.7070000171661377
2025-07-21T23:00:00.0,27000.0,-0.05036208231732825,-5.491383849828965,31.098470421085107,31.378471107730615,44.83337424548332,3.7039999961853027,3.7190001010894775,3.7200000286102295,3.75,3.746999979019165,3.74399995803833,3.747999906539917,3.747999906539917,3.752000093460083,3.75,3.747999906539917,3.749000072479248
2025-07-21T23:00:10.0,27010.0,-0.0,-5.491412933162969,31.1299991607666,31.410187282793576,44.91983553164694,3.7090001106262207,3.7239999771118164,3.7249999046325684,3.753999948501587,3.752000093460083,3.749000072479248,3.753999948501587,3.753999948501587,3.757999897003174,3.755000114440918,3.753000020980835,3.753999948501587
2025-07-21T23:00:20.0,27020.0,0.012745097754354999,-5.49140237760765,31.1299991607666,31.416672936131558,44.970001220703125,3.7139999866485596,3.7279999256134033,3.7300000190734863,3.759000062942505,3.756999969482422,3.753000020980835,3.757999897003174,3.756999969482422,3.760999917984009,3.759000062942505,3.756999969482422,3.757999897003174
2025-07-21T23:00:30.0,27030.0,0.009999999776482582,-5.491404377607605,31.133134896691818,31.426271548144378,44.9900016784668,3.7179999351501465,3.7320001125335693,3.7330000400543213,3.76200008392334,3.759999990463257,3.756999969482422,3.76200008392334,3.760999917984009,3.765000104904175,3.763000011444092,3.760999917984009,3.76200008392334
2025-07-21T23:00:40.0,27040.0,-0.009999999776482582,-5.491435880384678,31.139573779495137,31.439149313751017,45.040000915527344,3.7209999561309814,3.734999895095825,3.736999988555908,3.7660000324249268,3.7639999389648438,3.760999917984009,3.765000104904175,3.7639999389648438,3.7679998874664307,3.7660000324249268,3.765000104904175,3.765000104904175
2025-07-21T23:00:50.0,27050.0,0.009999999776482582,-5.491420269273917,31.133942830794517,31.452112496594975,45.08000183105469,3.7209999561309814,3.734999895095825,3.736999988555908,3.7660000324249268,3.7639999389648438,3.760999917984009,3.765000104904175,3.7639999389648438,3.7679998874664307,3.7660000324249268,3.765000104904175,3.765000104904175
2025-07-21T23:01:00.0,27060.0,-64.83433939281262,-5.605687106307743,31.1299991607666,31.46508914187741,44.15999984741211,3.6740000247955322,3.688999891281128,3.691999912261963,3.7219998836517334,3.7209999561309814,3.7160000801086426,3.7149999141693115,3.7200000286102295,3.7230000495910645,3.7690000534057617,3.7679998874664307,3.7679998874664307
2025-07-21T23:01:10.0,27070.0,-64.78697395324707,-5.785709685394894,31.1299991607666,31.47807729550016,44.05653960912193,3.6670000553131104,3.681999921798706,3.684999942779541,3.7149999141693115,3.7139999866485596,3.7090001106262207,3.7100000381469727,3.7149999141693115,3.7190001010894775,3.7160000801086426,3.7130000591278076,3.7149999141693115
2025-07-21T23:01:20.0,27080.0,-64.70999908447266,-5.965580004437101,31.13552816466493,31.485528546134656,44.002585421110474,3.6600000858306885,3.674999952316284,3.677999973297119,3.7090001106262207,3.7070000171661377,3.703000068664551,3.703000068664551,3.7079999446868896,3.7119998931884766,3.7090001106262207,3.7060000896453857,3.7079999446868896
2025-07-21T23:01:30.0,27090.0,-64.8499984741211,-6.145272666040391,31.14200317238296,31.49400733658721,43.97999954223633,3.6559998989105225,3.6710000038146973,3.6740000247955322,3.7049999237060547,3.703000068664551,3.6989998817443848,3.6989998817443848,3.7039999961853027,3.7079999446868896,3.7049999237060547,3.7019999027252197,3.7039999961853027
2025-07-21T23:01:40.0,27100.0,-64.6275804832313,-6.325153065233627,31.148446203683672,31.506893399188634,43.933183331238645,3.6530001163482666,3.6679999828338623,3.6710000038146973,3.7019999027252197,3.700000047683716,3.694999933242798,3.694999933242798,3.7009999752044678,3.7039999961853027,3.7009999752044678,3.697999954223633,3.6989998817443848
2025-07-21T23:01:50.0,27110.0,-64.61737020392161,-6.504819738559059,31.159849931592024,31.519850541943587,43.86000061035156,3.6480000019073486,3.6630001068115234,3.6649999618530273,3.6989998817443848,3.697000026702881,3.693000078201294,3.693000078201294,3.697999954223633,3.7019999027252197,3.6989998817443848,3.696000099182129,3.697000026702881
2025-07-21T23:02:00.0,27120.0,-60.810001373291016,-6.678026517021788,31.175654562892063,31.53282779512776,43.870732761630045,3.6489999294281006,3.6630001068115234,3.6659998893737793,3.697000026702881,3.694999933242798,3.690999984741211,3.691999912261963,3.696000099182129,3.700000047683716,3.697999954223633,3.694000005722046,3.696000099182129
2025-07-21T23:02:10.0,27130.0,-60.7599983215332,-6.847152823364867,31.201592574810036,31.545796182661014,43.84000015258789,3.6459999084472656,3.6600000858306885,3.6630001068115234,3.694000005722046,3.691999912261963,3.687999963760376,3.688999891281128,3.694000005722046,3.697999954223633,3.696000099182129,3.691999912261963,3.694000005722046
2025-07-21T23:02:20.0,27140.0,-60.88712632461475,-7.016161323803132,31.218777777506272,31.554388583577353,43.81999969482422,3.6429998874664307,3.6570000648498535,3.6600000858306885,3.691999912261963,3.688999891281128,3.684999942779541,3.686000108718872,3.690999984741211,3.694999933242798,3.691999912261963,3.688999891281128,3.690999984741211
2025-07-21T23:02:30.0,27150.0,-60.439998626708984,-7.1853176959200695,31.231751031132568,31.560875210390503,43.810001373291016,3.6419999599456787,3.6549999713897705,3.6579999923706055,3.688999891281128,3.687000036239624,3.683000087738037,3.683000087738037,3.687999963760376,3.691999912261963,3.688999891281128,3.686000108718872,3.687000036239624
2025-07-21T23:02:40.0,27160.0,-61.41999816894531,-7.353288247622781,31.244629625957852,31.567314507803147,43.75,3.6389999389648438,3.6530001163482666,3.6549999713897705,3.687999963760376,3.686000108718872,3.680999994277954,3.681999921798706,3.687000036239624,3.690999984741211,3.687999963760376,3.684999942779541,3.686000108718872
2025-07-21T23:02:50.0,27170.0,-60.56999969482422,-7.522927355443504,31.264976901774087,31.581232371154787,43.77000045776367,3.6389999389648438,3.6530001163482666,3.6549999713897705,3.686000108718872,3.684000015258789,3.678999900817871,3.680000066757202,3.684999942779541,3.688999891281128,3.686000108718872,3.681999921798706,3.684000015258789
2025-07-21T23:03:00.0,27180.0,-46.00559906005857,-7.674211352981332,31.290000915527344,31.600000381469727,43.90999984741211,3.6470000743865967,3.6610000133514404,3.6630001068115234,3.693000078201294,3.690999984741211,3.687000036239624,3.687999963760376,3.691999912261963,3.696000099182129,3.694000005722046,3.690999984741211,3.691999912261963
2025-07-21T23:03:10.0,27190.0,-45.42254967783021,-7.801553901260563,31.290000915527344,31.600000381469727,43.91999816894531,3.6470000743865967,3.6610000133514404,3.6630001068115234,3.693000078201294,3.690999984741211,3.687000036239624,3.688999891281128,3.691999912261963,3.696000099182129,3.694000005722046,3.690999984741211,3.691999912261963
2025-07-21T23:03:20.0,27200.0,-45.150001525878906,-7.927421233846216,31.290000915527344,31.600000381469727,43.970001220703125,3.6470000743865967,3.6600000858306885,3.6630001068115234,3.691999912261963,3.690999984741211,3.686000108718872,3.687999963760376,3.691999912261963,3.696000099182129,3.693000078201294,3.690000057220459,3.690999984741211
2025-07-21T23:03:30.0,27210.0,-45.369998931884766,-8.052950958973966,31.290000915527344,31.600000381469727,43.95000076293945,3.6459999084472656,3.6600000858306885,3.6619999408721924,3.691999912261963,3.690000057220459,3.684999942779541,3.687999963760376,3.690999984741211,3.694999933242798,3.691999912261963,3.688999891281128,3.690999984741211
2025-07-21T23:03:40.0,27220.0,-45.579050447053504,-8.179422803692686,31.290000915527344,31.600000381469727,43.94366607666016,3.6459999084472656,3.6589999198913574,3.6619999408721924,3.690999984741211,3.688999891281128,3.684999942779541,3.687000036239624,3.690000057220459,3.694000005722046,3.691999912261963,3.688999891281128,3.690000057220459
2025-07-21T23:03:50.0,27230.0,-45.32138030925602,-8.305785272327398,31.325423214050335,31.625302230097272,43.939998626708984,3.6449999809265137,3.6589999198913574,3.6610000133514404,3.690000057220459,3.687999963760376,3.684000015258789,3.686000108718872,3.688999891281128,3.693000078201294,3.690999984741211,3.687999963760376,3.688999891281128
2025-07-21T23:04:00.0,27240.0,-0.03999999910593033,-8.344255068798509,31.416272915314714,31.690195404315123,44.54999923706055,3.680000066757202,3.693000078201294,3.694000005722046,3.7219998836517334,3.7200000286102295,3.7170000076293945,3.7219998836517334,3.7209999561309814,3.7249999046325684,3.7230000495910645,3.7219998836517334,3.7219998836517334
2025-07-21T23:04:10.0,27250.0,-0.007261437746201608,-8.34429226324212,31.435509191806403,31.711017485488007,44.601970905853186,3.684999942779541,3.697999954223633,3.6989998817443848,3.7279999256134033,3.7249999046325684,3.7219998836517334,3.7269999980926514,3.7269999980926514,3.7309999465942383,3.7279999256134033,3.7269999980926514,3.7269999980926514
2025-07-21T23:04:20.0,27260.0,0.009999999776482582,-8.344283349353432,31.440000534057617,31.721983378353986,44.63999938964844,3.688999891281128,3.7019999027252197,3.703000068664551,3.7309999465942383,3.7290000915527344,3.7260000705718994,3.7309999465942383,3.7300000190734863,3.7339999675750732,3.7320001125335693,3.7309999465942383,3.7309999465942383
2025-07-21T23:04:30.0,27270.0,0.019274389813093443,-8.344272160464794,31.440000534057617,31.72842723999574,44.68803651509056,3.690000057220459,3.703000068664551,3.7039999961853027,3.7330000400543213,3.7300000190734863,3.7269999980926514,3.7320001125335693,3.7309999465942383,3.734999895095825,3.7339999675750732,3.7330000400543213,3.7330000400543213
2025-07-21T23:04:40.0,27280.0,-0.0,-8.34425568546516,31.440000534057617,31.744688997614567,44.709999084472656,3.694999933242798,3.7079999446868896,3.7090001106262207,3.736999988555908,3.734999895095825,3.7320001125335693,3.736999988555908,3.7360000610351562,3.740000009536743,3.73799991607666,3.736999988555908,3.73799991607666
2025-07-21T23:04:50.0,27290.0,-0.0,-8.344263546576096,31.438623968559956,31.761376794379498,44.75,3.696000099182129,3.7090001106262207,3.7100000381469727,3.73799991607666,3.7360000610351562,3.7330000400543213,3.739000082015991,3.73799991607666,3.742000102996826,3.740000009536743,3.739000082015991,3.739000082015991
2025-07-21T23:05:00.0,27300.0,-64.69999694824219,-8.411607238628548,31.432130735080417,31.767870027859036,43.83000183105469,3.6480000019073486,3.6619999408721924,3.6640000343322754,3.693000078201294,3.691999912261963,3.687999963760376,3.688999891281128,3.694000005722046,3.697000026702881,3.694999933242798,3.691999912261963,3.693000078201294
2025-07-21T23:05:10.0,27310.0,-64.97000122070312,-8.591143599146687,31.43000030517578,31.778721534778022,43.74213310291898,3.6410000324249268,3.6540000438690186,3.6570000648498535,3.686000108718872,3.684000015258789,3.680999994277954,3.683000087738037,3.687999963760376,3.690999984741211,3.688999891281128,3.686000108718872,3.687000036239624
2025-07-21T23:05:20.0,27320.0,-64.62999725341797,-8.771316627266092,31.430843798823016,31.791687741941846,43.7354337473385,3.63700008392334,3.6500000953674316,3.6530001163482666,3.684999942779541,3.681999921798706,3.678999900817871,3.678999900817871,3.684000015258789,3.687999963760376,3.686000108718872,3.683000087738037,3.684000015258789
2025-07-21T23:05:30.0,27330.0,-61.80486839695876,-8.950215545854519,31.437282681626336,31.804564279457164,43.674637200085456,3.63700008392334,3.6500000953674316,3.6530001163482666,3.680999994277954,3.678999900817871,3.674999952316284,3.674999952316284,3.680000066757202,3.684000015258789,3.680999994277954,3.677999973297119,3.678999900817871
2025-07-21T23:05:40.0,27340.0,-57.65999984741211,-9.117869368165284,31.447510061208266,31.813754587625823,43.70000076293945,3.634000062942505,3.6470000743865967,3.6489999294281006,3.677999973297119,3.6760001182556152,3.671999931335449,3.6730000972747803,3.677999973297119,3.681999921798706,3.680000066757202,3.677000045776367,3.677999973297119
2025-07-21T23:05:50.0,27350.0,-53.2700943619197,-9.274266285154505,31.46050366830235,31.820504278653914,43.7207799173991,3.634999990463257,3.6480000019073486,3.6510000228881836,3.678999900817871,3.677000045776367,3.6730000972747803,3.6740000247955322,3.677999973297119,3.681999921798706,3.680000066757202,3.677000045776367,3.677999973297119
2025-07-21T23:06:00.0,27360.0,-60.279998779296875,-9.425627590868155,31.473474974978316,31.83347558532988,43.70000076293945,3.628000020980835,3.6419999599456787,3.6440000534057617,3.671999931335449,3.6700000762939453,3.6659998893737793,3.6670000553131104,3.6710000038146973,3.674999952316284,3.6730000972747803,3.6700000762939453,3.6710000038146973
2025-07-21T23:06:10.0,27370.0,-60.43000030517578,-9.594403199616487,31.48644962821942,31.846450238570984,43.599998474121094,3.625,3.6389999389648438,3.6410000324249268,3.6689999103546143,3.6670000553131104,3.6630001068115234,3.6640000343322754,3.6679999828338623,3.671999931335449,3.6700000762939453,3.6670000553131104,3.6679999828338623
2025-07-21T23:06:20.0,27380.0,-54.2599983215332,-9.75756664568048,31.499427668426854,31.859428278778417,43.630001068115234,3.625,3.6389999389648438,3.6419999599456787,3.6689999103546143,3.6670000553131104,3.6630001068115234,3.6640000343322754,3.6679999828338623,3.6730000972747803,3.6700000762939453,3.6670000553131104,3.6679999828338623
2025-07-21T23:06:30.0,27390.0,-46.89032793044969,-9.901023747319062,31.524653046520044,31.872325958089625,43.69382766171507,3.627000093460083,3.6419999599456787,3.6440000534057617,3.6710000038146973,3.6689999103546143,3.6649999618530273,3.6670000553131104,3.6710000038146973,3.674999952316284,3.6730000972747803,3.6700000762939453,3.6700000762939453
2025-07-21T23:06:40.0,27400.0,-42.40570220847667,-10.025616289334774,31.54525931741256,31.88525806416845,43.79908745148605,3.634000062942505,3.6480000019073486,3.6500000953674316,3.677000045776367,3.674999952316284,3.6710000038146973,3.6730000972747803,3.674999952316284,3.680000066757202,3.677999973297119,3.674999952316284,3.674999952316284
2025-07-21T23:06:50.0,27410.0,-35.543553201776,-10.133386314803175,31.558246232416806,31.8982462177912,43.885418459325045,3.638000011444092,3.6519999504089355,3.6540000438690186,3.680000066757202,3.677999973297119,3.6740000247955322,3.677000045776367,3.678999900817871,3.684000015258789,3.680999994277954,3.677999973297119,3.678999900817871
2025-07-21T23:07:00.0,27420.0,-57.75,-10.263489910464749,31.559999465942383,31.899999618530273,43.529998779296875,3.622999906539917,3.63700008392334,3.640000104904175,3.6659998893737793,3.6640000343322754,3.6600000858306885,3.6610000133514404,3.6649999618530273,3.6689999103546143,3.6670000553131104,3.6640000343322754,3.6640000343322754
2025-07-21T23:07:10.0,27430.0,-57.77000045776367,-10.423939966784516,31.559999465942383,31.899999618530273,43.52000045776367,3.61899995803833,3.634000062942505,3.63700008392334,3.6630001068115234,3.6619999408721924,3.6570000648498535,3.6589999198913574,3.6630001068115234,3.6679999828338623,3.6659998893737793,3.6619999408721924,3.6630001068115234
2025-07-21T23:07:20.0,27440.0,-57.70000076293945,-10.584377190430892,31.559999465942383,31.899999618530273,43.5,3.618000030517578,3.632999897003174,3.634999990463257,3.6619999408721924,3.6610000133514404,3.6559998989105225,3.6570000648498535,3.6610000133514404,3.6649999618530273,3.6630001068115234,3.6589999198913574,3.6600000858306885
2025-07-21T23:07:30.0,27450.0,-57.880001068115234,-10.744408662292624,31.5751427616677,31.91514291425559,43.459999084472656,3.615999937057495,3.63100004196167,3.634000062942505,3.6589999198913574,3.6579999923706055,3.6530001163482666,3.6540000438690186,3.6579999923706055,3.6630001068115234,3.6600000858306885,3.6570000648498535,3.6579999923706055
2025-07-21T23:07:40.0,27460.0,-57.34000015258789,-10.904101440742213,31.59000015258789,31.93000030517578,43.41999816894531,3.61299991607666,3.628000020980835,3.63100004196167,3.6570000648498535,3.6559998989105225,3.6510000228881836,3.6519999504089355,3.6559998989105225,3.6610000133514404,3.6579999923706055,3.6549999713897705,3.6559998989105225
2025-07-21T23:07:50.0,27470.0,-57.88999938964844,-11.06412232990788,31.59000015258789,31.93000030517578,43.431483062285054,3.609999895095825,3.625999927520752,3.628999948501587,3.6549999713897705,3.6549999713897705,3.6489999294281006,3.6500000953674316,3.6540000438690186,3.6589999198913574,3.6559998989105225,3.6530001163482666,3.6540000438690186
2025-07-21T23:08:00.0,27480.0,-17.65999984741211,-11.189186385488465,31.59000015258789,31.93000030517578,44.060001373291016,3.638000011444092,3.6540000438690186,3.6559998989105225,3.680999994277954,3.680000066757202,3.674999952316284,3.678999900817871,3.678999900817871,3.684999942779541,3.681999921798706,3.678999900817871,3.680000066757202
2025-07-21T23:08:10.0,27490.0,-18.860000610351562,-11.238258607297428,31.59000015258789,31.93000030517578,44.02000045776367,3.6410000324249268,3.6570000648498535,3.6589999198913574,3.684000015258789,3.683000087738037,3.677999973297119,3.681999921798706,3.681999921798706,3.687999963760376,3.684000015258789,3.680999994277954,3.680999994277954
2025-07-21T23:08:20.0,27500.0,-19.389999389648438,-11.290355830542204,31.59000015258789,31.93000030517578,43.9900016784668,3.6410000324249268,3.6570000648498535,3.6589999198913574,3.684000015258789,3.683000087738037,3.677999973297119,3.681999921798706,3.681999921798706,3.687999963760376,3.686000108718872,3.684000015258789,3.684000015258789
2025-07-21T23:08:30.0,27510.0,-19.450000762939453,-11.342681891882641,31.59000015258789,31.93000030517578,44.01332292807714,3.6449999809265137,3.6610000133514404,3.6630001068115234,3.687000036239624,3.686000108718872,3.681999921798706,3.684999942779541,3.686000108718872,3.690999984741211,3.688999891281128,3.686000108718872,3.686000108718872
2025-07-21T23:08:40.0,27520.0,-18.290000915527344,-11.392989282100952,31.59193607087621,31.931678119077784,44.20342390504607,3.6470000743865967,3.6630001068115234,3.6649999618530273,3.687999963760376,3.687999963760376,3.683000087738037,3.687000036239624,3.687000036239624,3.691999912261963,3.690000057220459,3.687999963760376,3.687999963760376
2025-07-21T23:08:50.0,27530.0,-19.399999618530273,-11.44553823353074,31.689218396922165,32.015990375459666,43.849998474121094,3.6489999294281006,3.6640000343322754,3.6659998893737793,3.688999891281128,3.688999891281128,3.684000015258789,3.687999963760376,3.687999963760376,3.694000005722046,3.690999984741211,3.688999891281128,3.688999891281128
2025-07-21T23:09:00.0,27540.0,-64.94000244140625,-11.552352958082057,31.74309770333172,32.06309871463442,43.439998626708984,3.61899995803833,3.632999897003174,3.635999917984009,3.6619999408721924,3.6610000133514404,3.6559998989105225,3.6570000648498535,3.6610000133514404,3.6659998893737793,3.6640000343322754,3.6600000858306885,3.6610000133514404
2025-07-21T23:09:10.0,27550.0,-62.223078214209885,-11.73248482302821,31.749578733067192,32.069578508239864,43.40303765223577,3.611999988555908,3.627000093460083,3.630000114440918,3.6570000648498535,3.6559998989105225,3.6510000228881836,3.6510000228881836,3.6549999713897705,3.6610000133514404,3.6579999923706055,3.6540000438690186,3.6549999713897705
2025-07-21T23:09:20.0,27560.0,-56.22315818385296,-11.896916688434247,31.75607117330337,32.082142041430956,43.44620359320389,3.6089999675750732,3.625999927520752,3.628999948501587,3.6559998989105225,3.6549999713897705,3.6489999294281006,3.6510000228881836,3.6549999713897705,3.6600000858306885,3.6579999923706055,3.6540000438690186,3.6549999713897705
2025-07-21T23:09:30.0,27570.0,-53.099998474121094,-12.049972646960649,31.762544745882764,32.095089186589746,43.439998626708984,3.609999895095825,3.625999927520752,3.628999948501587,3.6559998989105225,3.6549999713897705,3.6500000953674316,3.6510000228881836,3.6540000438690186,3.6600000858306885,3.6570000648498535,3.6540000438690186,3.6540000438690186
2025-07-21T23:09:40.0,27580.0,-50.33000183105469,-12.193349862074818,31.768988192327242,32.1079760794787,43.4900016784668,3.609999895095825,3.625999927520752,3.628999948501587,3.6559998989105225,3.6559998989105225,3.6500000953674316,3.6510000228881836,3.6540000438690186,3.6600000858306885,3.6579999923706055,3.6540000438690186,3.6540000438690186
2025-07-21T23:09:50.0,27590.0,-46.0099983215332,-12.327376750594741,31.775481077350474,32.11548018461706,43.52583721293814,3.609999895095825,3.627000093460083,3.630000114440918,3.6570000648498535,3.6559998989105225,3.6510000228881836,3.6530001163482666,3.6559998989105225,3.6619999408721924,3.6589999198913574,3.6549999713897705,3.6559998989105225
2025-07-21T23:10:00.0,27600.0,-54.43000030517578,-12.457684913188581,31.780000686645508,32.12197537474716,43.369998931884766,3.609999895095825,3.628000020980835,3.630000114440918,3.6579999923706055,3.6570000648498535,3.6510000228881836,3.6530001163482666,3.6559998989105225,3.6619999408721924,3.6589999198913574,3.6549999713897705,3.6559998989105225
2025-07-21T23:10:10.0,27610.0,-54.41999816894531,-12.608962995845442,31.780000686645508,32.12845764061266,43.310001373291016,3.6019999980926514,3.619999885559082,3.622999906539917,3.6500000953674316,3.6510000228881836,3.6449999809265137,3.6459999084472656,3.6489999294281006,3.6549999713897705,3.6519999504089355,3.6480000019073486,3.6489999294281006
2025-07-21T23:10:20.0,27620.0,-52.349998474121094,-12.756592965336342,31.780000686645508,32.130001068115234,43.35040649453985,3.5989999771118164,3.617000102996826,3.619999885559082,3.6480000019073486,3.6480000019073486,3.6419999599456787,3.6440000534057617,3.6470000743865967,3.6530001163482666,3.6500000953674316,3.6459999084472656,3.6470000743865967
2025-07-21T23:10:30.0,27630.0,-52.45196121814064,-12.902049270903765,31.78569751508308,32.13427362153024,43.241945526254796,3.5959999561309814,3.615000009536743,3.618000030517578,3.6459999084472656,3.6459999084472656,3.640000104904175,3.6419999599456787,3.6459999084472656,3.6510000228881836,3.6489999294281006,3.6449999809265137,3.6459999084472656
2025-07-21T23:10:40.0,27640.0,-54.290000915527344,-13.048931662822794,31.811486688634798,32.1536151942555,43.27000045776367,3.5940001010894775,3.61299991607666,3.615999937057495,3.6449999809265137,3.6449999809265137,3.6389999389648438,3.640000104904175,3.6440000534057617,3.6489999294281006,3.6470000743865967,3.6429998874664307,3.6429998874664307
2025-07-21T23:10:50.0,27650.0,-53.66999816894531,-13.198716798197923,31.81999969482422,32.15999984741211,43.33000183105469,3.5920000076293945,3.6110000610351562,3.615000009536743,3.6429998874664307,3.6429998874664307,3.63700008392334,3.6389999389648438,3.6419999599456787,3.6480000019073486,3.6459999084472656,3.6419999599456787,3.6419999599456787
2025-07-21T23:11:00.0,27660.0,-52.470001220703125,-13.345540132192472,31.82585533806054,32.165019106946936,43.27590508944744,3.5889999866485596,3.6080000400543213,3.611999988555908,3.6419999599456787,3.6410000324249268,3.634999990463257,3.63700008392334,3.640000104904175,3.6459999084472656,3.6449999809265137,3.640000104904175,3.6410000324249268
2025-07-21T23:11:10.0,27670.0,-54.79999923706055,-13.494125315713319,31.87128313663554,32.20395828099523,43.22999954223633,3.5869998931884766,3.6059999465942383,3.609999895095825,3.640000104904175,3.6389999389648438,3.632999897003174,3.634999990463257,3.638000011444092,3.6440000534057617,3.6429998874664307,3.6389999389648438,3.640000104904175
2025-07-21T23:11:20.0,27680.0,-54.894640604654896,-13.645512430346242,31.89381493346942,32.22763230834509,43.208241209641,3.5840001106262207,3.6040000915527344,3.6080000400543213,3.6389999389648438,3.638000011444092,3.631999969482422,3.634000062942505,3.63700008392334,3.6429998874664307,3.640000104904175,3.635999917984009,3.63700008392334
2025-07-21T23:11:30.0,27690.0,-54.959999084472656,-13.79646295852287,31.90090626986327,32.24030383793578,43.18000030517578,3.5799999237060547,3.6010000705718994,3.6050000190734863,3.63700008392334,3.635999917984009,3.630000114440918,3.631999969482422,3.634999990463257,3.6419999599456787,3.6389999389648438,3.634000062942505,3.634999990463257
2025-07-21T23:11:40.0,27700.0,-54.81999969482422,-13.94776501536419,31.920237854788528,32.24674647053659,43.16999816894531,3.5769999027252197,3.5989999771118164,3.6029999256134033,3.634999990463257,3.634999990463257,3.628000020980835,3.630000114440918,3.632999897003174,3.640000104904175,3.63700008392334,3.632999897003174,3.634000062942505
2025-07-21T23:11:50.0,27710.0,-49.90999984741211,-14.08929534818381,31.933214455748153,32.253213537535835,43.220001220703125,3.5799999237060547,3.6019999980926514,3.6059999465942383,3.638000011444092,3.638000011444092,3.63100004196167,3.632999897003174,3.634999990463257,3.6419999599456787,3.6389999389648438,3.634999990463257,3.635999917984009
2025-07-21T23:12:00.0,27720.0,-27.886400070189698,-14.2098277367332,31.93970768922769,32.25970553255772,43.521326901753746,3.5810000896453857,3.6040000915527344,3.6080000400543213,3.6500000953674316,3.6500000953674316,3.6429998874664307,3.6480000019073486,3.6489999294281006,3.6559998989105225,3.6530001163482666,3.6489999294281006,3.6500000953674316
2025-07-21T23:12:10.0,27730.0,-25.815263823459784,-14.288847624265326,31.946205354434007,32.27240796228598,43.553026327334,3.5950000286102295,3.618000030517578,3.621999979019165,3.6530001163482666,3.6530001163482666,3.6470000743865967,3.6510000228881836,3.6519999504089355,3.6579999923706055,3.6559998989105225,3.6519999504089355,3.6530001163482666
2025-07-21T23:12:20.0,27740.0,-24.212221781413184,-14.35868545781292,31.95539851562789,32.28539704679244,43.650001525878906,3.5989999771118164,3.621999979019165,3.625999927520752,3.6570000648498535,3.6570000648498535,3.6510000228881836,3.6549999713897705,3.6559998989105225,3.6619999408721924,3.6589999198913574,3.6559998989105225,3.6559998989105225
2025-07-21T23:12:30.0,27750.0,-21.979999542236328,-14.42269267913551,31.96837700249598,32.298376771475205,43.65999984741211,3.5999999046325684,3.624000072479248,3.628000020980835,3.6589999198913574,3.6589999198913574,3.6530001163482666,3.6570000648498535,3.6570000648498535,3.6640000343322754,3.6610000133514404,3.6579999923706055,3.6579999923706055
2025-07-21T23:12:40.0,27760.0,-20.809999465942383,-14.482778262827637,31.969999313354492,32.31127526833839,43.68000030517578,3.6029999256134033,3.625999927520752,3.63100004196167,3.6610000133514404,3.6619999408721924,3.6559998989105225,3.6600000858306885,3.6589999198913574,3.6659998893737793,3.6630001068115234,3.6600000858306885,3.6610000133514404
2025-07-21T23:12:50.0,27770.0,-18.639999389648438,-14.540113650216503,31.969999313354492,32.32209877220869,43.68000030517578,3.6040000915527344,3.628000020980835,3.631999969482422,3.6619999408721924,3.6619999408721924,3.6559998989105225,3.6610000133514404,3.6610000133514404,3.6679999828338623,3.6649999618530273,3.6610000133514404,3.6619999408721924
2025-07-21T23:13:00.0,27780.0,-24.549999237060547,-14.596583816693068,31.969999313354492,32.328597463801486,43.66999816894531,3.6019999980926514,3.625999927520752,3.63100004196167,3.6610000133514404,3.6619999408721924,3.6559998989105225,3.6600000858306885,3.6600000858306885,3.6670000553131104,3.6640000343322754,3.6600000858306885,3.6610000133514404
2025-07-21T23:13:10.0,27790.0,-24.095855612503513,-14.664457731242154,31.969999313354492,32.34018064176881,43.70000076293945,3.6019999980926514,3.625999927520752,3.63100004196167,3.6610000133514404,3.6610000133514404,3.6559998989105225,3.6600000858306885,3.6600000858306885,3.6670000553131104,3.6640000343322754,3.6610000133514404,3.6610000133514404
2025-07-21T23:13:20.0,27800.0,-24.74873927461019,-14.731946704250415,31.971584144949215,32.351583607991536,43.54999923706055,3.6010000705718994,3.625999927520752,3.63100004196167,3.6610000133514404,3.6619999408721924,3.6559998989105225,3.6600000858306885,3.6600000858306885,3.6670000553131104,3.6640000343322754,3.6610000133514404,3.6610000133514404
2025-07-21T23:13:30.0,27810.0,-23.59052639258754,-14.800010372056404,31.978082019466328,32.35808272185149,43.635101585313336,3.5999999046325684,3.625,3.63100004196167,3.6610000133514404,3.6619999408721924,3.6559998989105225,3.6600000858306885,3.6600000858306885,3.6670000553131104,3.6640000343322754,3.6610000133514404,3.6610000133514404
2025-07-21T23:13:40.0,27820.0,-22.190000534057617,-14.862831650808626,31.975457556837615,32.36908458114899,43.7599983215332,3.6010000705718994,3.627000093460083,3.632999897003174,3.6630001068115234,3.6640000343322754,3.6579999923706055,3.6619999408721924,3.6619999408721924,3.6689999103546143,3.6659998893737793,3.6630001068115234,3.6630001068115234
2025-07-21T23:13:50.0,27830.0,-19.709999084472656,-14.919820406926446,31.969999313354492,32.380001068115234,43.72999954223633,3.6019999980926514,3.628000020980835,3.634000062942505,3.6649999618530273,3.6659998893737793,3.6600000858306885,3.6640000343322754,3.6640000343322754,3.6710000038146973,3.6679999828338623,3.6649999618530273,3.6649999618530273
2025-07-21T23:14:00.0,27840.0,-8.239999771118164,-14.962488663985308,31.969999313354492,32.380001068115234,43.964375877380306,3.609999895095825,3.63700008392334,3.6429998874664307,3.6740000247955322,3.6740000247955322,3.6689999103546143,3.6740000247955322,3.671999931335449,3.680000066757202,3.6689999103546143,3.6659998893737793,3.6659998893737793
2025-07-21T23:14:10.0,27850.0,-7.558421185142848,-14.984996024708591,31.969999313354492,32.380001068115234,43.89521003522372,3.61299991607666,3.640000104904175,3.6449999809265137,3.6760001182556152,3.6760001182556152,3.6710000038146973,3.6760001182556152,3.6740000247955322,3.681999921798706,3.678999900817871,3.6760001182556152,3.6760001182556152
2025-07-21T23:14:20.0,27860.0,-7.670000076293945,-15.006701497575285,31.969999313354492,32.380001068115234,43.900001525878906,3.614000082015991,3.6410000324249268,3.6470000743865967,3.677000045776367,3.677999973297119,3.671999931335449,3.677000045776367,3.6760001182556152,3.683000087738037,3.680999994277954,3.677999973297119,3.677999973297119
2025-07-21T23:14:30.0,27870.0,-6.840000152587891,-15.026762525679644,31.969999313354492,32.380001068115234,43.970001220703125,3.615999937057495,3.6429998874664307,3.6489999294281006,3.678999900817871,3.680000066757202,3.674999952316284,3.680000066757202,3.677999973297119,3.684999942779541,3.681999921798706,3.678999900817871,3.680000066757202
2025-07-21T23:14:40.0,27880.0,-6.527076965731719,-15.045451925782604,31.969999313354492,32.380001068115234,43.94133199055988,3.615999937057495,3.6440000534057617,3.6500000953674316,3.680000066757202,3.680000066757202,3.674999952316284,3.680000066757202,3.677999973297119,3.684999942779541,3.683000087738037,3.680000066757202,3.680000066757202
2025-07-21T23:14:50.0,27890.0,-5.260000228881836,-15.061975787161698,31.969999313354492,32.380001068115234,44.04999923706055,3.61899995803833,3.6470000743865967,3.6530001163482666,3.681999921798706,3.681999921798706,3.677000045776367,3.683000087738037,3.680999994277954,3.687999963760376,3.684999942779541,3.681999921798706,3.683000087738037
2025-07-21T23:15:00.0,27900.0,-27.299999237060547,-15.085174509346722,31.950807038856674,32.41838561711087,43.709999084472656,3.6040000915527344,3.632999897003174,3.6389999389648438,3.6700000762939453,3.6700000762939453,3.6649999618530273,3.6689999103546143,3.6679999828338623,3.6760001182556152,3.6730000972747803,3.6700000762939453,3.6700000762939453
2025-07-21T23:15:10.0,27910.0,-27.84000015258789,-15.161622535611759,31.937100786264043,32.4428989275729,43.689998626708984,3.6010000705718994,3.630000114440918,3.635999917984009,3.6679999828338623,3.6679999828338623,3.6630001068115234,3.6659998893737793,3.6659998893737793,3.6730000972747803,3.6710000038146973,3.6670000553131104,3.6679999828338623
2025-07-21T23:15:20.0,27920.0,-25.68596845819064,-15.236904979484848,31.930599109596834,32.449401844308134,43.689998626708984,3.5969998836517334,3.628000020980835,3.634000062942505,3.6670000553131104,3.6670000553131104,3.6619999408721924,3.6659998893737793,3.6649999618530273,3.671999931335449,3.6700000762939453,3.6670000553131104,3.6670000553131104
2025-07-21T23:15:30.0,27930.0,-25.309999465942383,-15.307345255779133,31.924135183856777,32.45586476560095,43.69284503212202,3.5969998836517334,3.628000020980835,3.634000062942505,3.6670000553131104,3.6670000553131104,3.6619999408721924,3.6659998893737793,3.6649999618530273,3.671999931335449,3.6700000762939453,3.6670000553131104,3.6670000553131104
2025-07-21T23:15:40.0,27940.0,-20.799999237060547,-15.371092998805018,31.920000076293945,32.46231702962999,43.68000030517578,3.5959999561309814,3.628000020980835,3.634999990463257,3.6679999828338623,3.6679999828338623,3.6630001068115234,3.6670000553131104,3.6659998893737793,3.6740000247955322,3.6710000038146973,3.6679999828338623,3.6679999828338623
2025-07-21T23:15:50.0,27950.0,-18.989999771118164,-15.42620789274319,31.920000076293945,32.46875755521304,43.75,3.5959999561309814,3.628999948501587,3.635999917984009,3.6689999103546143,3.6689999103546143,3.6640000343322754,3.6670000553131104,3.6659998893737793,3.6740000247955322,3.6710000038146973,3.6679999828338623,3.6679999828338623
2025-07-21T23:16:00.0,27960.0,-20.27921045453909,-15.47757747687443,31.914804207211684,32.47519609877469,43.723757169121185,3.5940001010894775,3.627000093460083,3.634999990463257,3.6689999103546143,3.6689999103546143,3.6640000343322754,3.6679999828338623,3.6670000553131104,3.6740000247955322,3.671999931335449,3.6689999103546143,3.6689999103546143
2025-07-21T23:16:10.0,27970.0,-20.05294048084926,-15.533724143978727,31.908348964373683,32.47999954223633,43.70000076293945,3.5920000076293945,3.625999927520752,3.632999897003174,3.6679999828338623,3.6679999828338623,3.6630001068115234,3.6679999828338623,3.6670000553131104,3.6740000247955322,3.671999931335449,3.6679999828338623,3.6689999103546143
2025-07-21T23:16:20.0,27980.0,-20.149999618530273,-15.589478950629736,31.90184686497067,32.47999954223633,43.70000076293945,3.5899999141693115,3.625,3.632999897003174,3.6679999828338623,3.6679999828338623,3.6630001068115234,3.6670000553131104,3.6659998893737793,3.6740000247955322,3.6710000038146973,3.6679999828338623,3.6679999828338623
2025-07-21T23:16:30.0,27990.0,-20.1200008392334,-15.645433172524744,31.899999618530273,32.48462520717651,43.70000076293945,3.5880000591278076,3.622999906539917,3.631999969482422,3.6670000553131104,3.6679999828338623,3.6630001068115234,3.6670000553131104,3.6659998893737793,3.6730000972747803,3.6710000038146973,3.6679999828338623,3.6679999828338623
2025-07-21T23:16:40.0,28000.0,-17.44235312838489,-15.698615284508572,31.89892123803621,32.4900016784668,43.758746430853854,3.5880000591278076,3.624000072479248,3.632999897003174,3.6670000553131104,3.6679999828338623,3.6630001068115234,3.6670000553131104,3.6659998893737793,3.6730000972747803,3.6710000038146973,3.6679999828338623,3.6679999828338623
2025-07-21T23:16:50.0,28010.0,-15.847434106626109,-15.74435233883802,31.89249848345571,32.4900016784668,43.75,3.5880000591278076,3.625,3.632999897003174,3.6700000762939453,3.6700000762939453,3.6649999618530273,3.6700000762939453,3.6689999103546143,3.6760001182556152,3.6740000247955322,3.6710000038146973,3.6710000038146973
2025-07-21T23:17:00.0,28020.0,-21.399999618530273,-15.791506477731568,31.886024672781872,32.49397563723364,43.650001525878906,3.5829999446868896,3.619999885559082,3.630000114440918,3.6670000553131104,3.6670000553131104,3.6619999408721924,3.6659998893737793,3.6659998893737793,3.6730000972747803,3.6710000038146973,3.6670000553131104,3.6679999828338623
2025-07-21T23:17:10.0,28030.0,-21.270000457763672,-15.850457200161056,31.8799991607666,32.5,43.66999816894531,3.5810000896453857,3.61899995803833,3.628999948501587,3.6659998893737793,3.6659998893737793,3.6619999408721924,3.6659998893737793,3.6649999618530273,3.671999931335449,3.6700000762939453,3.6670000553131104,3.6670000553131104
2025-07-21T23:17:20.0,28040.0,62.4900016784668,-15.715556325237982,31.8799991607666,32.5,44.849998474121094,3.6510000228881836,3.687999963760376,3.694999933242798,3.7300000190734863,3.7290000915527344,3.7260000705718994,3.7360000610351562,3.7269999980926514,3.734999895095825,3.734999895095825,3.7339999675750732,3.7330000400543213
2025-07-21T23:17:30.0,28050.0,62.060001373291016,-15.54288251861304,31.883422239305922,32.503422425653845,45.0099983215332,3.6679999828338623,3.7039999961853027,3.7100000381469727,3.7339999675750732,3.7339999675750732,3.7309999465942383,3.740000009536743,3.7320001125335693,3.739000082015991,3.739000082015991,3.73799991607666,3.736999988555908
2025-07-21T23:17:40.0,28060.0,63.27000045776367,-15.36918279775351,31.889857807155742,32.50985676604461,45.20000076293945,3.678999900817871,3.7139999866485596,3.7200000286102295,3.749000072479248,3.749000072479248,3.746000051498413,3.755000114440918,3.746999979019165,3.753999948501587,3.753999948501587,3.753000020980835,3.753000020980835
2025-07-21T23:17:50.0,28070.0,61.65999984741211,-15.194940825932255,31.896349771991424,32.51634991508778,45.22999954223633,3.694999933242798,3.7279999256134033,3.7330000400543213,3.757999897003174,3.759000062942505,3.75600004196167,3.765000104904175,3.75600004196167,3.7639999389648438,3.76200008392334,3.760999917984009,3.759999990463257
2025-07-21T23:18:00.0,28080.0,22.760000228881836,-15.0466368661758,31.899999618530273,32.52000045776367,44.91999816894531,3.677999973297119,3.7090001106262207,3.7149999141693115,3.739000082015991,3.740000009536743,3.736999988555908,3.743000030517578,3.73799991607666,3.744999885559082,3.743000030517578,3.740999937057495,3.740999937057495
2025-07-21T23:18:10.0,28090.0,22.946195175792443,-14.982523920428426,31.899999618530273,32.52000045776367,45.082575323067466,3.677999973297119,3.7090001106262207,3.7149999141693115,3.73799991607666,3.739000082015991,3.7360000610351562,3.742000102996826,3.736999988555908,3.74399995803833,3.742000102996826,3.740999937057495,3.740000009536743
2025-07-21T23:18:20.0,28100.0,22.15999984741211,-14.919575074114206,31.899999618530273,32.52000045776367,44.9900016784668,3.680000066757202,3.7100000381469727,3.7160000801086426,3.739000082015991,3.740000009536743,3.7360000610351562,3.742000102996826,3.73799991607666,3.74399995803833,3.743000030517578,3.740999937057495,3.740999937057495
2025-07-21T23:18:30.0,28110.0,22.260000228881836,-14.85790420123359,31.899999618530273,32.52000045776367,44.83000183105469,3.683000087738037,3.7119998931884766,3.7179999351501465,3.740000009536743,3.740999937057495,3.73799991607666,3.74399995803833,3.73799991607666,3.744999885559082,3.74399995803833,3.742000102996826,3.742000102996826
2025-07-21T23:18:40.0,28120.0,22.030000686645508,-14.796022701381514,31.899999618530273,32.52000045776367,44.97999954223633,3.684000015258789,3.7130000591278076,3.7190001010894775,3.740000009536743,3.740999937057495,3.73799991607666,3.74399995803833,3.739000082015991,3.746000051498413,3.744999885559082,3.743000030517578,3.742000102996826
2025-07-21T23:18:50.0,28130.0,22.11398881230417,-14.734578970577388,31.899999618530273,32.52000045776367,44.849998474121094,3.687999963760376,3.7160000801086426,3.7209999561309814,3.740999937057495,3.743000030517578,3.739000082015991,3.744999885559082,3.740000009536743,3.746999979019165,3.746000051498413,3.74399995803833,3.74399995803833
2025-07-21T23:19:00.0,28140.0,35.27000045776367,-14.66520339526011,31.899999618530273,32.52000045776367,45.15999984741211,3.703000068664551,3.7300000190734863,3.734999895095825,3.753999948501587,3.755000114440918,3.752000093460083,3.759000062942505,3.752000093460083,3.759000062942505,3.757999897003174,3.756999969482422,3.75600004196167
2025-07-21T23:19:10.0,28150.0,40.06999969482422,-14.55658849807044,31.899999618530273,32.52000045776367,45.04999923706055,3.7090001106262207,3.734999895095825,3.739000082015991,3.756999969482422,3.757999897003174,3.755000114440918,3.76200008392334,3.755000114440918,3.76200008392334,3.760999917984009,3.759999990463257,3.759000062942505
2025-07-21T23:19:20.0,28160.0,39.220001220703125,-14.448179247557785,31.899999618530273,32.52000045776367,45.2599983215332,3.7139999866485596,3.73799991607666,3.740999937057495,3.759000062942505,3.759999990463257,3.756999969482422,3.7639999389648438,3.756999969482422,3.7639999389648438,3.7639999389648438,3.763000011444092,3.760999917984009
2025-07-21T23:19:30.0,28170.0,39.319504528443936,-14.339072633762823,31.899999618530273,32.52000045776367,45.310001373291016,3.7200000286102295,3.742000102996826,3.744999885559082,3.760999917984009,3.763000011444092,3.759999990463257,3.7660000324249268,3.759000062942505,3.7660000324249268,3.765000104904175,3.7639999389648438,3.763000011444092
2025-07-21T23:19:40.0,28180.0,38.773336414265145,-14.229949853927229,31.899999618530273,32.52000045776367,45.26162550184459,3.7239999771118164,3.74399995803833,3.746999979019165,3.763000011444092,3.7639999389648438,3.76200008392334,3.7679998874664307,3.76200008392334,3.7679998874664307,3.7679998874664307,3.7669999599456787,3.7660000324249268
2025-07-21T23:19:50.0,28190.0,38.02000045776367,-14.123685188482536,31.899999618530273,32.52000045776367,45.279998779296875,3.7279999256134033,3.746999979019165,3.75,3.765000104904175,3.7660000324249268,3.7639999389648438,3.7709999084472656,3.7639999389648438,3.7699999809265137,3.7690000534057617,3.7690000534057617,3.7679998874664307
2025-07-21T23:20:00.0,28200.0,0.10999999940395355,-14.028680076294892,31.903543288787404,32.523544240672045,44.790000915527344,3.7309999465942383,3.749000072479248,3.750999927520752,3.7660000324249268,3.7679998874664307,3.765000104904175,3.7720000743865967,3.765000104904175,3.7720000743865967,3.7709999084472656,3.7699999809265137,3.7690000534057617
2025-07-21T23:20:10.0,28210.0,-0.0,-14.028561215184423,31.942103356873773,32.56210553456088,44.77000045776367,3.7009999752044678,3.7190001010894775,3.7219998836517334,3.740000009536743,3.740000009536743,3.73799991607666,3.740999937057495,3.73799991607666,3.74399995803833,3.743000030517578,3.742000102996826,3.740999937057495
2025-07-21T23:20:20.0,28220.0,-0.0,-14.028561215184423,31.953080283202535,32.58000183105469,44.727737510627044,3.700000047683716,3.7179999351501465,3.7209999561309814,3.73799991607666,3.739000082015991,3.7360000610351562,3.740000009536743,3.736999988555908,3.743000030517578,3.742000102996826,3.740000009536743,3.740000009536743
2025-07-21T23:20:30.0,28230.0,-0.0,-14.028561215184423,31.940169663179915,32.58000183105469,44.709999084472656,3.697999954223633,3.7160000801086426,3.7190001010894775,3.7360000610351562,3.736999988555908,3.7339999675750732,3.73799991607666,3.734999895095825,3.740999937057495,3.740000009536743,3.73799991607666,3.73799991607666
2025-07-21T23:20:40.0,28240.0,-0.0,-14.028561215184423,31.927233100831895,32.58000183105469,44.70000076293945,3.697000026702881,3.7149999141693115,3.7179999351501465,3.734999895095825,3.7360000610351562,3.7330000400543213,3.736999988555908,3.7339999675750732,3.740000009536743,3.739000082015991,3.736999988555908,3.736999988555908
2025-07-21T23:20:50.0,28250.0,-0.0,-14.028561215184423,31.911466332589427,32.577156707271456,44.68000030517578,3.694999933242798,3.7139999866485596,3.7170000076293945,3.7339999675750732,3.7339999675750732,3.7320001125335693,3.7360000610351562,3.7330000400543213,3.739000082015991,3.73799991607666,3.7360000610351562,3.734999895095825
2025-07-21T23:21:00.0,28260.0,-0.0,-14.028561215184423,31.892111050882647,32.57070371615502,44.68000030517578,3.694000005722046,3.7119998931884766,3.7160000801086426,3.7330000400543213,3.7330000400543213,3.7309999465942383,3.734999895095825,3.7320001125335693,3.73799991607666,3.736999988555908,3.734999895095825,3.734999895095825
2025-07-21T23:21:10.0,28270.0,-0.0,-14.028561215184423,31.878504738961496,32.56999969482422,44.66999816894531,3.694000005722046,3.7119998931884766,3.7149999141693115,3.7320001125335693,3.7330000400543213,3.7300000190734863,3.734999895095825,3.7309999465942383,3.736999988555908,3.7360000610351562,3.734999895095825,3.7339999675750732
2025-07-21T23:21:20.0,28280.0,-0.0,-14.028561215184423,31.859017277065032,32.567803401370604,44.65999984741211,3.693000078201294,3.7109999656677246,3.7139999866485596,3.7320001125335693,3.7320001125335693,3.7300000190734863,3.7339999675750732,3.7309999465942383,3.7360000610351562,3.734999895095825,3.7339999675750732,3.7330000400543213
2025-07-21T23:21:30.0,28290.0,-0.0,-14.028561215184423,31.82679796885627,32.56136076876979,44.650001525878906,3.691999912261963,3.7109999656677246,3.7139999866485596,3.7309999465942383,3.7309999465942383,3.7290000915527344,3.7330000400543213,3.7300000190734863,3.7360000610351562,3.734999895095825,3.7330000400543213,3.7330000400543213
2025-07-21T23:21:40.0,28300.0,-0.0,-14.028561215184423,31.804690829378753,32.55489712034112,44.63999938964844,3.691999912261963,3.7100000381469727,3.7139999866485596,3.7309999465942383,3.7309999465942383,3.7290000915527344,3.7330000400543213,3.7300000190734863,3.734999895095825,3.734999895095825,3.7330000400543213,3.7320001125335693
2025-07-21T23:21:50.0,28310.0,-0.0,-14.028561215184423,31.78843580238598,32.54999923706055,44.63999938964844,3.691999912261963,3.7100000381469727,3.7130000591278076,3.7309999465942383,3.7309999465942383,3.7279999256134033,3.7320001125335693,3.7300000190734863,3.734999895095825,3.7339999675750732,3.7330000400543213,3.7320001125335693
2025-07-21T23:22:00.0,28320.0,-0.0,-14.028561215184423,31.781992355941497,32.54999923706055,44.630001068115234,3.691999912261963,3.7100000381469727,3.7130000591278076,3.7300000190734863,3.7309999465942383,3.7279999256134033,3.7320001125335693,3.7290000915527344,3.734999895095825,3.7339999675750732,3.7320001125335693,3.7320001125335693
2025-07-21T23:22:10.0,28330.0,-0.0,-14.028561215184423,31.762182097001514,32.54554543928666,44.630001068115234,3.691999912261963,3.7100000381469727,3.7130000591278076,3.7300000190734863,3.7309999465942383,3.7279999256134033,3.7320001125335693,3.7290000915527344,3.734999895095825,3.7339999675750732,3.7320001125335693,3.7320001125335693
2025-07-21T23:22:20.0,28340.0,-0.0,-14.028561215184423,31.738192236207873,32.540000915527344,44.630001068115234,3.690999984741211,3.7090001106262207,3.7130000591278076,3.7300000190734863,3.7300000190734863,3.7279999256134033,3.7320001125335693,3.7290000915527344,3.7339999675750732,3.7339999675750732,3.7320001125335693,3.7309999465942383
2025-07-21T23:22:30.0,28350.0,-0.0,-14.028561215184423,31.725272043854076,32.540000915527344,44.619998931884766,3.690999984741211,3.7090001106262207,3.7119998931884766,3.7300000190734863,3.7300000190734863,3.7279999256134033,3.7320001125335693,3.7290000915527344,3.7339999675750732,3.7330000400543213,3.7320001125335693,3.7309999465942383
2025-07-21T23:22:40.0,28360.0,-0.0,-14.028561215184423,31.708514010983333,32.53617150774286,44.619998931884766,3.690999984741211,3.7090001106262207,3.7119998931884766,3.7300000190734863,3.7300000190734863,3.7279999256134033,3.7309999465942383,3.7279999256134033,3.7339999675750732,3.7330000400543213,3.7309999465942383,3.7309999465942383
2025-07-21T23:22:50.0,28370.0,-0.0,-14.028561215184423,31.6894093684891,32.529998779296875,44.619998931884766,3.690999984741211,3.7090001106262207,3.7119998931884766,3.7300000190734863,3.7300000190734863,3.7269999980926514,3.7309999465942383,3.7279999256134033,3.7339999675750732,3.7330000400543213,3.7309999465942383,3.7309999465942383
2025-07-21T23:23:00.0,28380.0,-0.0,-14.028561215184423,31.676529944338366,32.529998779296875,44.61000061035156,3.690999984741211,3.7090001106262207,3.7119998931884766,3.7300000190734863,3.7300000190734863,3.7269999980926514,3.7309999465942383,3.7279999256134033,3.7339999675750732,3.7330000400543213,3.7309999465942383,3.7309999465942383
2025-07-21T23:23:10.0,28390.0,-0.0,-14.028561215184423,31.66045237858803,32.526816820407284,44.61071680217771,3.690999984741211,3.7090001106262207,3.7119998931884766,3.7300000190734863,3.7290000915527344,3.7269999980926514,3.7309999465942383,3.7279999256134033,3.7339999675750732,3.7330000400543213,3.7309999465942383,3.7309999465942383
2025-07-21T23:23:20.0,28400.0,-0.0,-14.028561215184423,31.641085851801183,32.52036254274076,44.61000061035156,3.690999984741211,3.7090001106262207,3.7119998931884766,3.7290000915527344,3.7290000915527344,3.7269999980926514,3.7309999465942383,3.7279999256134033,3.7339999675750732,3.7330000400543213,3.7309999465942383,3.7309999465942383
2025-07-21T23:23:30.0,28410.0,-0.0,-14.028561215184423,31.62784444326289,32.513921245665834,44.61000061035156,3.690999984741211,3.7090001106262207,3.7119998931884766,3.7290000915527344,3.7290000915527344,3.7269999980926514,3.7309999465942383,3.7279999256134033,3.7339999675750732,3.7330000400543213,3.7309999465942383,3.7309999465942383
2025-07-21T23:23:40.0,28420.0,-0.0,-14.028561215184423,31.61747558763785,32.5099983215332,44.61000061035156,3.690999984741211,3.7090001106262207,3.7119998931884766,3.7290000915527344,3.7290000915527344,3.7269999980926514,3.7309999465942383,3.7279999256134033,3.7339999675750732,3.7330000400543213,3.7309999465942383,3.7309999465942383
2025-07-21T23:23:50.0,28430.0,-0.0,-14.028561215184423,31.611015491460954,32.5099983215332,44.61000061035156,3.690999984741211,3.7090001106262207,3.7119998931884766,3.7290000915527344,3.7290000915527344,3.7269999980926514,3.7309999465942383,3.7279999256134033,3.7339999675750732,3.7330000400543213,3.7309999465942383,3.7309999465942383
2025-07-21T23:24:00.0,28440.0,-0.0,-14.028561215184425,31.5937070673274,32.50456817641701,44.61000061035156,3.690999984741211,3.7090001106262207,3.7119998931884766,3.7290000915527344,3.7290000915527344,3.7269999980926514,3.7309999465942383,3.7279999256134033,3.7339999675750732,3.7330000400543213,3.7309999465942383,3.7309999465942383
2025-07-21T23:24:10.0,28450.0,-0.0,-14.028561215184425,31.576246047221474,32.498123419747074,44.61000061035156,3.690999984741211,3.7090001106262207,3.7119998931884766,3.7290000915527344,3.7290000915527344,3.7269999980926514,3.7309999465942383,3.7279999256134033,3.7339999675750732,3.7330000400543213,3.7309999465942383,3.7309999465942383
2025-07-21T23:24:20.0,28460.0,-0.0,-14.028561215184425,31.563341693544675,32.49167247353557,44.60573728845474,3.690999984741211,3.7090001106262207,3.7119998931884766,3.7290000915527344,3.7290000915527344,3.7269999980926514,3.7309999465942383,3.7279999256134033,3.7339999675750732,3.7330000400543213,3.7309999465942383,3.7309999465942383
2025-07-21T23:24:30.0,28470.0,-0.0,-14.028561215184425,31.550512924839033,32.48525705075617,44.599998474121094,3.690999984741211,3.7090001106262207,3.7119998931884766,3.7290000915527344,3.7290000915527344,3.7269999980926514,3.7309999465942383,3.7279999256134033,3.7339999675750732,3.7330000400543213,3.7309999465942383,3.7309999465942383
2025-07-21T23:24:40.0,28480.0,-0.0,-14.028561215184425,31.53884959243901,32.47999954223633,44.599998474121094,3.690999984741211,3.7090001106262207,3.7119998931884766,3.7300000190734863,3.7290000915527344,3.7269999980926514,3.7309999465942383,3.7279999256134033,3.7339999675750732,3.7330000400543213,3.7309999465942383,3.7309999465942383
2025-07-21T23:24:50.0,28490.0,-0.0,-14.028561215184425,31.53241402458919,32.47999954223633,44.599998474121094,3.690999984741211,3.7090001106262207,3.7119998931884766,3.7300000190734863,3.7290000915527344,3.7269999980926514,3.7309999465942383,3.7279999256134033,3.7339999675750732,3.7330000400543213,3.7309999465942383,3.7309999465942383
2025-07-21T23:25:00.0,28500.0,-0.0,-14.028561215184425,31.52193598593435,32.47596796097294,44.599998474121094,3.690999984741211,3.7090001106262207,3.7119998931884766,3.7300000190734863,3.7290000915527344,3.7269999980926514,3.7309999465942383,3.7279999256134033,3.7339999675750732,3.7330000400543213,3.7309999465942383,3.7309999465942383
2025-07-21T23:25:10.0,28510.0,-0.0,-14.028561215184425,31.509031902542493,32.469516965188774,44.599998474121094,3.691999912261963,3.7090001106262207,3.7119998931884766,3.7300000190734863,3.7290000915527344,3.7269999980926514,3.7309999465942383,3.7279999256134033,3.7339999675750732,3.7330000400543213,3.7309999465942383,3.7309999465942383
2025-07-21T23:25:20.0,28520.0,-0.0,-14.028561215184425,31.496120884684597,32.46306022499739,44.599998474121094,3.691999912261963,3.7090001106262207,3.7119998931884766,3.7300000190734863,3.7290000915527344,3.7269999980926514,3.7309999465942383,3.7279999256134033,3.7339999675750732,3.7330000400543213,3.7309999465942383,3.7309999465942383
2025-07-21T23:25:30.0,28530.0,-0.0,-14.028561215184425,31.48659580971431,32.456595772308056,44.599998474121094,3.691999912261963,3.7090001106262207,3.7119998931884766,3.7300000190734863,3.7290000915527344,3.7279999256134033,3.7309999465942383,3.7290000915527344,3.7339999675750732,3.7330000400543213,3.7309999465942383,3.7309999465942383
2025-07-21T23:25:40.0,28540.0,-0.0,-14.028561215184425,31.48012316966134,32.45012436678494,44.599998474121094,3.691999912261963,3.7090001106262207,3.7119998931884766,3.7300000190734863,3.7300000190734863,3.7279999256134033,3.7320001125335693,3.7290000915527344,3.7339999675750732,3.7330000400543213,3.7309999465942383,3.7309999465942383
2025-07-21T23:25:50.0,28550.0,-0.0,-14.028561215184425,31.467342478352208,32.44367102395334,44.599998474121094,3.691999912261963,3.7090001106262207,3.7119998931884766,3.7300000190734863,3.7300000190734863,3.7279999256134033,3.7309999465942383,3.7290000915527344,3.7339999675750732,3.7330000400543213,3.7309999465942383,3.7309999465942383
2025-07-21T23:26:00.0,28560.0,-0.0,-14.028561215184425,31.457221164072465,32.439998626708984,44.599998474121094,3.691999912261963,3.7090001106262207,3.7119998931884766,3.7300000190734863,3.7300000190734863,3.7279999256134033,3.7320001125335693,3.7290000915527344,3.7339999675750732,3.7330000400543213,3.7320001125335693,3.7309999465942383
2025-07-21T23:26:10.0,28570.0,-0.0,-14.02856907629536,31.450774377346562,32.439998626708984,44.599998474121094,3.691999912261963,3.7090001106262207,3.7119998931884766,3.7300000190734863,3.7300000190734863,3.7279999256134033,3.7320001125335693,3.7290000915527344,3.7339999675750732,3.7330000400543213,3.7320001125335693,3.7309999465942383
2025-07-21T23:26:20.0,28580.0,0.00830985896918073,-14.02856907629536,31.444323579908673,32.428644260647424,44.599998474121094,3.691999912261963,3.7100000381469727,3.7119998931884766,3.7300000190734863,3.7300000190734863,3.7279999256134033,3.7320001125335693,3.7290000915527344,3.7339999675750732,3.7330000400543213,3.7320001125335693,3.7309999465942383
2025-07-21T23:26:30.0,28590.0,-0.0,-14.028565159628782,31.437865210104142,32.41999816894531,44.599998474121094,3.691999912261963,3.7100000381469727,3.7119998931884766,3.7300000190734863,3.7300000190734863,3.7279999256134033,3.7320001125335693,3.7290000915527344,3.7339999675750732,3.7330000400543213,3.7320001125335693,3.7309999465942383
2025-07-21T23:26:40.0,28600.0,-0.0,-14.028565159628782,31.431392570051177,32.41999816894531,44.599998474121094,3.691999912261963,3.7100000381469727,3.7130000591278076,3.7300000190734863,3.7300000190734863,3.7279999256134033,3.7320001125335693,3.7290000915527344,3.7339999675750732,3.7330000400543213,3.7320001125335693,3.7309999465942383
2025-07-21T23:26:50.0,28610.0,-0.0016312056372956494,-14.028565159628782,31.419872331434682,32.4149351479315,44.599998474121094,3.691999912261963,3.7100000381469727,3.7130000591278076,3.7300000190734863,3.7300000190734863,3.7279999256134033,3.7320001125335693,3.7290000915527344,3.7339999675750732,3.7339999675750732,3.7320001125335693,3.7309999465942383
2025-07-21T23:27:00.0,28620.0,-0.0,-14.028576937406296,31.40848520832233,32.408485497210194,44.599998474121094,3.691999912261963,3.7100000381469727,3.7130000591278076,3.7300000190734863,3.7300000190734863,3.7279999256134033,3.7320001125335693,3.7290000915527344,3.7339999675750732,3.7339999675750732,3.7320001125335693,3.7309999465942383
2025-07-21T23:27:10.0,28630.0,-0.0,-14.028576937406296,31.402037191763014,32.40203871048429,44.59830372316619,3.693000078201294,3.7100000381469727,3.7130000591278076,3.7300000190734863,3.7300000190734863,3.7279999256134033,3.7320001125335693,3.7290000915527344,3.7339999675750732,3.7339999675750732,3.7320001125335693,3.7309999465942383
2025-07-21T23:27:20.0,28640.0,-0.0,-14.028576937406296,31.39117986924889,32.400001525878906,44.599998474121094,3.693000078201294,3.7100000381469727,3.7130000591278076,3.7300000190734863,3.7300000190734863,3.7279999256134033,3.7320001125335693,3.7290000915527344,3.7339999675750732,3.7339999675750732,3.7320001125335693,3.7309999465942383
2025-07-21T23:27:30.0,28650.0,-0.0,-14.028576937406296,31.379139667279045,32.39914170446556,44.599998474121094,3.693000078201294,3.7100000381469727,3.7130000591278076,3.7300000190734863,3.7300000190734863,3.7279999256134033,3.7320001125335693,3.7290000915527344,3.7339999675750732,3.7339999675750732,3.7320001125335693,3.7320001125335693
2025-07-21T23:27:40.0,28660.0,-0.0,-14.028576937406296,31.372672447658605,32.392672017382466,44.599998474121094,3.693000078201294,3.7100000381469727,3.7130000591278076,3.7300000190734863,3.7300000190734863,3.7279999256134033,3.7320001125335693,3.7290000915527344,3.7339999675750732,3.7339999675750732,3.7320001125335693,3.7320001125335693
2025-07-21T23:27:50.0,28670.0,-0.0,-14.028576937406296,31.366214300955495,32.386213573578864,44.599998474121094,3.693000078201294,3.7100000381469727,3.7130000591278076,3.7300000190734863,3.7300000190734863,3.7279999256134033,3.7320001125335693,3.7290000915527344,3.7339999675750732,3.7339999675750732,3.7320001125335693,3.7320001125335693
2025-07-21T23:28:00.0,28680.0,0.001259259231124599,-14.028561856851077,31.359524470421576,32.379762952743036,44.599998474121094,3.693000078201294,3.7100000381469727,3.7130000591278076,3.7309999465942383,3.7300000190734863,3.7279999256134033,3.7320001125335693,3.7300000190734863,3.734999895095825,3.7339999675750732,3.7320001125335693,3.7320001125335693
2025-07-21T23:28:10.0,28690.0,-0.0,-14.028565329073222,31.346620949283725,32.37330996162661,44.61000061035156,3.693000078201294,3.7100000381469727,3.7130000591278076,3.7309999465942383,3.7300000190734863,3.7279999256134033,3.7320001125335693,3.7300000190734863,3.734999895095825,3.7339999675750732,3.7320001125335693,3.7320001125335693
2025-07-21T23:28:20.0,28700.0,-0.0,-14.028565329073222,31.34000015258789,32.369998931884766,44.599998474121094,3.693000078201294,3.7109999656677246,3.7130000591278076,3.7309999465942383,3.7300000190734863,3.7290000915527344,3.7320001125335693,3.7300000190734863,3.734999895095825,3.7339999675750732,3.7320001125335693,3.7320001125335693
2025-07-21T23:28:30.0,28710.0,-0.0,-14.028565329073222,31.34000015258789,32.369998931884766,44.599998474121094,3.693000078201294,3.7109999656677246,3.7130000591278076,3.7309999465942383,3.7300000190734863,3.7290000915527344,3.7320001125335693,3.7300000190734863,3.734999895095825,3.7339999675750732,3.7330000400543213,3.7320001125335693
2025-07-21T23:28:40.0,28720.0,-0.0,-14.028565329073222,31.33394122838358,32.36394116330209,44.599998474121094,3.694000005722046,3.7109999656677246,3.7139999866485596,3.7309999465942383,3.7300000190734863,3.7290000915527344,3.7320001125335693,3.7300000190734863,3.734999895095825,3.7339999675750732,3.7330000400543213,3.7320001125335693
2025-07-21T23:28:50.0,28730.0,-0.0,-14.028565329073222,31.324968516207473,32.35748442678084,44.599998474121094,3.694000005722046,3.7109999656677246,3.7139999866485596,3.7309999465942383,3.7300000190734863,3.7290000915527344,3.7320001125335693,3.7300000190734863,3.734999895095825,3.7339999675750732,3.7330000400543213,3.7320001125335693
2025-07-21T23:29:00.0,28740.0,-0.0,-14.028565329073222,31.312064162530675,32.35103101931554,44.599998474121094,3.694000005722046,3.7109999656677246,3.7139999866485596,3.7309999465942383,3.7300000190734863,3.7290000915527344,3.7330000400543213,3.7300000190734863,3.734999895095825,3.7339999675750732,3.7330000400543213,3.7320001125335693
2025-07-21T23:29:10.0,28750.0,-0.0,-14.028565329073222,31.304580336685728,32.34458037845766,44.599998474121094,3.694000005722046,3.7109999656677246,3.7139999866485596,3.7309999465942383,3.7309999465942383,3.7290000915527344,3.7330000400543213,3.7300000190734863,3.734999895095825,3.7339999675750732,3.7330000400543213,3.7320001125335693
2025-07-21T23:29:20.0,28760.0,-0.0,-14.028565329073222,31.298129228407337,32.338130143934684,44.599998474121094,3.694000005722046,3.7109999656677246,3.7139999866485596,3.7309999465942383,3.7309999465942383,3.7290000915527344,3.7330000400543213,3.7300000190734863,3.734999895095825,3.7339999675750732,3.7330000400543213,3.7320001125335693
2025-07-21T23:29:30.0,28770.0,-0.0,-14.028565329073222,31.291678698385915,32.33167961391326,44.599998474121094,3.694000005722046,3.7109999656677246,3.7139999866485596,3.7309999465942383,3.7309999465942383,3.7290000915527344,3.7330000400543213,3.7300000190734863,3.734999895095825,3.7339999675750732,3.7330000400543213,3.7320001125335693
2025-07-21T23:29:40.0,28780.0,-0.0,-14.028565329073222,31.285224176115033,32.33000183105469,44.599998474121094,3.694000005722046,3.7109999656677246,3.7139999866485596,3.7309999465942383,3.7309999465942383,3.7290000915527344,3.7330000400543213,3.7300000190734863,3.734999895095825,3.7339999675750732,3.7330000400543213,3.7320001125335693
2025-07-21T23:29:50.0,28790.0,0.009999999776482582,-14.028561495739975,31.277537404460293,32.32876995505056,44.599998474121094,3.694000005722046,3.7109999656677246,3.7139999866485596,3.7309999465942383,3.7309999465942383,3.7290000915527344,3.7330000400543213,3.7300000190734863,3.734999895095825,3.734999895095825,3.7330000400543213,3.7320001125335693
2025-07-21T23:30:00.0,28800.0,-0.0,-14.028557412406732,31.26463388332244,32.32231696393413,44.59000015258789,3.694000005722046,3.7109999656677246,3.7139999866485596,3.7309999465942383,3.7309999465942383,3.7290000915527344,3.7330000400543213,3.7300000190734863,3.734999895095825,3.734999895095825,3.7330000400543213,3.7320001125335693
